cas_mode_original,strike_mode_original,weight,cas_mode,strike_mode,cas_mode_2nd,strike_mode_2nd,cas_mode_3rd,strike_mode_3rd,cas_mode_4th,strike_mode_4th,cas_mode_5th,strike_mode_5th
Bus,NOV,4,bus,NOV,bus,NOV,bus,NOV,bus,NOV,bus,NOV
Bus,NOV,4,bus,NOV,bus,NOV,bus,NOV,bus,NOV,bus,NOV
Bus,NOV,4,bus,NOV,bus,NOV,bus,NOV,bus,NOV,bus,NOV
Bus,NOV,4,bus,NOV,bus,NOV,bus,NOV,bus,NOV,bus,NOV
Bus,NOV,4,bus,NOV,bus,NOV,bus,NOV,bus,NOV,bus,NOV
Bus,NOV,4,bus,NOV,bus,NOV,bus,NOV,bus,NOV,bus,NOV
Bus,NOV,4,bus,NOV,bus,NOV,bus,NOV,bus,NOV,bus,NOV
Bus,NOV,4,bus,NOV,bus,NOV,bus,NOV,bus,NOV,bus,NOV
Bus,NOV,4,bus,NOV,bus,NOV,bus,NOV,bus,NOV,bus,NOV
Bus,NOV,4,bus,NOV,bus,NOV,bus,NOV,bus,NOV,bus,NOV
Bus,NOV,4,bus,NOV,bus,NOV,bus,NOV,bus,NOV,bus,NOV
Bus,NOV,4,bus,NOV,bus,NOV,bus,NOV,bus,NOV,bus,NOV
Bus,Bus,4,bus,bus,bus,bus,bus,bus,bus,bus,bus,bus
Bus,Bus,4,bus,bus,bus,bus,bus,bus,bus,bus,bus,bus
Bus,Bus,4,bus,bus,bus,bus,bus,bus,bus,bus,bus,bus
Bus,Bus,4,bus,bus,bus,bus,bus,bus,bus,bus,bus,bus
Bus,Car,4,bus,car,bus,car,bus,car,bus,car,bus,car
Bus,Car,4,bus,car,bus,car,bus,car,bus,car,bus,car
Bus,Car,4,bus,car,bus,car,bus,car,bus,car,bus,car
Bus,Car,4,bus,car,bus,car,bus,car,bus,car,bus,car
Bus,Truck,4,bus,truck,bus,truck,bus,truck,bus,truck,bus,truck
Car,NOV,4,car,NOV,car,NOV,car,NOV,car,NOV,car,NOV
Car,NOV,4,car,NOV,car,NOV,car,NOV,car,NOV,car,NOV
Car,NOV,4,car,NOV,car,NOV,car,NOV,car,NOV,car,NOV
Car,NOV,4,car,NOV,car,NOV,car,NOV,car,NOV,car,NOV
Car,NOV,4,car,NOV,car,NOV,car,NOV,car,NOV,car,NOV
Car,NOV,4,car,NOV,car,NOV,car,NOV,car,NOV,car,NOV
Car,NOV,4,car,NOV,car,NOV,car,NOV,car,NOV,car,NOV
Car,NOV,4,car,NOV,car,NOV,car,NOV,car,NOV,car,NOV
Car,NOV,4,car,NOV,car,NOV,car,NOV,car,NOV,car,NOV
Car,NOV,4,car,NOV,car,NOV,car,NOV,car,NOV,car,NOV
Car,NOV,4,car,NOV,car,NOV,car,NOV,car,NOV,car,NOV
Car,NOV,4,car,NOV,car,NOV,car,NOV,car,NOV,car,NOV
Car,NOV,4,car,NOV,car,NOV,car,NOV,car,NOV,car,NOV
Car,NOV,4,car,NOV,car,NOV,car,NOV,car,NOV,car,NOV
Car,NOV,4,car,NOV,car,NOV,car,NOV,car,NOV,car,NOV
Car,NOV,4,car,NOV,car,NOV,car,NOV,car,NOV,car,NOV
Car,NOV,4,car,NOV,car,NOV,car,NOV,car,NOV,car,NOV
Car,NOV,4,car,NOV,car,NOV,car,NOV,car,NOV,car,NOV
Car,NOV,4,car,NOV,car,NOV,car,NOV,car,NOV,car,NOV
Car,NOV,4,car,NOV,car,NOV,car,NOV,car,NOV,car,NOV
Car,NOV,4,car,NOV,car,NOV,car,NOV,car,NOV,car,NOV
Car,NOV,4,car,NOV,car,NOV,car,NOV,car,NOV,car,NOV
Car,NOV,4,car,NOV,car,NOV,car,NOV,car,NOV,car,NOV
Car,NOV,4,car,NOV,car,NOV,car,NOV,car,NOV,car,NOV
Car,NOV,4,car,NOV,car,NOV,car,NOV,car,NOV,car,NOV
Car,NOV,4,car,NOV,car,NOV,car,NOV,car,NOV,car,NOV
Car,NOV,4,car,NOV,car,NOV,car,NOV,car,NOV,car,NOV
Car,NOV,4,car,NOV,car,NOV,car,NOV,car,NOV,car,NOV
Car,NOV,4,car,NOV,car,NOV,car,NOV,car,NOV,car,NOV
Car,NOV,4,car,NOV,car,NOV,car,NOV,car,NOV,car,NOV
Car,NOV,4,car,NOV,car,NOV,car,NOV,car,NOV,car,NOV
Car,NOV,4,car,NOV,car,NOV,car,NOV,car,NOV,car,NOV
Car,NOV,4,car,NOV,car,NOV,car,NOV,car,NOV,car,NOV
Car,NOV,4,car,NOV,car,NOV,car,NOV,car,NOV,car,NOV
Car,NOV,4,car,NOV,car,NOV,car,NOV,car,NOV,car,NOV
Car,NOV,4,car,NOV,car,NOV,car,NOV,car,NOV,car,NOV
Car,NOV,4,car,NOV,car,NOV,car,NOV,car,NOV,car,NOV
Car,NOV,4,car,NOV,car,NOV,car,NOV,car,NOV,car,NOV
Car,NOV,4,car,NOV,car,NOV,car,NOV,car,NOV,car,NOV
Car,NOV,4,car,NOV,car,NOV,car,NOV,car,NOV,car,NOV
Car,NOV,4,car,NOV,car,NOV,car,NOV,car,NOV,car,NOV
Car,NOV,4,car,NOV,car,NOV,car,NOV,car,NOV,car,NOV
Car,NOV,4,car,NOV,car,NOV,car,NOV,car,NOV,car,NOV
Car,NOV,4,car,NOV,car,NOV,car,NOV,car,NOV,car,NOV
Car,NOV,4,car,NOV,car,NOV,car,NOV,car,NOV,car,NOV
Car,NOV,4,car,NOV,car,NOV,car,NOV,car,NOV,car,NOV
Car,NOV,4,car,NOV,car,NOV,car,NOV,car,NOV,car,NOV
Car,NOV,4,car,NOV,car,NOV,car,NOV,car,NOV,car,NOV
Car,NOV,4,car,NOV,car,NOV,car,NOV,car,NOV,car,NOV
Car,NOV,4,car,NOV,car,NOV,car,NOV,car,NOV,car,NOV
Car,NOV,4,car,NOV,car,NOV,car,NOV,car,NOV,car,NOV
Car,NOV,4,car,NOV,car,NOV,car,NOV,car,NOV,car,NOV
Car,NOV,4,car,NOV,car,NOV,car,NOV,car,NOV,car,NOV
Car,NOV,4,car,NOV,car,NOV,car,NOV,car,NOV,car,NOV
Car,NOV,4,car,NOV,car,NOV,car,NOV,car,NOV,car,NOV
Car,NOV,4,car,NOV,car,NOV,car,NOV,car,NOV,car,NOV
Car,NOV,4,car,NOV,car,NOV,car,NOV,car,NOV,car,NOV
Car,NOV,4,car,NOV,car,NOV,car,NOV,car,NOV,car,NOV
Car,NOV,4,car,NOV,car,NOV,car,NOV,car,NOV,car,NOV
Car,NOV,4,car,NOV,car,NOV,car,NOV,car,NOV,car,NOV
Car,NOV,4,car,NOV,car,NOV,car,NOV,car,NOV,car,NOV
Car,NOV,4,car,NOV,car,NOV,car,NOV,car,NOV,car,NOV
Car,NOV,4,car,NOV,car,NOV,car,NOV,car,NOV,car,NOV
Car,NOV,4,car,NOV,car,NOV,car,NOV,car,NOV,car,NOV
Car,NOV,4,car,NOV,car,NOV,car,NOV,car,NOV,car,NOV
Car,NOV,4,car,NOV,car,NOV,car,NOV,car,NOV,car,NOV
Car,NOV,4,car,NOV,car,NOV,car,NOV,car,NOV,car,NOV
Car,NOV,4,car,NOV,car,NOV,car,NOV,car,NOV,car,NOV
Car,NOV,4,car,NOV,car,NOV,car,NOV,car,NOV,car,NOV
Car,NOV,4,car,NOV,car,NOV,car,NOV,car,NOV,car,NOV
Car,NOV,4,car,NOV,car,NOV,car,NOV,car,NOV,car,NOV
Car,NOV,4,car,NOV,car,NOV,car,NOV,car,NOV,car,NOV
Car,NOV,4,car,NOV,car,NOV,car,NOV,car,NOV,car,NOV
Car,NOV,4,car,NOV,car,NOV,car,NOV,car,NOV,car,NOV
Car,NOV,4,car,NOV,car,NOV,car,NOV,car,NOV,car,NOV
Car,NOV,4,car,NOV,car,NOV,car,NOV,car,NOV,car,NOV
Car,NOV,4,car,NOV,car,NOV,car,NOV,car,NOV,car,NOV
Car,NOV,4,car,NOV,car,NOV,car,NOV,car,NOV,car,NOV
Car,NOV,4,car,NOV,car,NOV,car,NOV,car,NOV,car,NOV
Car,NOV,4,car,NOV,car,NOV,car,NOV,car,NOV,car,NOV
Car,NOV,4,car,NOV,car,NOV,car,NOV,car,NOV,car,NOV
Car,NOV,4,car,NOV,car,NOV,car,NOV,car,NOV,car,NOV
Car,NOV,4,car,NOV,car,NOV,car,NOV,car,NOV,car,NOV
Car,NOV,4,car,NOV,car,NOV,car,NOV,car,NOV,car,NOV
Car,NOV,4,car,NOV,car,NOV,car,NOV,car,NOV,car,NOV
Car,NOV,4,car,NOV,car,NOV,car,NOV,car,NOV,car,NOV
Car,NOV,4,car,NOV,car,NOV,car,NOV,car,NOV,car,NOV
Car,NOV,4,car,NOV,car,NOV,car,NOV,car,NOV,car,NOV
Car,NOV,4,car,NOV,car,NOV,car,NOV,car,NOV,car,NOV
Car,NOV,4,car,NOV,car,NOV,car,NOV,car,NOV,car,NOV
Car,NOV,4,car,NOV,car,NOV,car,NOV,car,NOV,car,NOV
Car,NOV,4,car,NOV,car,NOV,car,NOV,car,NOV,car,NOV
Car,NOV,4,car,NOV,car,NOV,car,NOV,car,NOV,car,NOV
Car,NOV,4,car,NOV,car,NOV,car,NOV,car,NOV,car,NOV
Car,NOV,4,car,NOV,car,NOV,car,NOV,car,NOV,car,NOV
Car,NOV,4,car,NOV,car,NOV,car,NOV,car,NOV,car,NOV
Car,NOV,4,car,NOV,car,NOV,car,NOV,car,NOV,car,NOV
Car,NOV,4,car,NOV,car,NOV,car,NOV,car,NOV,car,NOV
Car,NOV,4,car,NOV,car,NOV,car,NOV,car,NOV,car,NOV
Car,NOV,4,car,NOV,car,NOV,car,NOV,car,NOV,car,NOV
Car,NOV,4,car,NOV,car,NOV,car,NOV,car,NOV,car,NOV
Car,NOV,4,car,NOV,car,NOV,car,NOV,car,NOV,car,NOV
Car,NOV,4,car,NOV,car,NOV,car,NOV,car,NOV,car,NOV
Car,NOV,4,car,NOV,car,NOV,car,NOV,car,NOV,car,NOV
Car,NOV,4,car,NOV,car,NOV,car,NOV,car,NOV,car,NOV
Car,NOV,4,car,NOV,car,NOV,car,NOV,car,NOV,car,NOV
Car,NOV,4,car,NOV,car,NOV,car,NOV,car,NOV,car,NOV
Car,NOV,4,car,NOV,car,NOV,car,NOV,car,NOV,car,NOV
Car,NOV,4,car,NOV,car,NOV,car,NOV,car,NOV,car,NOV
Car,NOV,4,car,NOV,car,NOV,car,NOV,car,NOV,car,NOV
Car,NOV,4,car,NOV,car,NOV,car,NOV,car,NOV,car,NOV
Car,NOV,4,car,NOV,car,NOV,car,NOV,car,NOV,car,NOV
Car,NOV,4,car,NOV,car,NOV,car,NOV,car,NOV,car,NOV
Car,NOV,4,car,NOV,car,NOV,car,NOV,car,NOV,car,NOV
Car,NOV,4,car,NOV,car,NOV,car,NOV,car,NOV,car,NOV
Car,NOV,4,car,NOV,car,NOV,car,NOV,car,NOV,car,NOV
Car,NOV,4,car,NOV,car,NOV,car,NOV,car,NOV,car,NOV
Car,NOV,4,car,NOV,car,NOV,car,NOV,car,NOV,car,NOV
Car,NOV,4,car,NOV,car,NOV,car,NOV,car,NOV,car,NOV
Car,NOV,4,car,NOV,car,NOV,car,NOV,car,NOV,car,NOV
Car,NOV,4,car,NOV,car,NOV,car,NOV,car,NOV,car,NOV
Car,NOV,4,car,NOV,car,NOV,car,NOV,car,NOV,car,NOV
Car,NOV,4,car,NOV,car,NOV,car,NOV,car,NOV,car,NOV
Car,NOV,4,car,NOV,car,NOV,car,NOV,car,NOV,car,NOV
Car,NOV,4,car,NOV,car,NOV,car,NOV,car,NOV,car,NOV
Car,NOV,4,car,NOV,car,NOV,car,NOV,car,NOV,car,NOV
Car,NOV,4,car,NOV,car,NOV,car,NOV,car,NOV,car,NOV
Car,NOV,4,car,NOV,car,NOV,car,NOV,car,NOV,car,NOV
Car,NOV,4,car,NOV,car,NOV,car,NOV,car,NOV,car,NOV
Car,NOV,4,car,NOV,car,NOV,car,NOV,car,NOV,car,NOV
Car,Bus,4,car,bus,car,bus,car,bus,car,bus,car,bus
Car,Bus,4,car,bus,car,bus,car,bus,car,bus,car,bus
Car,Bus,4,car,bus,car,bus,car,bus,car,bus,car,bus
Car,Bus,4,car,bus,car,bus,car,bus,car,bus,car,bus
Car,Bus,4,car,bus,car,bus,car,bus,car,bus,car,bus
Car,Bus,4,car,bus,car,bus,car,bus,car,bus,car,bus
Car,Bus,4,car,bus,car,bus,car,bus,car,bus,car,bus
Car,Bus,4,car,bus,car,bus,car,bus,car,bus,car,bus
Car,Bus,4,car,bus,car,bus,car,bus,car,bus,car,bus
Car,Bus,4,car,bus,car,bus,car,bus,car,bus,car,bus
Car,Bus,4,car,bus,car,bus,car,bus,car,bus,car,bus
Car,Bus,4,car,bus,car,bus,car,bus,car,bus,car,bus
Car,Bus,4,car,bus,car,bus,car,bus,car,bus,car,bus
Car,Bus,4,car,bus,car,bus,car,bus,car,bus,car,bus
Car,Bus,4,car,bus,car,bus,car,bus,car,bus,car,bus
Car,Bus,4,car,bus,car,bus,car,bus,car,bus,car,bus
Car,Bus,4,car,bus,car,bus,car,bus,car,bus,car,bus
Car,Bus,4,car,bus,car,bus,car,bus,car,bus,car,bus
Car,Bus,4,car,bus,car,bus,car,bus,car,bus,car,bus
Car,Bus,4,car,bus,car,bus,car,bus,car,bus,car,bus
Car,Bus,4,car,bus,car,bus,car,bus,car,bus,car,bus
Car,Bus,4,car,bus,car,bus,car,bus,car,bus,car,bus
Car,Bus,4,car,bus,car,bus,car,bus,car,bus,car,bus
Car,Bus,4,car,bus,car,bus,car,bus,car,bus,car,bus
Car,Bus,4,car,bus,car,bus,car,bus,car,bus,car,bus
Car,Bus,4,car,bus,car,bus,car,bus,car,bus,car,bus
Car,Bus,4,car,bus,car,bus,car,bus,car,bus,car,bus
Car,Bus,4,car,bus,car,bus,car,bus,car,bus,car,bus
Car,Bus,4,car,bus,car,bus,car,bus,car,bus,car,bus
Car,Bus,4,car,bus,car,bus,car,bus,car,bus,car,bus
Car,Bus,4,car,bus,car,bus,car,bus,car,bus,car,bus
Car,Bus,4,car,bus,car,bus,car,bus,car,bus,car,bus
Car,Bus,4,car,bus,car,bus,car,bus,car,bus,car,bus
Car,Bus,4,car,bus,car,bus,car,bus,car,bus,car,bus
Car,Bus,4,car,bus,car,bus,car,bus,car,bus,car,bus
Car,Bus,4,car,bus,car,bus,car,bus,car,bus,car,bus
Car,Bus,4,car,bus,car,bus,car,bus,car,bus,car,bus
Car,Bus,4,car,bus,car,bus,car,bus,car,bus,car,bus
Car,Bus,4,car,bus,car,bus,car,bus,car,bus,car,bus
Car,Bus,4,car,bus,car,bus,car,bus,car,bus,car,bus
Car,Bus,4,car,bus,car,bus,car,bus,car,bus,car,bus
Car,Bus,4,car,bus,car,bus,car,bus,car,bus,car,bus
Car,Car,4,car,car,car,car,car,car,car,car,car,car
Car,Car,4,car,car,car,car,car,car,car,car,car,car
Car,Car,4,car,car,car,car,car,car,car,car,car,car
Car,Car,4,car,car,car,car,car,car,car,car,car,car
Car,Car,4,car,car,car,car,car,car,car,car,car,car
Car,Car,4,car,car,car,car,car,car,car,car,car,car
Car,Car,4,car,car,car,car,car,car,car,car,car,car
Car,Car,4,car,car,car,car,car,car,car,car,car,car
Car,Car,4,car,car,car,car,car,car,car,car,car,car
Car,Car,4,car,car,car,car,car,car,car,car,car,car
Car,Car,4,car,car,car,car,car,car,car,car,car,car
Car,Car,4,car,car,car,car,car,car,car,car,car,car
Car,Car,4,car,car,car,car,car,car,car,car,car,car
Car,Car,4,car,car,car,car,car,car,car,car,car,car
Car,Car,4,car,car,car,car,car,car,car,car,car,car
Car,Car,4,car,car,car,car,car,car,car,car,car,car
Car,Car,4,car,car,car,car,car,car,car,car,car,car
Car,Car,4,car,car,car,car,car,car,car,car,car,car
Car,Car,4,car,car,car,car,car,car,car,car,car,car
Car,Car,4,car,car,car,car,car,car,car,car,car,car
Car,Car,4,car,car,car,car,car,car,car,car,car,car
Car,Car,4,car,car,car,car,car,car,car,car,car,car
Car,Car,4,car,car,car,car,car,car,car,car,car,car
Car,Car,4,car,car,car,car,car,car,car,car,car,car
Car,Car,4,car,car,car,car,car,car,car,car,car,car
Car,Car,4,car,car,car,car,car,car,car,car,car,car
Car,Car,4,car,car,car,car,car,car,car,car,car,car
Car,Car,4,car,car,car,car,car,car,car,car,car,car
Car,Car,4,car,car,car,car,car,car,car,car,car,car
Car,Car,4,car,car,car,car,car,car,car,car,car,car
Car,Car,4,car,car,car,car,car,car,car,car,car,car
Car,Car,4,car,car,car,car,car,car,car,car,car,car
Car,Car,4,car,car,car,car,car,car,car,car,car,car
Car,Car,4,car,car,car,car,car,car,car,car,car,car
Car,Car,4,car,car,car,car,car,car,car,car,car,car
Car,Car,4,car,car,car,car,car,car,car,car,car,car
Car,Car,4,car,car,car,car,car,car,car,car,car,car
Car,Car,4,car,car,car,car,car,car,car,car,car,car
Car,Car,4,car,car,car,car,car,car,car,car,car,car
Car,Car,4,car,car,car,car,car,car,car,car,car,car
Car,Car,4,car,car,car,car,car,car,car,car,car,car
Car,Car,4,car,car,car,car,car,car,car,car,car,car
Car,Car,4,car,car,car,car,car,car,car,car,car,car
Car,Car,4,car,car,car,car,car,car,car,car,car,car
Car,Car,4,car,car,car,car,car,car,car,car,car,car
Car,Car,4,car,car,car,car,car,car,car,car,car,car
Car,Car,4,car,car,car,car,car,car,car,car,car,car
Car,Car,4,car,car,car,car,car,car,car,car,car,car
Car,Car,4,car,car,car,car,car,car,car,car,car,car
Car,Car,4,car,car,car,car,car,car,car,car,car,car
Car,Car,4,car,car,car,car,car,car,car,car,car,car
Car,Car,4,car,car,car,car,car,car,car,car,car,car
Car,Car,4,car,car,car,car,car,car,car,car,car,car
Car,Car,4,car,car,car,car,car,car,car,car,car,car
Car,Car,4,car,car,car,car,car,car,car,car,car,car
Car,Car,4,car,car,car,car,car,car,car,car,car,car
Car,Car,4,car,car,car,car,car,car,car,car,car,car
Car,Car,4,car,car,car,car,car,car,car,car,car,car
Car,Car,4,car,car,car,car,car,car,car,car,car,car
Car,Car,4,car,car,car,car,car,car,car,car,car,car
Car,Car,4,car,car,car,car,car,car,car,car,car,car
Car,Car,4,car,car,car,car,car,car,car,car,car,car
Car,Car,4,car,car,car,car,car,car,car,car,car,car
Car,Car,4,car,car,car,car,car,car,car,car,car,car
Car,Car,4,car,car,car,car,car,car,car,car,car,car
Car,Car,4,car,car,car,car,car,car,car,car,car,car
Car,Car,4,car,car,car,car,car,car,car,car,car,car
Car,Car,4,car,car,car,car,car,car,car,car,car,car
Car,Car,4,car,car,car,car,car,car,car,car,car,car
Car,Car,4,car,car,car,car,car,car,car,car,car,car
Car,Car,4,car,car,car,car,car,car,car,car,car,car
Car,Car,4,car,car,car,car,car,car,car,car,car,car
Car,Car,4,car,car,car,car,car,car,car,car,car,car
Car,Car,4,car,car,car,car,car,car,car,car,car,car
Car,Car,4,car,car,car,car,car,car,car,car,car,car
Car,Car,4,car,car,car,car,car,car,car,car,car,car
Car,Car,4,car,car,car,car,car,car,car,car,car,car
Car,Car,4,car,car,car,car,car,car,car,car,car,car
Car,motorcycle,4,car,motorcycle,car,motorcycle,car,motorcycle,car,motorcycle,car,motorcycle
Car,Pedestrian,4,car,pedestrian,car,pedestrian,car,pedestrian,car,pedestrian,car,pedestrian
Car,Pedestrian,4,car,pedestrian,car,pedestrian,car,pedestrian,car,pedestrian,car,pedestrian
Car,Pedestrian,4,car,pedestrian,car,pedestrian,car,pedestrian,car,pedestrian,car,pedestrian
Car,Truck,4,car,truck,car,truck,car,truck,car,truck,car,truck
Car,Truck,4,car,truck,car,truck,car,truck,car,truck,car,truck
Car,Truck,4,car,truck,car,truck,car,truck,car,truck,car,truck
Car,Truck,4,car,truck,car,truck,car,truck,car,truck,car,truck
Car,Truck,4,car,truck,car,truck,car,truck,car,truck,car,truck
Car,Truck,4,car,truck,car,truck,car,truck,car,truck,car,truck
Car,Truck,4,car,truck,car,truck,car,truck,car,truck,car,truck
Car,Truck,4,car,truck,car,truck,car,truck,car,truck,car,truck
Car,Truck,4,car,truck,car,truck,car,truck,car,truck,car,truck
Car,Truck,4,car,truck,car,truck,car,truck,car,truck,car,truck
Car,Truck,4,car,truck,car,truck,car,truck,car,truck,car,truck
Car,Truck,4,car,truck,car,truck,car,truck,car,truck,car,truck
Car,Truck,4,car,truck,car,truck,car,truck,car,truck,car,truck
Car,Truck,4,car,truck,car,truck,car,truck,car,truck,car,truck
Car,Truck,4,car,truck,car,truck,car,truck,car,truck,car,truck
Car,Truck,4,car,truck,car,truck,car,truck,car,truck,car,truck
Car,Truck,4,car,truck,car,truck,car,truck,car,truck,car,truck
Car,Truck,4,car,truck,car,truck,car,truck,car,truck,car,truck
Car,Truck,4,car,truck,car,truck,car,truck,car,truck,car,truck
Car,Truck,4,car,truck,car,truck,car,truck,car,truck,car,truck
Car,Truck,4,car,truck,car,truck,car,truck,car,truck,car,truck
Car,Truck,4,car,truck,car,truck,car,truck,car,truck,car,truck
Car,Truck,4,car,truck,car,truck,car,truck,car,truck,car,truck
Car,Truck,4,car,truck,car,truck,car,truck,car,truck,car,truck
Car,Truck,4,car,truck,car,truck,car,truck,car,truck,car,truck
Car,Truck,4,car,truck,car,truck,car,truck,car,truck,car,truck
Car,Other,4,car,other,car,other,car,other,car,other,car,other
Car,Other,4,car,other,car,other,car,other,car,other,car,other
bicycle,NOV,4,cycle,NOV,cycle,NOV,cycle,NOV,cycle,NOV,cycle,NOV
bicycle,NOV,4,cycle,NOV,cycle,NOV,cycle,NOV,cycle,NOV,cycle,NOV
bicycle,NOV,4,cycle,NOV,cycle,NOV,cycle,NOV,cycle,NOV,cycle,NOV
bicycle,NOV,4,cycle,NOV,cycle,NOV,cycle,NOV,cycle,NOV,cycle,NOV
bicycle,NOV,4,cycle,NOV,cycle,NOV,cycle,NOV,cycle,NOV,cycle,NOV
bicycle,NOV,4,cycle,NOV,cycle,NOV,cycle,NOV,cycle,NOV,cycle,NOV
bicycle,NOV,4,cycle,NOV,cycle,NOV,cycle,NOV,cycle,NOV,cycle,NOV
bicycle,NOV,4,cycle,NOV,cycle,NOV,cycle,NOV,cycle,NOV,cycle,NOV
bicycle,NOV,4,cycle,NOV,cycle,NOV,cycle,NOV,cycle,NOV,cycle,NOV
bicycle,NOV,4,cycle,NOV,cycle,NOV,cycle,NOV,cycle,NOV,cycle,NOV
bicycle,NOV,4,cycle,NOV,cycle,NOV,cycle,NOV,cycle,NOV,cycle,NOV
bicycle,Bus,4,cycle,bus,cycle,bus,cycle,bus,cycle,bus,cycle,bus
bicycle,Bus,4,cycle,bus,cycle,bus,cycle,bus,cycle,bus,cycle,bus
bicycle,Bus,4,cycle,bus,cycle,bus,cycle,bus,cycle,bus,cycle,bus
bicycle,Bus,4,cycle,bus,cycle,bus,cycle,bus,cycle,bus,cycle,bus
bicycle,Bus,4,cycle,bus,cycle,bus,cycle,bus,cycle,bus,cycle,bus
bicycle,Bus,4,cycle,bus,cycle,bus,cycle,bus,cycle,bus,cycle,bus
bicycle,Bus,4,cycle,bus,cycle,bus,cycle,bus,cycle,bus,cycle,bus
bicycle,Bus,4,cycle,bus,cycle,bus,cycle,bus,cycle,bus,cycle,bus
bicycle,Bus,4,cycle,bus,cycle,bus,cycle,bus,cycle,bus,cycle,bus
bicycle,Bus,4,cycle,bus,cycle,bus,cycle,bus,cycle,bus,cycle,bus
bicycle,Bus,4,cycle,bus,cycle,bus,cycle,bus,cycle,bus,cycle,bus
bicycle,Bus,4,cycle,bus,cycle,bus,cycle,bus,cycle,bus,cycle,bus
bicycle,Bus,4,cycle,bus,cycle,bus,cycle,bus,cycle,bus,cycle,bus
bicycle,Bus,4,cycle,bus,cycle,bus,cycle,bus,cycle,bus,cycle,bus
bicycle,Bus,4,cycle,bus,cycle,bus,cycle,bus,cycle,bus,cycle,bus
bicycle,Bus,4,cycle,bus,cycle,bus,cycle,bus,cycle,bus,cycle,bus
bicycle,Bus,4,cycle,bus,cycle,bus,cycle,bus,cycle,bus,cycle,bus
bicycle,Bus,4,cycle,bus,cycle,bus,cycle,bus,cycle,bus,cycle,bus
bicycle,Bus,4,cycle,bus,cycle,bus,cycle,bus,cycle,bus,cycle,bus
bicycle,Bus,4,cycle,bus,cycle,bus,cycle,bus,cycle,bus,cycle,bus
bicycle,Bus,4,cycle,bus,cycle,bus,cycle,bus,cycle,bus,cycle,bus
bicycle,Bus,4,cycle,bus,cycle,bus,cycle,bus,cycle,bus,cycle,bus
bicycle,Bus,4,cycle,bus,cycle,bus,cycle,bus,cycle,bus,cycle,bus
bicycle,Bus,4,cycle,bus,cycle,bus,cycle,bus,cycle,bus,cycle,bus
bicycle,Bus,4,cycle,bus,cycle,bus,cycle,bus,cycle,bus,cycle,bus
bicycle,Bus,4,cycle,bus,cycle,bus,cycle,bus,cycle,bus,cycle,bus
bicycle,Bus,4,cycle,bus,cycle,bus,cycle,bus,cycle,bus,cycle,bus
bicycle,Bus,4,cycle,bus,cycle,bus,cycle,bus,cycle,bus,cycle,bus
bicycle,Bus,4,cycle,bus,cycle,bus,cycle,bus,cycle,bus,cycle,bus
bicycle,Bus,4,cycle,bus,cycle,bus,cycle,bus,cycle,bus,cycle,bus
bicycle,Bus,4,cycle,bus,cycle,bus,cycle,bus,cycle,bus,cycle,bus
bicycle,Bus,4,cycle,bus,cycle,bus,cycle,bus,cycle,bus,cycle,bus
bicycle,Bus,4,cycle,bus,cycle,bus,cycle,bus,cycle,bus,cycle,bus
bicycle,Bus,4,cycle,bus,cycle,bus,cycle,bus,cycle,bus,cycle,bus
bicycle,Car,4,cycle,car,cycle,car,cycle,car,cycle,car,cycle,car
bicycle,Car,4,cycle,car,cycle,car,cycle,car,cycle,car,cycle,car
bicycle,Car,4,cycle,car,cycle,car,cycle,car,cycle,car,cycle,car
bicycle,Car,4,cycle,car,cycle,car,cycle,car,cycle,car,cycle,car
bicycle,Car,4,cycle,car,cycle,car,cycle,car,cycle,car,cycle,car
bicycle,Car,4,cycle,car,cycle,car,cycle,car,cycle,car,cycle,car
bicycle,Car,4,cycle,car,cycle,car,cycle,car,cycle,car,cycle,car
bicycle,Car,4,cycle,car,cycle,car,cycle,car,cycle,car,cycle,car
bicycle,Car,4,cycle,car,cycle,car,cycle,car,cycle,car,cycle,car
bicycle,Car,4,cycle,car,cycle,car,cycle,car,cycle,car,cycle,car
bicycle,Car,4,cycle,car,cycle,car,cycle,car,cycle,car,cycle,car
bicycle,Car,4,cycle,car,cycle,car,cycle,car,cycle,car,cycle,car
bicycle,Car,4,cycle,car,cycle,car,cycle,car,cycle,car,cycle,car
bicycle,Car,4,cycle,car,cycle,car,cycle,car,cycle,car,cycle,car
bicycle,Car,4,cycle,car,cycle,car,cycle,car,cycle,car,cycle,car
bicycle,Car,4,cycle,car,cycle,car,cycle,car,cycle,car,cycle,car
bicycle,Car,4,cycle,car,cycle,car,cycle,car,cycle,car,cycle,car
bicycle,Car,4,cycle,car,cycle,car,cycle,car,cycle,car,cycle,car
bicycle,Car,4,cycle,car,cycle,car,cycle,car,cycle,car,cycle,car
bicycle,Car,4,cycle,car,cycle,car,cycle,car,cycle,car,cycle,car
bicycle,Car,4,cycle,car,cycle,car,cycle,car,cycle,car,cycle,car
bicycle,Car,4,cycle,car,cycle,car,cycle,car,cycle,car,cycle,car
bicycle,Car,4,cycle,car,cycle,car,cycle,car,cycle,car,cycle,car
bicycle,Car,4,cycle,car,cycle,car,cycle,car,cycle,car,cycle,car
bicycle,Car,4,cycle,car,cycle,car,cycle,car,cycle,car,cycle,car
bicycle,Car,4,cycle,car,cycle,car,cycle,car,cycle,car,cycle,car
bicycle,Car,4,cycle,car,cycle,car,cycle,car,cycle,car,cycle,car
bicycle,Car,4,cycle,car,cycle,car,cycle,car,cycle,car,cycle,car
bicycle,Car,4,cycle,car,cycle,car,cycle,car,cycle,car,cycle,car
bicycle,Car,4,cycle,car,cycle,car,cycle,car,cycle,car,cycle,car
bicycle,Car,4,cycle,car,cycle,car,cycle,car,cycle,car,cycle,car
bicycle,Car,4,cycle,car,cycle,car,cycle,car,cycle,car,cycle,car
bicycle,Car,4,cycle,car,cycle,car,cycle,car,cycle,car,cycle,car
bicycle,Car,4,cycle,car,cycle,car,cycle,car,cycle,car,cycle,car
bicycle,Car,4,cycle,car,cycle,car,cycle,car,cycle,car,cycle,car
bicycle,motorcycle,4,cycle,motorcycle,cycle,motorcycle,cycle,motorcycle,cycle,motorcycle,cycle,motorcycle
bicycle,Truck,4,cycle,truck,cycle,truck,cycle,truck,cycle,truck,cycle,truck
bicycle,Truck,4,cycle,truck,cycle,truck,cycle,truck,cycle,truck,cycle,truck
bicycle,Truck,4,cycle,truck,cycle,truck,cycle,truck,cycle,truck,cycle,truck
bicycle,Truck,4,cycle,truck,cycle,truck,cycle,truck,cycle,truck,cycle,truck
bicycle,Truck,4,cycle,truck,cycle,truck,cycle,truck,cycle,truck,cycle,truck
bicycle,Truck,4,cycle,truck,cycle,truck,cycle,truck,cycle,truck,cycle,truck
bicycle,Truck,4,cycle,truck,cycle,truck,cycle,truck,cycle,truck,cycle,truck
bicycle,Truck,4,cycle,truck,cycle,truck,cycle,truck,cycle,truck,cycle,truck
bicycle,Truck,4,cycle,truck,cycle,truck,cycle,truck,cycle,truck,cycle,truck
bicycle,Truck,4,cycle,truck,cycle,truck,cycle,truck,cycle,truck,cycle,truck
bicycle,Truck,4,cycle,truck,cycle,truck,cycle,truck,cycle,truck,cycle,truck
bicycle,Truck,4,cycle,truck,cycle,truck,cycle,truck,cycle,truck,cycle,truck
bicycle,Truck,4,cycle,truck,cycle,truck,cycle,truck,cycle,truck,cycle,truck
bicycle,Truck,4,cycle,truck,cycle,truck,cycle,truck,cycle,truck,cycle,truck
bicycle,Truck,4,cycle,truck,cycle,truck,cycle,truck,cycle,truck,cycle,truck
bicycle,Truck,4,cycle,truck,cycle,truck,cycle,truck,cycle,truck,cycle,truck
bicycle,Truck,4,cycle,truck,cycle,truck,cycle,truck,cycle,truck,cycle,truck
bicycle,Truck,4,cycle,truck,cycle,truck,cycle,truck,cycle,truck,cycle,truck
bicycle,Truck,4,cycle,truck,cycle,truck,cycle,truck,cycle,truck,cycle,truck
bicycle,Truck,4,cycle,truck,cycle,truck,cycle,truck,cycle,truck,cycle,truck
bicycle,Truck,4,cycle,truck,cycle,truck,cycle,truck,cycle,truck,cycle,truck
bicycle,Truck,4,cycle,truck,cycle,truck,cycle,truck,cycle,truck,cycle,truck
bicycle,Truck,4,cycle,truck,cycle,truck,cycle,truck,cycle,truck,cycle,truck
bicycle,Truck,4,cycle,truck,cycle,truck,cycle,truck,cycle,truck,cycle,truck
bicycle,Truck,4,cycle,truck,cycle,truck,cycle,truck,cycle,truck,cycle,truck
bicycle,NA,4,cycle,NOV,cycle,car,cycle,bus,cycle,truck,cycle,car
motorcycle,NOV,4,motorcycle,NOV,motorcycle,NOV,motorcycle,NOV,motorcycle,NOV,motorcycle,NOV
motorcycle,NOV,4,motorcycle,NOV,motorcycle,NOV,motorcycle,NOV,motorcycle,NOV,motorcycle,NOV
motorcycle,NOV,4,motorcycle,NOV,motorcycle,NOV,motorcycle,NOV,motorcycle,NOV,motorcycle,NOV
motorcycle,NOV,4,motorcycle,NOV,motorcycle,NOV,motorcycle,NOV,motorcycle,NOV,motorcycle,NOV
motorcycle,NOV,4,motorcycle,NOV,motorcycle,NOV,motorcycle,NOV,motorcycle,NOV,motorcycle,NOV
motorcycle,NOV,4,motorcycle,NOV,motorcycle,NOV,motorcycle,NOV,motorcycle,NOV,motorcycle,NOV
motorcycle,NOV,4,motorcycle,NOV,motorcycle,NOV,motorcycle,NOV,motorcycle,NOV,motorcycle,NOV
motorcycle,NOV,4,motorcycle,NOV,motorcycle,NOV,motorcycle,NOV,motorcycle,NOV,motorcycle,NOV
motorcycle,NOV,4,motorcycle,NOV,motorcycle,NOV,motorcycle,NOV,motorcycle,NOV,motorcycle,NOV
motorcycle,NOV,4,motorcycle,NOV,motorcycle,NOV,motorcycle,NOV,motorcycle,NOV,motorcycle,NOV
motorcycle,NOV,4,motorcycle,NOV,motorcycle,NOV,motorcycle,NOV,motorcycle,NOV,motorcycle,NOV
motorcycle,NOV,4,motorcycle,NOV,motorcycle,NOV,motorcycle,NOV,motorcycle,NOV,motorcycle,NOV
motorcycle,NOV,4,motorcycle,NOV,motorcycle,NOV,motorcycle,NOV,motorcycle,NOV,motorcycle,NOV
motorcycle,NOV,4,motorcycle,NOV,motorcycle,NOV,motorcycle,NOV,motorcycle,NOV,motorcycle,NOV
motorcycle,NOV,4,motorcycle,NOV,motorcycle,NOV,motorcycle,NOV,motorcycle,NOV,motorcycle,NOV
motorcycle,NOV,4,motorcycle,NOV,motorcycle,NOV,motorcycle,NOV,motorcycle,NOV,motorcycle,NOV
motorcycle,NOV,4,motorcycle,NOV,motorcycle,NOV,motorcycle,NOV,motorcycle,NOV,motorcycle,NOV
motorcycle,NOV,4,motorcycle,NOV,motorcycle,NOV,motorcycle,NOV,motorcycle,NOV,motorcycle,NOV
motorcycle,NOV,4,motorcycle,NOV,motorcycle,NOV,motorcycle,NOV,motorcycle,NOV,motorcycle,NOV
motorcycle,NOV,4,motorcycle,NOV,motorcycle,NOV,motorcycle,NOV,motorcycle,NOV,motorcycle,NOV
motorcycle,NOV,4,motorcycle,NOV,motorcycle,NOV,motorcycle,NOV,motorcycle,NOV,motorcycle,NOV
motorcycle,NOV,4,motorcycle,NOV,motorcycle,NOV,motorcycle,NOV,motorcycle,NOV,motorcycle,NOV
motorcycle,NOV,4,motorcycle,NOV,motorcycle,NOV,motorcycle,NOV,motorcycle,NOV,motorcycle,NOV
motorcycle,NOV,4,motorcycle,NOV,motorcycle,NOV,motorcycle,NOV,motorcycle,NOV,motorcycle,NOV
motorcycle,NOV,4,motorcycle,NOV,motorcycle,NOV,motorcycle,NOV,motorcycle,NOV,motorcycle,NOV
motorcycle,NOV,4,motorcycle,NOV,motorcycle,NOV,motorcycle,NOV,motorcycle,NOV,motorcycle,NOV
motorcycle,NOV,4,motorcycle,NOV,motorcycle,NOV,motorcycle,NOV,motorcycle,NOV,motorcycle,NOV
motorcycle,NOV,4,motorcycle,NOV,motorcycle,NOV,motorcycle,NOV,motorcycle,NOV,motorcycle,NOV
motorcycle,NOV,4,motorcycle,NOV,motorcycle,NOV,motorcycle,NOV,motorcycle,NOV,motorcycle,NOV
motorcycle,NOV,4,motorcycle,NOV,motorcycle,NOV,motorcycle,NOV,motorcycle,NOV,motorcycle,NOV
motorcycle,NOV,4,motorcycle,NOV,motorcycle,NOV,motorcycle,NOV,motorcycle,NOV,motorcycle,NOV
motorcycle,NOV,4,motorcycle,NOV,motorcycle,NOV,motorcycle,NOV,motorcycle,NOV,motorcycle,NOV
motorcycle,NOV,4,motorcycle,NOV,motorcycle,NOV,motorcycle,NOV,motorcycle,NOV,motorcycle,NOV
motorcycle,NOV,4,motorcycle,NOV,motorcycle,NOV,motorcycle,NOV,motorcycle,NOV,motorcycle,NOV
motorcycle,NOV,4,motorcycle,NOV,motorcycle,NOV,motorcycle,NOV,motorcycle,NOV,motorcycle,NOV
motorcycle,NOV,4,motorcycle,NOV,motorcycle,NOV,motorcycle,NOV,motorcycle,NOV,motorcycle,NOV
motorcycle,NOV,4,motorcycle,NOV,motorcycle,NOV,motorcycle,NOV,motorcycle,NOV,motorcycle,NOV
motorcycle,NOV,4,motorcycle,NOV,motorcycle,NOV,motorcycle,NOV,motorcycle,NOV,motorcycle,NOV
motorcycle,NOV,4,motorcycle,NOV,motorcycle,NOV,motorcycle,NOV,motorcycle,NOV,motorcycle,NOV
motorcycle,NOV,4,motorcycle,NOV,motorcycle,NOV,motorcycle,NOV,motorcycle,NOV,motorcycle,NOV
motorcycle,NOV,4,motorcycle,NOV,motorcycle,NOV,motorcycle,NOV,motorcycle,NOV,motorcycle,NOV
motorcycle,NOV,4,motorcycle,NOV,motorcycle,NOV,motorcycle,NOV,motorcycle,NOV,motorcycle,NOV
motorcycle,NOV,4,motorcycle,NOV,motorcycle,NOV,motorcycle,NOV,motorcycle,NOV,motorcycle,NOV
motorcycle,NOV,4,motorcycle,NOV,motorcycle,NOV,motorcycle,NOV,motorcycle,NOV,motorcycle,NOV
motorcycle,NOV,4,motorcycle,NOV,motorcycle,NOV,motorcycle,NOV,motorcycle,NOV,motorcycle,NOV
motorcycle,NOV,4,motorcycle,NOV,motorcycle,NOV,motorcycle,NOV,motorcycle,NOV,motorcycle,NOV
motorcycle,NOV,4,motorcycle,NOV,motorcycle,NOV,motorcycle,NOV,motorcycle,NOV,motorcycle,NOV
motorcycle,NOV,4,motorcycle,NOV,motorcycle,NOV,motorcycle,NOV,motorcycle,NOV,motorcycle,NOV
motorcycle,NOV,4,motorcycle,NOV,motorcycle,NOV,motorcycle,NOV,motorcycle,NOV,motorcycle,NOV
motorcycle,NOV,4,motorcycle,NOV,motorcycle,NOV,motorcycle,NOV,motorcycle,NOV,motorcycle,NOV
motorcycle,NOV,4,motorcycle,NOV,motorcycle,NOV,motorcycle,NOV,motorcycle,NOV,motorcycle,NOV
motorcycle,NOV,4,motorcycle,NOV,motorcycle,NOV,motorcycle,NOV,motorcycle,NOV,motorcycle,NOV
motorcycle,NOV,4,motorcycle,NOV,motorcycle,NOV,motorcycle,NOV,motorcycle,NOV,motorcycle,NOV
motorcycle,NOV,4,motorcycle,NOV,motorcycle,NOV,motorcycle,NOV,motorcycle,NOV,motorcycle,NOV
motorcycle,NOV,4,motorcycle,NOV,motorcycle,NOV,motorcycle,NOV,motorcycle,NOV,motorcycle,NOV
motorcycle,NOV,4,motorcycle,NOV,motorcycle,NOV,motorcycle,NOV,motorcycle,NOV,motorcycle,NOV
motorcycle,NOV,4,motorcycle,NOV,motorcycle,NOV,motorcycle,NOV,motorcycle,NOV,motorcycle,NOV
motorcycle,NOV,4,motorcycle,NOV,motorcycle,NOV,motorcycle,NOV,motorcycle,NOV,motorcycle,NOV
motorcycle,NOV,4,motorcycle,NOV,motorcycle,NOV,motorcycle,NOV,motorcycle,NOV,motorcycle,NOV
motorcycle,NOV,4,motorcycle,NOV,motorcycle,NOV,motorcycle,NOV,motorcycle,NOV,motorcycle,NOV
motorcycle,Bus,4,motorcycle,bus,motorcycle,bus,motorcycle,bus,motorcycle,bus,motorcycle,bus
motorcycle,Bus,4,motorcycle,bus,motorcycle,bus,motorcycle,bus,motorcycle,bus,motorcycle,bus
motorcycle,Bus,4,motorcycle,bus,motorcycle,bus,motorcycle,bus,motorcycle,bus,motorcycle,bus
motorcycle,Bus,4,motorcycle,bus,motorcycle,bus,motorcycle,bus,motorcycle,bus,motorcycle,bus
motorcycle,Bus,4,motorcycle,bus,motorcycle,bus,motorcycle,bus,motorcycle,bus,motorcycle,bus
motorcycle,Bus,4,motorcycle,bus,motorcycle,bus,motorcycle,bus,motorcycle,bus,motorcycle,bus
motorcycle,Bus,4,motorcycle,bus,motorcycle,bus,motorcycle,bus,motorcycle,bus,motorcycle,bus
motorcycle,Bus,4,motorcycle,bus,motorcycle,bus,motorcycle,bus,motorcycle,bus,motorcycle,bus
motorcycle,Bus,4,motorcycle,bus,motorcycle,bus,motorcycle,bus,motorcycle,bus,motorcycle,bus
motorcycle,Bus,4,motorcycle,bus,motorcycle,bus,motorcycle,bus,motorcycle,bus,motorcycle,bus
motorcycle,Bus,4,motorcycle,bus,motorcycle,bus,motorcycle,bus,motorcycle,bus,motorcycle,bus
motorcycle,Bus,4,motorcycle,bus,motorcycle,bus,motorcycle,bus,motorcycle,bus,motorcycle,bus
motorcycle,Bus,4,motorcycle,bus,motorcycle,bus,motorcycle,bus,motorcycle,bus,motorcycle,bus
motorcycle,Bus,4,motorcycle,bus,motorcycle,bus,motorcycle,bus,motorcycle,bus,motorcycle,bus
motorcycle,Bus,4,motorcycle,bus,motorcycle,bus,motorcycle,bus,motorcycle,bus,motorcycle,bus
motorcycle,Car,4,motorcycle,car,motorcycle,car,motorcycle,car,motorcycle,car,motorcycle,car
motorcycle,Car,4,motorcycle,car,motorcycle,car,motorcycle,car,motorcycle,car,motorcycle,car
motorcycle,Car,4,motorcycle,car,motorcycle,car,motorcycle,car,motorcycle,car,motorcycle,car
motorcycle,Car,4,motorcycle,car,motorcycle,car,motorcycle,car,motorcycle,car,motorcycle,car
motorcycle,Car,4,motorcycle,car,motorcycle,car,motorcycle,car,motorcycle,car,motorcycle,car
motorcycle,Car,4,motorcycle,car,motorcycle,car,motorcycle,car,motorcycle,car,motorcycle,car
motorcycle,Car,4,motorcycle,car,motorcycle,car,motorcycle,car,motorcycle,car,motorcycle,car
motorcycle,Car,4,motorcycle,car,motorcycle,car,motorcycle,car,motorcycle,car,motorcycle,car
motorcycle,Car,4,motorcycle,car,motorcycle,car,motorcycle,car,motorcycle,car,motorcycle,car
motorcycle,Car,4,motorcycle,car,motorcycle,car,motorcycle,car,motorcycle,car,motorcycle,car
motorcycle,Car,4,motorcycle,car,motorcycle,car,motorcycle,car,motorcycle,car,motorcycle,car
motorcycle,Car,4,motorcycle,car,motorcycle,car,motorcycle,car,motorcycle,car,motorcycle,car
motorcycle,Car,4,motorcycle,car,motorcycle,car,motorcycle,car,motorcycle,car,motorcycle,car
motorcycle,Car,4,motorcycle,car,motorcycle,car,motorcycle,car,motorcycle,car,motorcycle,car
motorcycle,Car,4,motorcycle,car,motorcycle,car,motorcycle,car,motorcycle,car,motorcycle,car
motorcycle,Car,4,motorcycle,car,motorcycle,car,motorcycle,car,motorcycle,car,motorcycle,car
motorcycle,Car,4,motorcycle,car,motorcycle,car,motorcycle,car,motorcycle,car,motorcycle,car
motorcycle,Car,4,motorcycle,car,motorcycle,car,motorcycle,car,motorcycle,car,motorcycle,car
motorcycle,Car,4,motorcycle,car,motorcycle,car,motorcycle,car,motorcycle,car,motorcycle,car
motorcycle,Car,4,motorcycle,car,motorcycle,car,motorcycle,car,motorcycle,car,motorcycle,car
motorcycle,Car,4,motorcycle,car,motorcycle,car,motorcycle,car,motorcycle,car,motorcycle,car
motorcycle,Car,4,motorcycle,car,motorcycle,car,motorcycle,car,motorcycle,car,motorcycle,car
motorcycle,Car,4,motorcycle,car,motorcycle,car,motorcycle,car,motorcycle,car,motorcycle,car
motorcycle,Car,4,motorcycle,car,motorcycle,car,motorcycle,car,motorcycle,car,motorcycle,car
motorcycle,Car,4,motorcycle,car,motorcycle,car,motorcycle,car,motorcycle,car,motorcycle,car
motorcycle,Car,4,motorcycle,car,motorcycle,car,motorcycle,car,motorcycle,car,motorcycle,car
motorcycle,Car,4,motorcycle,car,motorcycle,car,motorcycle,car,motorcycle,car,motorcycle,car
motorcycle,Car,4,motorcycle,car,motorcycle,car,motorcycle,car,motorcycle,car,motorcycle,car
motorcycle,Car,4,motorcycle,car,motorcycle,car,motorcycle,car,motorcycle,car,motorcycle,car
motorcycle,Car,4,motorcycle,car,motorcycle,car,motorcycle,car,motorcycle,car,motorcycle,car
motorcycle,Car,4,motorcycle,car,motorcycle,car,motorcycle,car,motorcycle,car,motorcycle,car
motorcycle,Car,4,motorcycle,car,motorcycle,car,motorcycle,car,motorcycle,car,motorcycle,car
motorcycle,Car,4,motorcycle,car,motorcycle,car,motorcycle,car,motorcycle,car,motorcycle,car
motorcycle,Car,4,motorcycle,car,motorcycle,car,motorcycle,car,motorcycle,car,motorcycle,car
motorcycle,Car,4,motorcycle,car,motorcycle,car,motorcycle,car,motorcycle,car,motorcycle,car
motorcycle,Car,4,motorcycle,car,motorcycle,car,motorcycle,car,motorcycle,car,motorcycle,car
motorcycle,Car,4,motorcycle,car,motorcycle,car,motorcycle,car,motorcycle,car,motorcycle,car
motorcycle,Car,4,motorcycle,car,motorcycle,car,motorcycle,car,motorcycle,car,motorcycle,car
motorcycle,Car,4,motorcycle,car,motorcycle,car,motorcycle,car,motorcycle,car,motorcycle,car
motorcycle,Car,4,motorcycle,car,motorcycle,car,motorcycle,car,motorcycle,car,motorcycle,car
motorcycle,Car,4,motorcycle,car,motorcycle,car,motorcycle,car,motorcycle,car,motorcycle,car
motorcycle,Car,4,motorcycle,car,motorcycle,car,motorcycle,car,motorcycle,car,motorcycle,car
motorcycle,Car,4,motorcycle,car,motorcycle,car,motorcycle,car,motorcycle,car,motorcycle,car
motorcycle,Car,4,motorcycle,car,motorcycle,car,motorcycle,car,motorcycle,car,motorcycle,car
motorcycle,Car,4,motorcycle,car,motorcycle,car,motorcycle,car,motorcycle,car,motorcycle,car
motorcycle,Car,4,motorcycle,car,motorcycle,car,motorcycle,car,motorcycle,car,motorcycle,car
motorcycle,Car,4,motorcycle,car,motorcycle,car,motorcycle,car,motorcycle,car,motorcycle,car
motorcycle,Car,4,motorcycle,car,motorcycle,car,motorcycle,car,motorcycle,car,motorcycle,car
motorcycle,Car,4,motorcycle,car,motorcycle,car,motorcycle,car,motorcycle,car,motorcycle,car
motorcycle,Car,4,motorcycle,car,motorcycle,car,motorcycle,car,motorcycle,car,motorcycle,car
motorcycle,Car,4,motorcycle,car,motorcycle,car,motorcycle,car,motorcycle,car,motorcycle,car
motorcycle,Car,4,motorcycle,car,motorcycle,car,motorcycle,car,motorcycle,car,motorcycle,car
motorcycle,Car,4,motorcycle,car,motorcycle,car,motorcycle,car,motorcycle,car,motorcycle,car
motorcycle,Car,4,motorcycle,car,motorcycle,car,motorcycle,car,motorcycle,car,motorcycle,car
motorcycle,bicycle,4,motorcycle,cycle,motorcycle,cycle,motorcycle,cycle,motorcycle,cycle,motorcycle,cycle
motorcycle,motorcycle,4,motorcycle,motorcycle,motorcycle,motorcycle,motorcycle,motorcycle,motorcycle,motorcycle,motorcycle,motorcycle
motorcycle,motorcycle,4,motorcycle,motorcycle,motorcycle,motorcycle,motorcycle,motorcycle,motorcycle,motorcycle,motorcycle,motorcycle
motorcycle,motorcycle,4,motorcycle,motorcycle,motorcycle,motorcycle,motorcycle,motorcycle,motorcycle,motorcycle,motorcycle,motorcycle
motorcycle,Truck,4,motorcycle,truck,motorcycle,truck,motorcycle,truck,motorcycle,truck,motorcycle,truck
motorcycle,Truck,4,motorcycle,truck,motorcycle,truck,motorcycle,truck,motorcycle,truck,motorcycle,truck
motorcycle,Truck,4,motorcycle,truck,motorcycle,truck,motorcycle,truck,motorcycle,truck,motorcycle,truck
motorcycle,Truck,4,motorcycle,truck,motorcycle,truck,motorcycle,truck,motorcycle,truck,motorcycle,truck
motorcycle,Truck,4,motorcycle,truck,motorcycle,truck,motorcycle,truck,motorcycle,truck,motorcycle,truck
motorcycle,Truck,4,motorcycle,truck,motorcycle,truck,motorcycle,truck,motorcycle,truck,motorcycle,truck
motorcycle,Truck,4,motorcycle,truck,motorcycle,truck,motorcycle,truck,motorcycle,truck,motorcycle,truck
motorcycle,Truck,4,motorcycle,truck,motorcycle,truck,motorcycle,truck,motorcycle,truck,motorcycle,truck
motorcycle,Truck,4,motorcycle,truck,motorcycle,truck,motorcycle,truck,motorcycle,truck,motorcycle,truck
motorcycle,Truck,4,motorcycle,truck,motorcycle,truck,motorcycle,truck,motorcycle,truck,motorcycle,truck
motorcycle,Truck,4,motorcycle,truck,motorcycle,truck,motorcycle,truck,motorcycle,truck,motorcycle,truck
motorcycle,Truck,4,motorcycle,truck,motorcycle,truck,motorcycle,truck,motorcycle,truck,motorcycle,truck
motorcycle,Truck,4,motorcycle,truck,motorcycle,truck,motorcycle,truck,motorcycle,truck,motorcycle,truck
motorcycle,Truck,4,motorcycle,truck,motorcycle,truck,motorcycle,truck,motorcycle,truck,motorcycle,truck
motorcycle,Truck,4,motorcycle,truck,motorcycle,truck,motorcycle,truck,motorcycle,truck,motorcycle,truck
motorcycle,Truck,4,motorcycle,truck,motorcycle,truck,motorcycle,truck,motorcycle,truck,motorcycle,truck
motorcycle,Truck,4,motorcycle,truck,motorcycle,truck,motorcycle,truck,motorcycle,truck,motorcycle,truck
motorcycle,Truck,4,motorcycle,truck,motorcycle,truck,motorcycle,truck,motorcycle,truck,motorcycle,truck
motorcycle,Truck,4,motorcycle,truck,motorcycle,truck,motorcycle,truck,motorcycle,truck,motorcycle,truck
motorcycle,Truck,4,motorcycle,truck,motorcycle,truck,motorcycle,truck,motorcycle,truck,motorcycle,truck
motorcycle,Truck,4,motorcycle,truck,motorcycle,truck,motorcycle,truck,motorcycle,truck,motorcycle,truck
motorcycle,Truck,4,motorcycle,truck,motorcycle,truck,motorcycle,truck,motorcycle,truck,motorcycle,truck
motorcycle,Truck,4,motorcycle,truck,motorcycle,truck,motorcycle,truck,motorcycle,truck,motorcycle,truck
motorcycle,Truck,4,motorcycle,truck,motorcycle,truck,motorcycle,truck,motorcycle,truck,motorcycle,truck
motorcycle,Truck,4,motorcycle,truck,motorcycle,truck,motorcycle,truck,motorcycle,truck,motorcycle,truck
motorcycle,Truck,4,motorcycle,truck,motorcycle,truck,motorcycle,truck,motorcycle,truck,motorcycle,truck
motorcycle,Truck,4,motorcycle,truck,motorcycle,truck,motorcycle,truck,motorcycle,truck,motorcycle,truck
motorcycle,Truck,4,motorcycle,truck,motorcycle,truck,motorcycle,truck,motorcycle,truck,motorcycle,truck
motorcycle,Truck,4,motorcycle,truck,motorcycle,truck,motorcycle,truck,motorcycle,truck,motorcycle,truck
motorcycle,Truck,4,motorcycle,truck,motorcycle,truck,motorcycle,truck,motorcycle,truck,motorcycle,truck
motorcycle,NA,4,motorcycle,truck,motorcycle,NOV,motorcycle,NOV,motorcycle,NOV,motorcycle,NOV
motorcycle,NA,4,motorcycle,car,motorcycle,truck,motorcycle,NOV,motorcycle,truck,motorcycle,car
motorcycle,NA,4,motorcycle,NOV,motorcycle,NOV,motorcycle,truck,motorcycle,NOV,motorcycle,car
motorcycle,NA,4,motorcycle,NOV,motorcycle,car,motorcycle,car,motorcycle,truck,motorcycle,truck
motorcycle,Other,4,motorcycle,other,motorcycle,other,motorcycle,other,motorcycle,other,motorcycle,other
motorcycle,Other,4,motorcycle,other,motorcycle,other,motorcycle,other,motorcycle,other,motorcycle,other
Other,Bus,4,other,bus,other,bus,other,bus,other,bus,other,bus
Other,Bus,4,other,bus,other,bus,other,bus,other,bus,other,bus
Other,Bus,4,other,bus,other,bus,other,bus,other,bus,other,bus
Other,Car,4,other,car,other,car,other,car,other,car,other,car
Other,Car,4,other,car,other,car,other,car,other,car,other,car
Other,Car,4,other,car,other,car,other,car,other,car,other,car
Other,Truck,4,other,truck,other,truck,other,truck,other,truck,other,truck
Other,NA,4,other,car,other,car,other,bus,other,truck,other,car
Other,Truck,4,other,truck,other,truck,other,truck,other,truck,other,truck
Pedestrian,NOV,4,pedestrian,NOV,pedestrian,NOV,pedestrian,NOV,pedestrian,NOV,pedestrian,NOV
Pedestrian,NOV,4,pedestrian,NOV,pedestrian,NOV,pedestrian,NOV,pedestrian,NOV,pedestrian,NOV
Pedestrian,NOV,4,pedestrian,NOV,pedestrian,NOV,pedestrian,NOV,pedestrian,NOV,pedestrian,NOV
Pedestrian,NOV,4,pedestrian,NOV,pedestrian,NOV,pedestrian,NOV,pedestrian,NOV,pedestrian,NOV
Pedestrian,NOV,4,pedestrian,NOV,pedestrian,NOV,pedestrian,NOV,pedestrian,NOV,pedestrian,NOV
Pedestrian,NOV,4,pedestrian,NOV,pedestrian,NOV,pedestrian,NOV,pedestrian,NOV,pedestrian,NOV
Pedestrian,NOV,4,pedestrian,NOV,pedestrian,NOV,pedestrian,NOV,pedestrian,NOV,pedestrian,NOV
Pedestrian,NOV,4,pedestrian,NOV,pedestrian,NOV,pedestrian,NOV,pedestrian,NOV,pedestrian,NOV
Pedestrian,NOV,4,pedestrian,NOV,pedestrian,NOV,pedestrian,NOV,pedestrian,NOV,pedestrian,NOV
Pedestrian,NOV,4,pedestrian,NOV,pedestrian,NOV,pedestrian,NOV,pedestrian,NOV,pedestrian,NOV
Pedestrian,NOV,4,pedestrian,NOV,pedestrian,NOV,pedestrian,NOV,pedestrian,NOV,pedestrian,NOV
Pedestrian,NOV,4,pedestrian,NOV,pedestrian,NOV,pedestrian,NOV,pedestrian,NOV,pedestrian,NOV
Pedestrian,NOV,4,pedestrian,NOV,pedestrian,NOV,pedestrian,NOV,pedestrian,NOV,pedestrian,NOV
Pedestrian,NOV,4,pedestrian,NOV,pedestrian,NOV,pedestrian,NOV,pedestrian,NOV,pedestrian,NOV
Pedestrian,NOV,4,pedestrian,NOV,pedestrian,NOV,pedestrian,NOV,pedestrian,NOV,pedestrian,NOV
Pedestrian,NOV,4,pedestrian,NOV,pedestrian,NOV,pedestrian,NOV,pedestrian,NOV,pedestrian,NOV
Pedestrian,Bus,4,pedestrian,bus,pedestrian,bus,pedestrian,bus,pedestrian,bus,pedestrian,bus
Pedestrian,Bus,4,pedestrian,bus,pedestrian,bus,pedestrian,bus,pedestrian,bus,pedestrian,bus
Pedestrian,Bus,4,pedestrian,bus,pedestrian,bus,pedestrian,bus,pedestrian,bus,pedestrian,bus
Pedestrian,Bus,4,pedestrian,bus,pedestrian,bus,pedestrian,bus,pedestrian,bus,pedestrian,bus
Pedestrian,Bus,4,pedestrian,bus,pedestrian,bus,pedestrian,bus,pedestrian,bus,pedestrian,bus
Pedestrian,Bus,4,pedestrian,bus,pedestrian,bus,pedestrian,bus,pedestrian,bus,pedestrian,bus
Pedestrian,Bus,4,pedestrian,bus,pedestrian,bus,pedestrian,bus,pedestrian,bus,pedestrian,bus
Pedestrian,Bus,4,pedestrian,bus,pedestrian,bus,pedestrian,bus,pedestrian,bus,pedestrian,bus
Pedestrian,Bus,4,pedestrian,bus,pedestrian,bus,pedestrian,bus,pedestrian,bus,pedestrian,bus
Pedestrian,Bus,4,pedestrian,bus,pedestrian,bus,pedestrian,bus,pedestrian,bus,pedestrian,bus
Pedestrian,Bus,4,pedestrian,bus,pedestrian,bus,pedestrian,bus,pedestrian,bus,pedestrian,bus
Pedestrian,Bus,4,pedestrian,bus,pedestrian,bus,pedestrian,bus,pedestrian,bus,pedestrian,bus
Pedestrian,Bus,4,pedestrian,bus,pedestrian,bus,pedestrian,bus,pedestrian,bus,pedestrian,bus
Pedestrian,Bus,4,pedestrian,bus,pedestrian,bus,pedestrian,bus,pedestrian,bus,pedestrian,bus
Pedestrian,Bus,4,pedestrian,bus,pedestrian,bus,pedestrian,bus,pedestrian,bus,pedestrian,bus
Pedestrian,Bus,4,pedestrian,bus,pedestrian,bus,pedestrian,bus,pedestrian,bus,pedestrian,bus
Pedestrian,Bus,4,pedestrian,bus,pedestrian,bus,pedestrian,bus,pedestrian,bus,pedestrian,bus
Pedestrian,Bus,4,pedestrian,bus,pedestrian,bus,pedestrian,bus,pedestrian,bus,pedestrian,bus
Pedestrian,Bus,4,pedestrian,bus,pedestrian,bus,pedestrian,bus,pedestrian,bus,pedestrian,bus
Pedestrian,Bus,4,pedestrian,bus,pedestrian,bus,pedestrian,bus,pedestrian,bus,pedestrian,bus
Pedestrian,Bus,4,pedestrian,bus,pedestrian,bus,pedestrian,bus,pedestrian,bus,pedestrian,bus
Pedestrian,Bus,4,pedestrian,bus,pedestrian,bus,pedestrian,bus,pedestrian,bus,pedestrian,bus
Pedestrian,Bus,4,pedestrian,bus,pedestrian,bus,pedestrian,bus,pedestrian,bus,pedestrian,bus
Pedestrian,Bus,4,pedestrian,bus,pedestrian,bus,pedestrian,bus,pedestrian,bus,pedestrian,bus
Pedestrian,Bus,4,pedestrian,bus,pedestrian,bus,pedestrian,bus,pedestrian,bus,pedestrian,bus
Pedestrian,Bus,4,pedestrian,bus,pedestrian,bus,pedestrian,bus,pedestrian,bus,pedestrian,bus
Pedestrian,Bus,4,pedestrian,bus,pedestrian,bus,pedestrian,bus,pedestrian,bus,pedestrian,bus
Pedestrian,Bus,4,pedestrian,bus,pedestrian,bus,pedestrian,bus,pedestrian,bus,pedestrian,bus
Pedestrian,Bus,4,pedestrian,bus,pedestrian,bus,pedestrian,bus,pedestrian,bus,pedestrian,bus
Pedestrian,Bus,4,pedestrian,bus,pedestrian,bus,pedestrian,bus,pedestrian,bus,pedestrian,bus
Pedestrian,Bus,4,pedestrian,bus,pedestrian,bus,pedestrian,bus,pedestrian,bus,pedestrian,bus
Pedestrian,Bus,4,pedestrian,bus,pedestrian,bus,pedestrian,bus,pedestrian,bus,pedestrian,bus
Pedestrian,Bus,4,pedestrian,bus,pedestrian,bus,pedestrian,bus,pedestrian,bus,pedestrian,bus
Pedestrian,Bus,4,pedestrian,bus,pedestrian,bus,pedestrian,bus,pedestrian,bus,pedestrian,bus
Pedestrian,Bus,4,pedestrian,bus,pedestrian,bus,pedestrian,bus,pedestrian,bus,pedestrian,bus
Pedestrian,Bus,4,pedestrian,bus,pedestrian,bus,pedestrian,bus,pedestrian,bus,pedestrian,bus
Pedestrian,Bus,4,pedestrian,bus,pedestrian,bus,pedestrian,bus,pedestrian,bus,pedestrian,bus
Pedestrian,Bus,4,pedestrian,bus,pedestrian,bus,pedestrian,bus,pedestrian,bus,pedestrian,bus
Pedestrian,Bus,4,pedestrian,bus,pedestrian,bus,pedestrian,bus,pedestrian,bus,pedestrian,bus
Pedestrian,Bus,4,pedestrian,bus,pedestrian,bus,pedestrian,bus,pedestrian,bus,pedestrian,bus
Pedestrian,Bus,4,pedestrian,bus,pedestrian,bus,pedestrian,bus,pedestrian,bus,pedestrian,bus
Pedestrian,Bus,4,pedestrian,bus,pedestrian,bus,pedestrian,bus,pedestrian,bus,pedestrian,bus
Pedestrian,Bus,4,pedestrian,bus,pedestrian,bus,pedestrian,bus,pedestrian,bus,pedestrian,bus
Pedestrian,Bus,4,pedestrian,bus,pedestrian,bus,pedestrian,bus,pedestrian,bus,pedestrian,bus
Pedestrian,Bus,4,pedestrian,bus,pedestrian,bus,pedestrian,bus,pedestrian,bus,pedestrian,bus
Pedestrian,Bus,4,pedestrian,bus,pedestrian,bus,pedestrian,bus,pedestrian,bus,pedestrian,bus
Pedestrian,Bus,4,pedestrian,bus,pedestrian,bus,pedestrian,bus,pedestrian,bus,pedestrian,bus
Pedestrian,Bus,4,pedestrian,bus,pedestrian,bus,pedestrian,bus,pedestrian,bus,pedestrian,bus
Pedestrian,Bus,4,pedestrian,bus,pedestrian,bus,pedestrian,bus,pedestrian,bus,pedestrian,bus
Pedestrian,Bus,4,pedestrian,bus,pedestrian,bus,pedestrian,bus,pedestrian,bus,pedestrian,bus
Pedestrian,Bus,4,pedestrian,bus,pedestrian,bus,pedestrian,bus,pedestrian,bus,pedestrian,bus
Pedestrian,Bus,4,pedestrian,bus,pedestrian,bus,pedestrian,bus,pedestrian,bus,pedestrian,bus
Pedestrian,Bus,4,pedestrian,bus,pedestrian,bus,pedestrian,bus,pedestrian,bus,pedestrian,bus
Pedestrian,Bus,4,pedestrian,bus,pedestrian,bus,pedestrian,bus,pedestrian,bus,pedestrian,bus
Pedestrian,Bus,4,pedestrian,bus,pedestrian,bus,pedestrian,bus,pedestrian,bus,pedestrian,bus
Pedestrian,Bus,4,pedestrian,bus,pedestrian,bus,pedestrian,bus,pedestrian,bus,pedestrian,bus
Pedestrian,Bus,4,pedestrian,bus,pedestrian,bus,pedestrian,bus,pedestrian,bus,pedestrian,bus
Pedestrian,Bus,4,pedestrian,bus,pedestrian,bus,pedestrian,bus,pedestrian,bus,pedestrian,bus
Pedestrian,Bus,4,pedestrian,bus,pedestrian,bus,pedestrian,bus,pedestrian,bus,pedestrian,bus
Pedestrian,Bus,4,pedestrian,bus,pedestrian,bus,pedestrian,bus,pedestrian,bus,pedestrian,bus
Pedestrian,Bus,4,pedestrian,bus,pedestrian,bus,pedestrian,bus,pedestrian,bus,pedestrian,bus
Pedestrian,Bus,4,pedestrian,bus,pedestrian,bus,pedestrian,bus,pedestrian,bus,pedestrian,bus
Pedestrian,Bus,4,pedestrian,bus,pedestrian,bus,pedestrian,bus,pedestrian,bus,pedestrian,bus
Pedestrian,Bus,4,pedestrian,bus,pedestrian,bus,pedestrian,bus,pedestrian,bus,pedestrian,bus
Pedestrian,Bus,4,pedestrian,bus,pedestrian,bus,pedestrian,bus,pedestrian,bus,pedestrian,bus
Pedestrian,Bus,4,pedestrian,bus,pedestrian,bus,pedestrian,bus,pedestrian,bus,pedestrian,bus
Pedestrian,Bus,4,pedestrian,bus,pedestrian,bus,pedestrian,bus,pedestrian,bus,pedestrian,bus
Pedestrian,Bus,4,pedestrian,bus,pedestrian,bus,pedestrian,bus,pedestrian,bus,pedestrian,bus
Pedestrian,Bus,4,pedestrian,bus,pedestrian,bus,pedestrian,bus,pedestrian,bus,pedestrian,bus
Pedestrian,Bus,4,pedestrian,bus,pedestrian,bus,pedestrian,bus,pedestrian,bus,pedestrian,bus
Pedestrian,Bus,4,pedestrian,bus,pedestrian,bus,pedestrian,bus,pedestrian,bus,pedestrian,bus
Pedestrian,Bus,4,pedestrian,bus,pedestrian,bus,pedestrian,bus,pedestrian,bus,pedestrian,bus
Pedestrian,Bus,4,pedestrian,bus,pedestrian,bus,pedestrian,bus,pedestrian,bus,pedestrian,bus
Pedestrian,Bus,4,pedestrian,bus,pedestrian,bus,pedestrian,bus,pedestrian,bus,pedestrian,bus
Pedestrian,Bus,4,pedestrian,bus,pedestrian,bus,pedestrian,bus,pedestrian,bus,pedestrian,bus
Pedestrian,Bus,4,pedestrian,bus,pedestrian,bus,pedestrian,bus,pedestrian,bus,pedestrian,bus
Pedestrian,Bus,4,pedestrian,bus,pedestrian,bus,pedestrian,bus,pedestrian,bus,pedestrian,bus
Pedestrian,Bus,4,pedestrian,bus,pedestrian,bus,pedestrian,bus,pedestrian,bus,pedestrian,bus
Pedestrian,Bus,4,pedestrian,bus,pedestrian,bus,pedestrian,bus,pedestrian,bus,pedestrian,bus
Pedestrian,Bus,4,pedestrian,bus,pedestrian,bus,pedestrian,bus,pedestrian,bus,pedestrian,bus
Pedestrian,Bus,4,pedestrian,bus,pedestrian,bus,pedestrian,bus,pedestrian,bus,pedestrian,bus
Pedestrian,Bus,4,pedestrian,bus,pedestrian,bus,pedestrian,bus,pedestrian,bus,pedestrian,bus
Pedestrian,Bus,4,pedestrian,bus,pedestrian,bus,pedestrian,bus,pedestrian,bus,pedestrian,bus
Pedestrian,Bus,4,pedestrian,bus,pedestrian,bus,pedestrian,bus,pedestrian,bus,pedestrian,bus
Pedestrian,Bus,4,pedestrian,bus,pedestrian,bus,pedestrian,bus,pedestrian,bus,pedestrian,bus
Pedestrian,Bus,4,pedestrian,bus,pedestrian,bus,pedestrian,bus,pedestrian,bus,pedestrian,bus
Pedestrian,Bus,4,pedestrian,bus,pedestrian,bus,pedestrian,bus,pedestrian,bus,pedestrian,bus
Pedestrian,Bus,4,pedestrian,bus,pedestrian,bus,pedestrian,bus,pedestrian,bus,pedestrian,bus
Pedestrian,Bus,4,pedestrian,bus,pedestrian,bus,pedestrian,bus,pedestrian,bus,pedestrian,bus
Pedestrian,Bus,4,pedestrian,bus,pedestrian,bus,pedestrian,bus,pedestrian,bus,pedestrian,bus
Pedestrian,Bus,4,pedestrian,bus,pedestrian,bus,pedestrian,bus,pedestrian,bus,pedestrian,bus
Pedestrian,Bus,4,pedestrian,bus,pedestrian,bus,pedestrian,bus,pedestrian,bus,pedestrian,bus
Pedestrian,Bus,4,pedestrian,bus,pedestrian,bus,pedestrian,bus,pedestrian,bus,pedestrian,bus
Pedestrian,Bus,4,pedestrian,bus,pedestrian,bus,pedestrian,bus,pedestrian,bus,pedestrian,bus
Pedestrian,Bus,4,pedestrian,bus,pedestrian,bus,pedestrian,bus,pedestrian,bus,pedestrian,bus
Pedestrian,Bus,4,pedestrian,bus,pedestrian,bus,pedestrian,bus,pedestrian,bus,pedestrian,bus
Pedestrian,Bus,4,pedestrian,bus,pedestrian,bus,pedestrian,bus,pedestrian,bus,pedestrian,bus
Pedestrian,Bus,4,pedestrian,bus,pedestrian,bus,pedestrian,bus,pedestrian,bus,pedestrian,bus
Pedestrian,Bus,4,pedestrian,bus,pedestrian,bus,pedestrian,bus,pedestrian,bus,pedestrian,bus
Pedestrian,Bus,4,pedestrian,bus,pedestrian,bus,pedestrian,bus,pedestrian,bus,pedestrian,bus
Pedestrian,Bus,4,pedestrian,bus,pedestrian,bus,pedestrian,bus,pedestrian,bus,pedestrian,bus
Pedestrian,Bus,4,pedestrian,bus,pedestrian,bus,pedestrian,bus,pedestrian,bus,pedestrian,bus
Pedestrian,Bus,4,pedestrian,bus,pedestrian,bus,pedestrian,bus,pedestrian,bus,pedestrian,bus
Pedestrian,Bus,4,pedestrian,bus,pedestrian,bus,pedestrian,bus,pedestrian,bus,pedestrian,bus
Pedestrian,Bus,4,pedestrian,bus,pedestrian,bus,pedestrian,bus,pedestrian,bus,pedestrian,bus
Pedestrian,Bus,4,pedestrian,bus,pedestrian,bus,pedestrian,bus,pedestrian,bus,pedestrian,bus
Pedestrian,Bus,4,pedestrian,bus,pedestrian,bus,pedestrian,bus,pedestrian,bus,pedestrian,bus
Pedestrian,Bus,4,pedestrian,bus,pedestrian,bus,pedestrian,bus,pedestrian,bus,pedestrian,bus
Pedestrian,Bus,4,pedestrian,bus,pedestrian,bus,pedestrian,bus,pedestrian,bus,pedestrian,bus
Pedestrian,Bus,4,pedestrian,bus,pedestrian,bus,pedestrian,bus,pedestrian,bus,pedestrian,bus
Pedestrian,Bus,4,pedestrian,bus,pedestrian,bus,pedestrian,bus,pedestrian,bus,pedestrian,bus
Pedestrian,Bus,4,pedestrian,bus,pedestrian,bus,pedestrian,bus,pedestrian,bus,pedestrian,bus
Pedestrian,Bus,4,pedestrian,bus,pedestrian,bus,pedestrian,bus,pedestrian,bus,pedestrian,bus
Pedestrian,Bus,4,pedestrian,bus,pedestrian,bus,pedestrian,bus,pedestrian,bus,pedestrian,bus
Pedestrian,Bus,4,pedestrian,bus,pedestrian,bus,pedestrian,bus,pedestrian,bus,pedestrian,bus
Pedestrian,Bus,4,pedestrian,bus,pedestrian,bus,pedestrian,bus,pedestrian,bus,pedestrian,bus
Pedestrian,Bus,4,pedestrian,bus,pedestrian,bus,pedestrian,bus,pedestrian,bus,pedestrian,bus
Pedestrian,Bus,4,pedestrian,bus,pedestrian,bus,pedestrian,bus,pedestrian,bus,pedestrian,bus
Pedestrian,Bus,4,pedestrian,bus,pedestrian,bus,pedestrian,bus,pedestrian,bus,pedestrian,bus
Pedestrian,Bus,4,pedestrian,bus,pedestrian,bus,pedestrian,bus,pedestrian,bus,pedestrian,bus
Pedestrian,Bus,4,pedestrian,bus,pedestrian,bus,pedestrian,bus,pedestrian,bus,pedestrian,bus
Pedestrian,Bus,4,pedestrian,bus,pedestrian,bus,pedestrian,bus,pedestrian,bus,pedestrian,bus
Pedestrian,Bus,4,pedestrian,bus,pedestrian,bus,pedestrian,bus,pedestrian,bus,pedestrian,bus
Pedestrian,Bus,4,pedestrian,bus,pedestrian,bus,pedestrian,bus,pedestrian,bus,pedestrian,bus
Pedestrian,Bus,4,pedestrian,bus,pedestrian,bus,pedestrian,bus,pedestrian,bus,pedestrian,bus
Pedestrian,Bus,4,pedestrian,bus,pedestrian,bus,pedestrian,bus,pedestrian,bus,pedestrian,bus
Pedestrian,Bus,4,pedestrian,bus,pedestrian,bus,pedestrian,bus,pedestrian,bus,pedestrian,bus
Pedestrian,Bus,4,pedestrian,bus,pedestrian,bus,pedestrian,bus,pedestrian,bus,pedestrian,bus
Pedestrian,Bus,4,pedestrian,bus,pedestrian,bus,pedestrian,bus,pedestrian,bus,pedestrian,bus
Pedestrian,Bus,4,pedestrian,bus,pedestrian,bus,pedestrian,bus,pedestrian,bus,pedestrian,bus
Pedestrian,Bus,4,pedestrian,bus,pedestrian,bus,pedestrian,bus,pedestrian,bus,pedestrian,bus
Pedestrian,Bus,4,pedestrian,bus,pedestrian,bus,pedestrian,bus,pedestrian,bus,pedestrian,bus
Pedestrian,Bus,4,pedestrian,bus,pedestrian,bus,pedestrian,bus,pedestrian,bus,pedestrian,bus
Pedestrian,Bus,4,pedestrian,bus,pedestrian,bus,pedestrian,bus,pedestrian,bus,pedestrian,bus
Pedestrian,Bus,4,pedestrian,bus,pedestrian,bus,pedestrian,bus,pedestrian,bus,pedestrian,bus
Pedestrian,Bus,4,pedestrian,bus,pedestrian,bus,pedestrian,bus,pedestrian,bus,pedestrian,bus
Pedestrian,Bus,4,pedestrian,bus,pedestrian,bus,pedestrian,bus,pedestrian,bus,pedestrian,bus
Pedestrian,Bus,4,pedestrian,bus,pedestrian,bus,pedestrian,bus,pedestrian,bus,pedestrian,bus
Pedestrian,Bus,4,pedestrian,bus,pedestrian,bus,pedestrian,bus,pedestrian,bus,pedestrian,bus
Pedestrian,Bus,4,pedestrian,bus,pedestrian,bus,pedestrian,bus,pedestrian,bus,pedestrian,bus
Pedestrian,Bus,4,pedestrian,bus,pedestrian,bus,pedestrian,bus,pedestrian,bus,pedestrian,bus
Pedestrian,Bus,4,pedestrian,bus,pedestrian,bus,pedestrian,bus,pedestrian,bus,pedestrian,bus
Pedestrian,Bus,4,pedestrian,bus,pedestrian,bus,pedestrian,bus,pedestrian,bus,pedestrian,bus
Pedestrian,Bus,4,pedestrian,bus,pedestrian,bus,pedestrian,bus,pedestrian,bus,pedestrian,bus
Pedestrian,Bus,4,pedestrian,bus,pedestrian,bus,pedestrian,bus,pedestrian,bus,pedestrian,bus
Pedestrian,Bus,4,pedestrian,bus,pedestrian,bus,pedestrian,bus,pedestrian,bus,pedestrian,bus
Pedestrian,Car,4,pedestrian,car,pedestrian,car,pedestrian,car,pedestrian,car,pedestrian,car
Pedestrian,Car,4,pedestrian,car,pedestrian,car,pedestrian,car,pedestrian,car,pedestrian,car
Pedestrian,Car,4,pedestrian,car,pedestrian,car,pedestrian,car,pedestrian,car,pedestrian,car
Pedestrian,Car,4,pedestrian,car,pedestrian,car,pedestrian,car,pedestrian,car,pedestrian,car
Pedestrian,Car,4,pedestrian,car,pedestrian,car,pedestrian,car,pedestrian,car,pedestrian,car
Pedestrian,Car,4,pedestrian,car,pedestrian,car,pedestrian,car,pedestrian,car,pedestrian,car
Pedestrian,Car,4,pedestrian,car,pedestrian,car,pedestrian,car,pedestrian,car,pedestrian,car
Pedestrian,Car,4,pedestrian,car,pedestrian,car,pedestrian,car,pedestrian,car,pedestrian,car
Pedestrian,Car,4,pedestrian,car,pedestrian,car,pedestrian,car,pedestrian,car,pedestrian,car
Pedestrian,Car,4,pedestrian,car,pedestrian,car,pedestrian,car,pedestrian,car,pedestrian,car
Pedestrian,Car,4,pedestrian,car,pedestrian,car,pedestrian,car,pedestrian,car,pedestrian,car
Pedestrian,Car,4,pedestrian,car,pedestrian,car,pedestrian,car,pedestrian,car,pedestrian,car
Pedestrian,Car,4,pedestrian,car,pedestrian,car,pedestrian,car,pedestrian,car,pedestrian,car
Pedestrian,Car,4,pedestrian,car,pedestrian,car,pedestrian,car,pedestrian,car,pedestrian,car
Pedestrian,Car,4,pedestrian,car,pedestrian,car,pedestrian,car,pedestrian,car,pedestrian,car
Pedestrian,Car,4,pedestrian,car,pedestrian,car,pedestrian,car,pedestrian,car,pedestrian,car
Pedestrian,Car,4,pedestrian,car,pedestrian,car,pedestrian,car,pedestrian,car,pedestrian,car
Pedestrian,Car,4,pedestrian,car,pedestrian,car,pedestrian,car,pedestrian,car,pedestrian,car
Pedestrian,Car,4,pedestrian,car,pedestrian,car,pedestrian,car,pedestrian,car,pedestrian,car
Pedestrian,Car,4,pedestrian,car,pedestrian,car,pedestrian,car,pedestrian,car,pedestrian,car
Pedestrian,Car,4,pedestrian,car,pedestrian,car,pedestrian,car,pedestrian,car,pedestrian,car
Pedestrian,Car,4,pedestrian,car,pedestrian,car,pedestrian,car,pedestrian,car,pedestrian,car
Pedestrian,Car,4,pedestrian,car,pedestrian,car,pedestrian,car,pedestrian,car,pedestrian,car
Pedestrian,Car,4,pedestrian,car,pedestrian,car,pedestrian,car,pedestrian,car,pedestrian,car
Pedestrian,Car,4,pedestrian,car,pedestrian,car,pedestrian,car,pedestrian,car,pedestrian,car
Pedestrian,Car,4,pedestrian,car,pedestrian,car,pedestrian,car,pedestrian,car,pedestrian,car
Pedestrian,Car,4,pedestrian,car,pedestrian,car,pedestrian,car,pedestrian,car,pedestrian,car
Pedestrian,Car,4,pedestrian,car,pedestrian,car,pedestrian,car,pedestrian,car,pedestrian,car
Pedestrian,Car,4,pedestrian,car,pedestrian,car,pedestrian,car,pedestrian,car,pedestrian,car
Pedestrian,Car,4,pedestrian,car,pedestrian,car,pedestrian,car,pedestrian,car,pedestrian,car
Pedestrian,Car,4,pedestrian,car,pedestrian,car,pedestrian,car,pedestrian,car,pedestrian,car
Pedestrian,Car,4,pedestrian,car,pedestrian,car,pedestrian,car,pedestrian,car,pedestrian,car
Pedestrian,Car,4,pedestrian,car,pedestrian,car,pedestrian,car,pedestrian,car,pedestrian,car
Pedestrian,Car,4,pedestrian,car,pedestrian,car,pedestrian,car,pedestrian,car,pedestrian,car
Pedestrian,Car,4,pedestrian,car,pedestrian,car,pedestrian,car,pedestrian,car,pedestrian,car
Pedestrian,Car,4,pedestrian,car,pedestrian,car,pedestrian,car,pedestrian,car,pedestrian,car
Pedestrian,Car,4,pedestrian,car,pedestrian,car,pedestrian,car,pedestrian,car,pedestrian,car
Pedestrian,Car,4,pedestrian,car,pedestrian,car,pedestrian,car,pedestrian,car,pedestrian,car
Pedestrian,Car,4,pedestrian,car,pedestrian,car,pedestrian,car,pedestrian,car,pedestrian,car
Pedestrian,Car,4,pedestrian,car,pedestrian,car,pedestrian,car,pedestrian,car,pedestrian,car
Pedestrian,Car,4,pedestrian,car,pedestrian,car,pedestrian,car,pedestrian,car,pedestrian,car
Pedestrian,Car,4,pedestrian,car,pedestrian,car,pedestrian,car,pedestrian,car,pedestrian,car
Pedestrian,Car,4,pedestrian,car,pedestrian,car,pedestrian,car,pedestrian,car,pedestrian,car
Pedestrian,Car,4,pedestrian,car,pedestrian,car,pedestrian,car,pedestrian,car,pedestrian,car
Pedestrian,Car,4,pedestrian,car,pedestrian,car,pedestrian,car,pedestrian,car,pedestrian,car
Pedestrian,Car,4,pedestrian,car,pedestrian,car,pedestrian,car,pedestrian,car,pedestrian,car
Pedestrian,Car,4,pedestrian,car,pedestrian,car,pedestrian,car,pedestrian,car,pedestrian,car
Pedestrian,Car,4,pedestrian,car,pedestrian,car,pedestrian,car,pedestrian,car,pedestrian,car
Pedestrian,Car,4,pedestrian,car,pedestrian,car,pedestrian,car,pedestrian,car,pedestrian,car
Pedestrian,Car,4,pedestrian,car,pedestrian,car,pedestrian,car,pedestrian,car,pedestrian,car
Pedestrian,Car,4,pedestrian,car,pedestrian,car,pedestrian,car,pedestrian,car,pedestrian,car
Pedestrian,Car,4,pedestrian,car,pedestrian,car,pedestrian,car,pedestrian,car,pedestrian,car
Pedestrian,Car,4,pedestrian,car,pedestrian,car,pedestrian,car,pedestrian,car,pedestrian,car
Pedestrian,Car,4,pedestrian,car,pedestrian,car,pedestrian,car,pedestrian,car,pedestrian,car
Pedestrian,Car,4,pedestrian,car,pedestrian,car,pedestrian,car,pedestrian,car,pedestrian,car
Pedestrian,Car,4,pedestrian,car,pedestrian,car,pedestrian,car,pedestrian,car,pedestrian,car
Pedestrian,Car,4,pedestrian,car,pedestrian,car,pedestrian,car,pedestrian,car,pedestrian,car
Pedestrian,Car,4,pedestrian,car,pedestrian,car,pedestrian,car,pedestrian,car,pedestrian,car
Pedestrian,Car,4,pedestrian,car,pedestrian,car,pedestrian,car,pedestrian,car,pedestrian,car
Pedestrian,Car,4,pedestrian,car,pedestrian,car,pedestrian,car,pedestrian,car,pedestrian,car
Pedestrian,Car,4,pedestrian,car,pedestrian,car,pedestrian,car,pedestrian,car,pedestrian,car
Pedestrian,Car,4,pedestrian,car,pedestrian,car,pedestrian,car,pedestrian,car,pedestrian,car
Pedestrian,Car,4,pedestrian,car,pedestrian,car,pedestrian,car,pedestrian,car,pedestrian,car
Pedestrian,Car,4,pedestrian,car,pedestrian,car,pedestrian,car,pedestrian,car,pedestrian,car
Pedestrian,Car,4,pedestrian,car,pedestrian,car,pedestrian,car,pedestrian,car,pedestrian,car
Pedestrian,Car,4,pedestrian,car,pedestrian,car,pedestrian,car,pedestrian,car,pedestrian,car
Pedestrian,Car,4,pedestrian,car,pedestrian,car,pedestrian,car,pedestrian,car,pedestrian,car
Pedestrian,Car,4,pedestrian,car,pedestrian,car,pedestrian,car,pedestrian,car,pedestrian,car
Pedestrian,Car,4,pedestrian,car,pedestrian,car,pedestrian,car,pedestrian,car,pedestrian,car
Pedestrian,Car,4,pedestrian,car,pedestrian,car,pedestrian,car,pedestrian,car,pedestrian,car
Pedestrian,Car,4,pedestrian,car,pedestrian,car,pedestrian,car,pedestrian,car,pedestrian,car
Pedestrian,Car,4,pedestrian,car,pedestrian,car,pedestrian,car,pedestrian,car,pedestrian,car
Pedestrian,Car,4,pedestrian,car,pedestrian,car,pedestrian,car,pedestrian,car,pedestrian,car
Pedestrian,Car,4,pedestrian,car,pedestrian,car,pedestrian,car,pedestrian,car,pedestrian,car
Pedestrian,Car,4,pedestrian,car,pedestrian,car,pedestrian,car,pedestrian,car,pedestrian,car
Pedestrian,Car,4,pedestrian,car,pedestrian,car,pedestrian,car,pedestrian,car,pedestrian,car
Pedestrian,Car,4,pedestrian,car,pedestrian,car,pedestrian,car,pedestrian,car,pedestrian,car
Pedestrian,Car,4,pedestrian,car,pedestrian,car,pedestrian,car,pedestrian,car,pedestrian,car
Pedestrian,Car,4,pedestrian,car,pedestrian,car,pedestrian,car,pedestrian,car,pedestrian,car
Pedestrian,Car,4,pedestrian,car,pedestrian,car,pedestrian,car,pedestrian,car,pedestrian,car
Pedestrian,Car,4,pedestrian,car,pedestrian,car,pedestrian,car,pedestrian,car,pedestrian,car
Pedestrian,Car,4,pedestrian,car,pedestrian,car,pedestrian,car,pedestrian,car,pedestrian,car
Pedestrian,Car,4,pedestrian,car,pedestrian,car,pedestrian,car,pedestrian,car,pedestrian,car
Pedestrian,Car,4,pedestrian,car,pedestrian,car,pedestrian,car,pedestrian,car,pedestrian,car
Pedestrian,Car,4,pedestrian,car,pedestrian,car,pedestrian,car,pedestrian,car,pedestrian,car
Pedestrian,Car,4,pedestrian,car,pedestrian,car,pedestrian,car,pedestrian,car,pedestrian,car
Pedestrian,Car,4,pedestrian,car,pedestrian,car,pedestrian,car,pedestrian,car,pedestrian,car
Pedestrian,Car,4,pedestrian,car,pedestrian,car,pedestrian,car,pedestrian,car,pedestrian,car
Pedestrian,Car,4,pedestrian,car,pedestrian,car,pedestrian,car,pedestrian,car,pedestrian,car
Pedestrian,Car,4,pedestrian,car,pedestrian,car,pedestrian,car,pedestrian,car,pedestrian,car
Pedestrian,Car,4,pedestrian,car,pedestrian,car,pedestrian,car,pedestrian,car,pedestrian,car
Pedestrian,Car,4,pedestrian,car,pedestrian,car,pedestrian,car,pedestrian,car,pedestrian,car
Pedestrian,Car,4,pedestrian,car,pedestrian,car,pedestrian,car,pedestrian,car,pedestrian,car
Pedestrian,Car,4,pedestrian,car,pedestrian,car,pedestrian,car,pedestrian,car,pedestrian,car
Pedestrian,Car,4,pedestrian,car,pedestrian,car,pedestrian,car,pedestrian,car,pedestrian,car
Pedestrian,Car,4,pedestrian,car,pedestrian,car,pedestrian,car,pedestrian,car,pedestrian,car
Pedestrian,Car,4,pedestrian,car,pedestrian,car,pedestrian,car,pedestrian,car,pedestrian,car
Pedestrian,Car,4,pedestrian,car,pedestrian,car,pedestrian,car,pedestrian,car,pedestrian,car
Pedestrian,Car,4,pedestrian,car,pedestrian,car,pedestrian,car,pedestrian,car,pedestrian,car
Pedestrian,Car,4,pedestrian,car,pedestrian,car,pedestrian,car,pedestrian,car,pedestrian,car
Pedestrian,Car,4,pedestrian,car,pedestrian,car,pedestrian,car,pedestrian,car,pedestrian,car
Pedestrian,Car,4,pedestrian,car,pedestrian,car,pedestrian,car,pedestrian,car,pedestrian,car
Pedestrian,Car,4,pedestrian,car,pedestrian,car,pedestrian,car,pedestrian,car,pedestrian,car
Pedestrian,Car,4,pedestrian,car,pedestrian,car,pedestrian,car,pedestrian,car,pedestrian,car
Pedestrian,Car,4,pedestrian,car,pedestrian,car,pedestrian,car,pedestrian,car,pedestrian,car
Pedestrian,Car,4,pedestrian,car,pedestrian,car,pedestrian,car,pedestrian,car,pedestrian,car
Pedestrian,Car,4,pedestrian,car,pedestrian,car,pedestrian,car,pedestrian,car,pedestrian,car
Pedestrian,Car,4,pedestrian,car,pedestrian,car,pedestrian,car,pedestrian,car,pedestrian,car
Pedestrian,Car,4,pedestrian,car,pedestrian,car,pedestrian,car,pedestrian,car,pedestrian,car
Pedestrian,Car,4,pedestrian,car,pedestrian,car,pedestrian,car,pedestrian,car,pedestrian,car
Pedestrian,Car,4,pedestrian,car,pedestrian,car,pedestrian,car,pedestrian,car,pedestrian,car
Pedestrian,Car,4,pedestrian,car,pedestrian,car,pedestrian,car,pedestrian,car,pedestrian,car
Pedestrian,Car,4,pedestrian,car,pedestrian,car,pedestrian,car,pedestrian,car,pedestrian,car
Pedestrian,Car,4,pedestrian,car,pedestrian,car,pedestrian,car,pedestrian,car,pedestrian,car
Pedestrian,Car,4,pedestrian,car,pedestrian,car,pedestrian,car,pedestrian,car,pedestrian,car
Pedestrian,Car,4,pedestrian,car,pedestrian,car,pedestrian,car,pedestrian,car,pedestrian,car
Pedestrian,Car,4,pedestrian,car,pedestrian,car,pedestrian,car,pedestrian,car,pedestrian,car
Pedestrian,Car,4,pedestrian,car,pedestrian,car,pedestrian,car,pedestrian,car,pedestrian,car
Pedestrian,Car,4,pedestrian,car,pedestrian,car,pedestrian,car,pedestrian,car,pedestrian,car
Pedestrian,Car,4,pedestrian,car,pedestrian,car,pedestrian,car,pedestrian,car,pedestrian,car
Pedestrian,Car,4,pedestrian,car,pedestrian,car,pedestrian,car,pedestrian,car,pedestrian,car
Pedestrian,Car,4,pedestrian,car,pedestrian,car,pedestrian,car,pedestrian,car,pedestrian,car
Pedestrian,Car,4,pedestrian,car,pedestrian,car,pedestrian,car,pedestrian,car,pedestrian,car
Pedestrian,Car,4,pedestrian,car,pedestrian,car,pedestrian,car,pedestrian,car,pedestrian,car
Pedestrian,Car,4,pedestrian,car,pedestrian,car,pedestrian,car,pedestrian,car,pedestrian,car
Pedestrian,Car,4,pedestrian,car,pedestrian,car,pedestrian,car,pedestrian,car,pedestrian,car
Pedestrian,Car,4,pedestrian,car,pedestrian,car,pedestrian,car,pedestrian,car,pedestrian,car
Pedestrian,Car,4,pedestrian,car,pedestrian,car,pedestrian,car,pedestrian,car,pedestrian,car
Pedestrian,Car,4,pedestrian,car,pedestrian,car,pedestrian,car,pedestrian,car,pedestrian,car
Pedestrian,Car,4,pedestrian,car,pedestrian,car,pedestrian,car,pedestrian,car,pedestrian,car
Pedestrian,Car,4,pedestrian,car,pedestrian,car,pedestrian,car,pedestrian,car,pedestrian,car
Pedestrian,Car,4,pedestrian,car,pedestrian,car,pedestrian,car,pedestrian,car,pedestrian,car
Pedestrian,Car,4,pedestrian,car,pedestrian,car,pedestrian,car,pedestrian,car,pedestrian,car
Pedestrian,Car,4,pedestrian,car,pedestrian,car,pedestrian,car,pedestrian,car,pedestrian,car
Pedestrian,Car,4,pedestrian,car,pedestrian,car,pedestrian,car,pedestrian,car,pedestrian,car
Pedestrian,Car,4,pedestrian,car,pedestrian,car,pedestrian,car,pedestrian,car,pedestrian,car
Pedestrian,Car,4,pedestrian,car,pedestrian,car,pedestrian,car,pedestrian,car,pedestrian,car
Pedestrian,Car,4,pedestrian,car,pedestrian,car,pedestrian,car,pedestrian,car,pedestrian,car
Pedestrian,Car,4,pedestrian,car,pedestrian,car,pedestrian,car,pedestrian,car,pedestrian,car
Pedestrian,Car,4,pedestrian,car,pedestrian,car,pedestrian,car,pedestrian,car,pedestrian,car
Pedestrian,Car,4,pedestrian,car,pedestrian,car,pedestrian,car,pedestrian,car,pedestrian,car
Pedestrian,Car,4,pedestrian,car,pedestrian,car,pedestrian,car,pedestrian,car,pedestrian,car
Pedestrian,Car,4,pedestrian,car,pedestrian,car,pedestrian,car,pedestrian,car,pedestrian,car
Pedestrian,Car,4,pedestrian,car,pedestrian,car,pedestrian,car,pedestrian,car,pedestrian,car
Pedestrian,Car,4,pedestrian,car,pedestrian,car,pedestrian,car,pedestrian,car,pedestrian,car
Pedestrian,Car,4,pedestrian,car,pedestrian,car,pedestrian,car,pedestrian,car,pedestrian,car
Pedestrian,Car,4,pedestrian,car,pedestrian,car,pedestrian,car,pedestrian,car,pedestrian,car
Pedestrian,Car,4,pedestrian,car,pedestrian,car,pedestrian,car,pedestrian,car,pedestrian,car
Pedestrian,Car,4,pedestrian,car,pedestrian,car,pedestrian,car,pedestrian,car,pedestrian,car
Pedestrian,Car,4,pedestrian,car,pedestrian,car,pedestrian,car,pedestrian,car,pedestrian,car
Pedestrian,Car,4,pedestrian,car,pedestrian,car,pedestrian,car,pedestrian,car,pedestrian,car
Pedestrian,Car,4,pedestrian,car,pedestrian,car,pedestrian,car,pedestrian,car,pedestrian,car
Pedestrian,Car,4,pedestrian,car,pedestrian,car,pedestrian,car,pedestrian,car,pedestrian,car
Pedestrian,Car,4,pedestrian,car,pedestrian,car,pedestrian,car,pedestrian,car,pedestrian,car
Pedestrian,Car,4,pedestrian,car,pedestrian,car,pedestrian,car,pedestrian,car,pedestrian,car
Pedestrian,Car,4,pedestrian,car,pedestrian,car,pedestrian,car,pedestrian,car,pedestrian,car
Pedestrian,Car,4,pedestrian,car,pedestrian,car,pedestrian,car,pedestrian,car,pedestrian,car
Pedestrian,Car,4,pedestrian,car,pedestrian,car,pedestrian,car,pedestrian,car,pedestrian,car
Pedestrian,Car,4,pedestrian,car,pedestrian,car,pedestrian,car,pedestrian,car,pedestrian,car
Pedestrian,Car,4,pedestrian,car,pedestrian,car,pedestrian,car,pedestrian,car,pedestrian,car
Pedestrian,Car,4,pedestrian,car,pedestrian,car,pedestrian,car,pedestrian,car,pedestrian,car
Pedestrian,Car,4,pedestrian,car,pedestrian,car,pedestrian,car,pedestrian,car,pedestrian,car
Pedestrian,Car,4,pedestrian,car,pedestrian,car,pedestrian,car,pedestrian,car,pedestrian,car
Pedestrian,Car,4,pedestrian,car,pedestrian,car,pedestrian,car,pedestrian,car,pedestrian,car
Pedestrian,Car,4,pedestrian,car,pedestrian,car,pedestrian,car,pedestrian,car,pedestrian,car
Pedestrian,Car,4,pedestrian,car,pedestrian,car,pedestrian,car,pedestrian,car,pedestrian,car
Pedestrian,Car,4,pedestrian,car,pedestrian,car,pedestrian,car,pedestrian,car,pedestrian,car
Pedestrian,Car,4,pedestrian,car,pedestrian,car,pedestrian,car,pedestrian,car,pedestrian,car
Pedestrian,Car,4,pedestrian,car,pedestrian,car,pedestrian,car,pedestrian,car,pedestrian,car
Pedestrian,Car,4,pedestrian,car,pedestrian,car,pedestrian,car,pedestrian,car,pedestrian,car
Pedestrian,Car,4,pedestrian,car,pedestrian,car,pedestrian,car,pedestrian,car,pedestrian,car
Pedestrian,Car,4,pedestrian,car,pedestrian,car,pedestrian,car,pedestrian,car,pedestrian,car
Pedestrian,Car,4,pedestrian,car,pedestrian,car,pedestrian,car,pedestrian,car,pedestrian,car
Pedestrian,Car,4,pedestrian,car,pedestrian,car,pedestrian,car,pedestrian,car,pedestrian,car
Pedestrian,Car,4,pedestrian,car,pedestrian,car,pedestrian,car,pedestrian,car,pedestrian,car
Pedestrian,Car,4,pedestrian,car,pedestrian,car,pedestrian,car,pedestrian,car,pedestrian,car
Pedestrian,Car,4,pedestrian,car,pedestrian,car,pedestrian,car,pedestrian,car,pedestrian,car
Pedestrian,Car,4,pedestrian,car,pedestrian,car,pedestrian,car,pedestrian,car,pedestrian,car
Pedestrian,Car,4,pedestrian,car,pedestrian,car,pedestrian,car,pedestrian,car,pedestrian,car
Pedestrian,Car,4,pedestrian,car,pedestrian,car,pedestrian,car,pedestrian,car,pedestrian,car
Pedestrian,Car,4,pedestrian,car,pedestrian,car,pedestrian,car,pedestrian,car,pedestrian,car
Pedestrian,Car,4,pedestrian,car,pedestrian,car,pedestrian,car,pedestrian,car,pedestrian,car
Pedestrian,Car,4,pedestrian,car,pedestrian,car,pedestrian,car,pedestrian,car,pedestrian,car
Pedestrian,Car,4,pedestrian,car,pedestrian,car,pedestrian,car,pedestrian,car,pedestrian,car
Pedestrian,Car,4,pedestrian,car,pedestrian,car,pedestrian,car,pedestrian,car,pedestrian,car
Pedestrian,Car,4,pedestrian,car,pedestrian,car,pedestrian,car,pedestrian,car,pedestrian,car
Pedestrian,Car,4,pedestrian,car,pedestrian,car,pedestrian,car,pedestrian,car,pedestrian,car
Pedestrian,Car,4,pedestrian,car,pedestrian,car,pedestrian,car,pedestrian,car,pedestrian,car
Pedestrian,Car,4,pedestrian,car,pedestrian,car,pedestrian,car,pedestrian,car,pedestrian,car
Pedestrian,Car,4,pedestrian,car,pedestrian,car,pedestrian,car,pedestrian,car,pedestrian,car
Pedestrian,Car,4,pedestrian,car,pedestrian,car,pedestrian,car,pedestrian,car,pedestrian,car
Pedestrian,Car,4,pedestrian,car,pedestrian,car,pedestrian,car,pedestrian,car,pedestrian,car
Pedestrian,Car,4,pedestrian,car,pedestrian,car,pedestrian,car,pedestrian,car,pedestrian,car
Pedestrian,Car,4,pedestrian,car,pedestrian,car,pedestrian,car,pedestrian,car,pedestrian,car
Pedestrian,Car,4,pedestrian,car,pedestrian,car,pedestrian,car,pedestrian,car,pedestrian,car
Pedestrian,Car,4,pedestrian,car,pedestrian,car,pedestrian,car,pedestrian,car,pedestrian,car
Pedestrian,Car,4,pedestrian,car,pedestrian,car,pedestrian,car,pedestrian,car,pedestrian,car
Pedestrian,Car,4,pedestrian,car,pedestrian,car,pedestrian,car,pedestrian,car,pedestrian,car
Pedestrian,Car,4,pedestrian,car,pedestrian,car,pedestrian,car,pedestrian,car,pedestrian,car
Pedestrian,Car,4,pedestrian,car,pedestrian,car,pedestrian,car,pedestrian,car,pedestrian,car
Pedestrian,Car,4,pedestrian,car,pedestrian,car,pedestrian,car,pedestrian,car,pedestrian,car
Pedestrian,motorcycle,4,pedestrian,motorcycle,pedestrian,motorcycle,pedestrian,motorcycle,pedestrian,motorcycle,pedestrian,motorcycle
Pedestrian,motorcycle,4,pedestrian,motorcycle,pedestrian,motorcycle,pedestrian,motorcycle,pedestrian,motorcycle,pedestrian,motorcycle
Pedestrian,motorcycle,4,pedestrian,motorcycle,pedestrian,motorcycle,pedestrian,motorcycle,pedestrian,motorcycle,pedestrian,motorcycle
Pedestrian,motorcycle,4,pedestrian,motorcycle,pedestrian,motorcycle,pedestrian,motorcycle,pedestrian,motorcycle,pedestrian,motorcycle
Pedestrian,motorcycle,4,pedestrian,motorcycle,pedestrian,motorcycle,pedestrian,motorcycle,pedestrian,motorcycle,pedestrian,motorcycle
Pedestrian,motorcycle,4,pedestrian,motorcycle,pedestrian,motorcycle,pedestrian,motorcycle,pedestrian,motorcycle,pedestrian,motorcycle
Pedestrian,motorcycle,4,pedestrian,motorcycle,pedestrian,motorcycle,pedestrian,motorcycle,pedestrian,motorcycle,pedestrian,motorcycle
Pedestrian,motorcycle,4,pedestrian,motorcycle,pedestrian,motorcycle,pedestrian,motorcycle,pedestrian,motorcycle,pedestrian,motorcycle
Pedestrian,motorcycle,4,pedestrian,motorcycle,pedestrian,motorcycle,pedestrian,motorcycle,pedestrian,motorcycle,pedestrian,motorcycle
Pedestrian,motorcycle,4,pedestrian,motorcycle,pedestrian,motorcycle,pedestrian,motorcycle,pedestrian,motorcycle,pedestrian,motorcycle
Pedestrian,motorcycle,4,pedestrian,motorcycle,pedestrian,motorcycle,pedestrian,motorcycle,pedestrian,motorcycle,pedestrian,motorcycle
Pedestrian,motorcycle,4,pedestrian,motorcycle,pedestrian,motorcycle,pedestrian,motorcycle,pedestrian,motorcycle,pedestrian,motorcycle
Pedestrian,motorcycle,4,pedestrian,motorcycle,pedestrian,motorcycle,pedestrian,motorcycle,pedestrian,motorcycle,pedestrian,motorcycle
Pedestrian,Truck,4,pedestrian,truck,pedestrian,truck,pedestrian,truck,pedestrian,truck,pedestrian,truck
Pedestrian,Truck,4,pedestrian,truck,pedestrian,truck,pedestrian,truck,pedestrian,truck,pedestrian,truck
Pedestrian,Truck,4,pedestrian,truck,pedestrian,truck,pedestrian,truck,pedestrian,truck,pedestrian,truck
Pedestrian,Truck,4,pedestrian,truck,pedestrian,truck,pedestrian,truck,pedestrian,truck,pedestrian,truck
Pedestrian,Truck,4,pedestrian,truck,pedestrian,truck,pedestrian,truck,pedestrian,truck,pedestrian,truck
Pedestrian,Truck,4,pedestrian,truck,pedestrian,truck,pedestrian,truck,pedestrian,truck,pedestrian,truck
Pedestrian,Truck,4,pedestrian,truck,pedestrian,truck,pedestrian,truck,pedestrian,truck,pedestrian,truck
Pedestrian,Truck,4,pedestrian,truck,pedestrian,truck,pedestrian,truck,pedestrian,truck,pedestrian,truck
Pedestrian,Truck,4,pedestrian,truck,pedestrian,truck,pedestrian,truck,pedestrian,truck,pedestrian,truck
Pedestrian,Truck,4,pedestrian,truck,pedestrian,truck,pedestrian,truck,pedestrian,truck,pedestrian,truck
Pedestrian,Truck,4,pedestrian,truck,pedestrian,truck,pedestrian,truck,pedestrian,truck,pedestrian,truck
Pedestrian,Truck,4,pedestrian,truck,pedestrian,truck,pedestrian,truck,pedestrian,truck,pedestrian,truck
Pedestrian,Truck,4,pedestrian,truck,pedestrian,truck,pedestrian,truck,pedestrian,truck,pedestrian,truck
Pedestrian,Truck,4,pedestrian,truck,pedestrian,truck,pedestrian,truck,pedestrian,truck,pedestrian,truck
Pedestrian,Truck,4,pedestrian,truck,pedestrian,truck,pedestrian,truck,pedestrian,truck,pedestrian,truck
Pedestrian,Truck,4,pedestrian,truck,pedestrian,truck,pedestrian,truck,pedestrian,truck,pedestrian,truck
Pedestrian,Truck,4,pedestrian,truck,pedestrian,truck,pedestrian,truck,pedestrian,truck,pedestrian,truck
Pedestrian,Truck,4,pedestrian,truck,pedestrian,truck,pedestrian,truck,pedestrian,truck,pedestrian,truck
Pedestrian,Truck,4,pedestrian,truck,pedestrian,truck,pedestrian,truck,pedestrian,truck,pedestrian,truck
Pedestrian,Truck,4,pedestrian,truck,pedestrian,truck,pedestrian,truck,pedestrian,truck,pedestrian,truck
Pedestrian,Truck,4,pedestrian,truck,pedestrian,truck,pedestrian,truck,pedestrian,truck,pedestrian,truck
Pedestrian,Truck,4,pedestrian,truck,pedestrian,truck,pedestrian,truck,pedestrian,truck,pedestrian,truck
Pedestrian,Truck,4,pedestrian,truck,pedestrian,truck,pedestrian,truck,pedestrian,truck,pedestrian,truck
Pedestrian,Truck,4,pedestrian,truck,pedestrian,truck,pedestrian,truck,pedestrian,truck,pedestrian,truck
Pedestrian,Truck,4,pedestrian,truck,pedestrian,truck,pedestrian,truck,pedestrian,truck,pedestrian,truck
Pedestrian,Truck,4,pedestrian,truck,pedestrian,truck,pedestrian,truck,pedestrian,truck,pedestrian,truck
Pedestrian,Truck,4,pedestrian,truck,pedestrian,truck,pedestrian,truck,pedestrian,truck,pedestrian,truck
Pedestrian,Truck,4,pedestrian,truck,pedestrian,truck,pedestrian,truck,pedestrian,truck,pedestrian,truck
Pedestrian,Truck,4,pedestrian,truck,pedestrian,truck,pedestrian,truck,pedestrian,truck,pedestrian,truck
Pedestrian,Truck,4,pedestrian,truck,pedestrian,truck,pedestrian,truck,pedestrian,truck,pedestrian,truck
Pedestrian,Truck,4,pedestrian,truck,pedestrian,truck,pedestrian,truck,pedestrian,truck,pedestrian,truck
Pedestrian,Truck,4,pedestrian,truck,pedestrian,truck,pedestrian,truck,pedestrian,truck,pedestrian,truck
Pedestrian,Truck,4,pedestrian,truck,pedestrian,truck,pedestrian,truck,pedestrian,truck,pedestrian,truck
Pedestrian,Truck,4,pedestrian,truck,pedestrian,truck,pedestrian,truck,pedestrian,truck,pedestrian,truck
Pedestrian,Truck,4,pedestrian,truck,pedestrian,truck,pedestrian,truck,pedestrian,truck,pedestrian,truck
Pedestrian,Truck,4,pedestrian,truck,pedestrian,truck,pedestrian,truck,pedestrian,truck,pedestrian,truck
Pedestrian,Truck,4,pedestrian,truck,pedestrian,truck,pedestrian,truck,pedestrian,truck,pedestrian,truck
Pedestrian,Truck,4,pedestrian,truck,pedestrian,truck,pedestrian,truck,pedestrian,truck,pedestrian,truck
Pedestrian,Truck,4,pedestrian,truck,pedestrian,truck,pedestrian,truck,pedestrian,truck,pedestrian,truck
Pedestrian,Truck,4,pedestrian,truck,pedestrian,truck,pedestrian,truck,pedestrian,truck,pedestrian,truck
Pedestrian,Truck,4,pedestrian,truck,pedestrian,truck,pedestrian,truck,pedestrian,truck,pedestrian,truck
Pedestrian,Truck,4,pedestrian,truck,pedestrian,truck,pedestrian,truck,pedestrian,truck,pedestrian,truck
Pedestrian,Truck,4,pedestrian,truck,pedestrian,truck,pedestrian,truck,pedestrian,truck,pedestrian,truck
Pedestrian,Truck,4,pedestrian,truck,pedestrian,truck,pedestrian,truck,pedestrian,truck,pedestrian,truck
Pedestrian,Truck,4,pedestrian,truck,pedestrian,truck,pedestrian,truck,pedestrian,truck,pedestrian,truck
Pedestrian,Truck,4,pedestrian,truck,pedestrian,truck,pedestrian,truck,pedestrian,truck,pedestrian,truck
Pedestrian,Truck,4,pedestrian,truck,pedestrian,truck,pedestrian,truck,pedestrian,truck,pedestrian,truck
Pedestrian,Truck,4,pedestrian,truck,pedestrian,truck,pedestrian,truck,pedestrian,truck,pedestrian,truck
Pedestrian,Truck,4,pedestrian,truck,pedestrian,truck,pedestrian,truck,pedestrian,truck,pedestrian,truck
Pedestrian,Truck,4,pedestrian,truck,pedestrian,truck,pedestrian,truck,pedestrian,truck,pedestrian,truck
Pedestrian,Truck,4,pedestrian,truck,pedestrian,truck,pedestrian,truck,pedestrian,truck,pedestrian,truck
Pedestrian,Truck,4,pedestrian,truck,pedestrian,truck,pedestrian,truck,pedestrian,truck,pedestrian,truck
Pedestrian,Truck,4,pedestrian,truck,pedestrian,truck,pedestrian,truck,pedestrian,truck,pedestrian,truck
Pedestrian,Truck,4,pedestrian,truck,pedestrian,truck,pedestrian,truck,pedestrian,truck,pedestrian,truck
Pedestrian,Truck,4,pedestrian,truck,pedestrian,truck,pedestrian,truck,pedestrian,truck,pedestrian,truck
Pedestrian,Truck,4,pedestrian,truck,pedestrian,truck,pedestrian,truck,pedestrian,truck,pedestrian,truck
Pedestrian,Truck,4,pedestrian,truck,pedestrian,truck,pedestrian,truck,pedestrian,truck,pedestrian,truck
Pedestrian,Truck,4,pedestrian,truck,pedestrian,truck,pedestrian,truck,pedestrian,truck,pedestrian,truck
Pedestrian,Truck,4,pedestrian,truck,pedestrian,truck,pedestrian,truck,pedestrian,truck,pedestrian,truck
Pedestrian,Truck,4,pedestrian,truck,pedestrian,truck,pedestrian,truck,pedestrian,truck,pedestrian,truck
Pedestrian,Truck,4,pedestrian,truck,pedestrian,truck,pedestrian,truck,pedestrian,truck,pedestrian,truck
Pedestrian,Truck,4,pedestrian,truck,pedestrian,truck,pedestrian,truck,pedestrian,truck,pedestrian,truck
Pedestrian,Truck,4,pedestrian,truck,pedestrian,truck,pedestrian,truck,pedestrian,truck,pedestrian,truck
Pedestrian,Truck,4,pedestrian,truck,pedestrian,truck,pedestrian,truck,pedestrian,truck,pedestrian,truck
Pedestrian,Truck,4,pedestrian,truck,pedestrian,truck,pedestrian,truck,pedestrian,truck,pedestrian,truck
Pedestrian,NA,4,pedestrian,truck,pedestrian,car,pedestrian,car,pedestrian,car,pedestrian,car
Pedestrian,NA,4,pedestrian,bus,pedestrian,car,pedestrian,car,pedestrian,car,pedestrian,car
Pedestrian,NA,4,pedestrian,car,pedestrian,truck,pedestrian,car,pedestrian,bus,pedestrian,bus
Pedestrian,NA,4,pedestrian,truck,pedestrian,car,pedestrian,bus,pedestrian,bus,pedestrian,NOV
Pedestrian,NA,4,pedestrian,car,pedestrian,bus,pedestrian,car,pedestrian,car,pedestrian,car
Pedestrian,NA,4,pedestrian,car,pedestrian,car,pedestrian,car,pedestrian,bus,pedestrian,car
Pedestrian,NA,4,pedestrian,bus,pedestrian,car,pedestrian,bus,pedestrian,truck,pedestrian,bus
Pedestrian,NA,4,pedestrian,car,pedestrian,bus,pedestrian,car,pedestrian,car,pedestrian,bus
Pedestrian,NA,4,pedestrian,bus,pedestrian,car,pedestrian,car,pedestrian,car,pedestrian,car
Pedestrian,NA,4,pedestrian,car,pedestrian,car,pedestrian,car,pedestrian,truck,pedestrian,car
Pedestrian,NA,4,pedestrian,bus,pedestrian,car,pedestrian,bus,pedestrian,car,pedestrian,truck
Pedestrian,NA,4,pedestrian,truck,pedestrian,bus,pedestrian,bus,pedestrian,car,pedestrian,car
Pedestrian,NA,4,pedestrian,bus,pedestrian,car,pedestrian,bus,pedestrian,car,pedestrian,truck
Pedestrian,NA,4,pedestrian,bus,pedestrian,truck,pedestrian,bus,pedestrian,bus,pedestrian,bus
Pedestrian,NA,4,pedestrian,bus,pedestrian,car,pedestrian,car,pedestrian,car,pedestrian,NOV
Pedestrian,NA,4,pedestrian,car,pedestrian,bus,pedestrian,truck,pedestrian,bus,pedestrian,bus
Pedestrian,NA,4,pedestrian,bus,pedestrian,car,pedestrian,truck,pedestrian,truck,pedestrian,truck
Pedestrian,NA,4,pedestrian,car,pedestrian,car,pedestrian,truck,pedestrian,NOV,pedestrian,bus
Pedestrian,NA,4,pedestrian,car,pedestrian,bus,pedestrian,truck,pedestrian,bus,pedestrian,truck
Pedestrian,NA,4,pedestrian,car,pedestrian,car,pedestrian,bus,pedestrian,bus,pedestrian,car
Truck,NOV,4,truck,NOV,truck,NOV,truck,NOV,truck,NOV,truck,NOV
Truck,NOV,4,truck,NOV,truck,NOV,truck,NOV,truck,NOV,truck,NOV
Truck,NOV,4,truck,NOV,truck,NOV,truck,NOV,truck,NOV,truck,NOV
Truck,NOV,4,truck,NOV,truck,NOV,truck,NOV,truck,NOV,truck,NOV
Truck,NOV,4,truck,NOV,truck,NOV,truck,NOV,truck,NOV,truck,NOV
Truck,NOV,4,truck,NOV,truck,NOV,truck,NOV,truck,NOV,truck,NOV
Truck,NOV,4,truck,NOV,truck,NOV,truck,NOV,truck,NOV,truck,NOV
Truck,NOV,4,truck,NOV,truck,NOV,truck,NOV,truck,NOV,truck,NOV
Truck,NOV,4,truck,NOV,truck,NOV,truck,NOV,truck,NOV,truck,NOV
Truck,Bus,4,truck,bus,truck,bus,truck,bus,truck,bus,truck,bus
Truck,Bus,4,truck,bus,truck,bus,truck,bus,truck,bus,truck,bus
Truck,Bus,4,truck,bus,truck,bus,truck,bus,truck,bus,truck,bus
Truck,Bus,4,truck,bus,truck,bus,truck,bus,truck,bus,truck,bus
Truck,Bus,4,truck,bus,truck,bus,truck,bus,truck,bus,truck,bus
Truck,Bus,4,truck,bus,truck,bus,truck,bus,truck,bus,truck,bus
Truck,Car,4,truck,car,truck,car,truck,car,truck,car,truck,car
Truck,Car,4,truck,car,truck,car,truck,car,truck,car,truck,car
Truck,Car,4,truck,car,truck,car,truck,car,truck,car,truck,car
Truck,Car,4,truck,car,truck,car,truck,car,truck,car,truck,car
Truck,Car,4,truck,car,truck,car,truck,car,truck,car,truck,car
Truck,Truck,4,truck,truck,truck,truck,truck,truck,truck,truck,truck,truck
Truck,Truck,4,truck,truck,truck,truck,truck,truck,truck,truck,truck,truck
Truck,Truck,4,truck,truck,truck,truck,truck,truck,truck,truck,truck,truck
Truck,Truck,4,truck,truck,truck,truck,truck,truck,truck,truck,truck,truck
Truck,Truck,4,truck,truck,truck,truck,truck,truck,truck,truck,truck,truck
Truck,Truck,4,truck,truck,truck,truck,truck,truck,truck,truck,truck,truck
Truck,Truck,4,truck,truck,truck,truck,truck,truck,truck,truck,truck,truck
Truck,Truck,4,truck,truck,truck,truck,truck,truck,truck,truck,truck,truck
Truck,NA,4,truck,NOV,truck,truck,truck,truck,truck,NOV,truck,car
Truck,Other,4,truck,other,truck,other,truck,other,truck,other,truck,other
NA,NOV,4,car,NOV,car,NOV,motorcycle,NOV,cycle,NOV,car,NOV
NA,NOV,4,truck,NOV,car,NOV,car,NOV,car,NOV,motorcycle,NOV
NA,NOV,4,car,NOV,motorcycle,NOV,car,NOV,motorcycle,NOV,car,NOV
NA,NOV,4,car,NOV,car,NOV,car,NOV,motorcycle,NOV,motorcycle,NOV
NA,NOV,4,car,NOV,car,NOV,motorcycle,NOV,motorcycle,NOV,car,NOV
NA,NOV,4,cycle,NOV,pedestrian,NOV,car,NOV,motorcycle,NOV,car,NOV
NA,NOV,4,car,NOV,motorcycle,NOV,car,NOV,cycle,NOV,car,NOV
NA,NOV,4,pedestrian,NOV,car,NOV,car,NOV,bus,NOV,truck,NOV
NA,NOV,4,pedestrian,NOV,motorcycle,NOV,car,NOV,truck,NOV,car,NOV
NA,NOV,4,cycle,NOV,pedestrian,NOV,motorcycle,NOV,car,NOV,motorcycle,NOV
NA,NOV,4,car,NOV,car,NOV,motorcycle,NOV,car,NOV,truck,NOV
NA,NOV,4,car,NOV,car,NOV,cycle,NOV,car,NOV,car,NOV
NA,NOV,4,pedestrian,NOV,car,NOV,car,NOV,car,NOV,car,NOV
NA,NOV,4,motorcycle,NOV,car,NOV,pedestrian,NOV,truck,NOV,car,NOV
NA,NOV,4,car,NOV,car,NOV,car,NOV,bus,NOV,motorcycle,NOV
NA,NOV,4,cycle,NOV,pedestrian,NOV,motorcycle,NOV,car,NOV,car,NOV
NA,NOV,4,car,NOV,motorcycle,NOV,motorcycle,NOV,car,NOV,car,NOV
NA,Bus,4,pedestrian,bus,car,bus,pedestrian,bus,pedestrian,bus,pedestrian,bus
NA,Bus,4,pedestrian,bus,car,bus,cycle,bus,pedestrian,bus,car,bus
NA,Bus,4,pedestrian,bus,pedestrian,bus,pedestrian,bus,pedestrian,bus,pedestrian,bus
NA,Bus,4,cycle,bus,truck,bus,pedestrian,bus,pedestrian,bus,car,bus
NA,Bus,4,pedestrian,bus,pedestrian,bus,pedestrian,bus,cycle,bus,motorcycle,bus
NA,Bus,4,cycle,bus,other,bus,motorcycle,bus,cycle,bus,pedestrian,bus
NA,Bus,4,pedestrian,bus,pedestrian,bus,car,bus,motorcycle,bus,pedestrian,bus
NA,Bus,4,pedestrian,bus,motorcycle,bus,car,bus,car,bus,car,bus
NA,Bus,4,motorcycle,bus,pedestrian,bus,pedestrian,bus,pedestrian,bus,car,bus
NA,Bus,4,car,bus,pedestrian,bus,pedestrian,bus,pedestrian,bus,pedestrian,bus
NA,Bus,4,pedestrian,bus,bus,bus,cycle,bus,car,bus,motorcycle,bus
NA,Bus,4,motorcycle,bus,car,bus,pedestrian,bus,motorcycle,bus,pedestrian,bus
NA,Bus,4,pedestrian,bus,truck,bus,car,bus,pedestrian,bus,pedestrian,bus
NA,Bus,4,pedestrian,bus,motorcycle,bus,pedestrian,bus,pedestrian,bus,pedestrian,bus
NA,Bus,4,pedestrian,bus,cycle,bus,pedestrian,bus,pedestrian,bus,pedestrian,bus
NA,Bus,4,cycle,bus,pedestrian,bus,pedestrian,bus,motorcycle,bus,pedestrian,bus
NA,Bus,4,car,bus,pedestrian,bus,car,bus,pedestrian,bus,cycle,bus
NA,Bus,4,pedestrian,bus,motorcycle,bus,pedestrian,bus,pedestrian,bus,pedestrian,bus
NA,Bus,4,pedestrian,bus,pedestrian,bus,pedestrian,bus,car,bus,pedestrian,bus
NA,Bus,4,car,bus,pedestrian,bus,motorcycle,bus,pedestrian,bus,car,bus
NA,Bus,4,car,bus,car,bus,pedestrian,bus,pedestrian,bus,pedestrian,bus
NA,Bus,4,pedestrian,bus,pedestrian,bus,pedestrian,bus,car,bus,car,bus
NA,Bus,4,cycle,bus,pedestrian,bus,pedestrian,bus,pedestrian,bus,car,bus
NA,Bus,4,pedestrian,bus,pedestrian,bus,cycle,bus,cycle,bus,pedestrian,bus
NA,Bus,4,motorcycle,bus,pedestrian,bus,pedestrian,bus,pedestrian,bus,pedestrian,bus
NA,Bus,4,bus,bus,pedestrian,bus,pedestrian,bus,pedestrian,bus,car,bus
NA,Bus,4,pedestrian,bus,pedestrian,bus,car,bus,pedestrian,bus,pedestrian,bus
NA,Bus,4,pedestrian,bus,pedestrian,bus,pedestrian,bus,pedestrian,bus,pedestrian,bus
NA,Bus,4,pedestrian,bus,car,bus,pedestrian,bus,pedestrian,bus,pedestrian,bus
NA,Bus,4,pedestrian,bus,car,bus,pedestrian,bus,pedestrian,bus,pedestrian,bus
NA,Bus,4,car,bus,pedestrian,bus,pedestrian,bus,pedestrian,bus,pedestrian,bus
NA,Bus,4,cycle,bus,pedestrian,bus,pedestrian,bus,cycle,bus,car,bus
NA,Bus,4,car,bus,pedestrian,bus,pedestrian,bus,pedestrian,bus,bus,bus
NA,Bus,4,pedestrian,bus,pedestrian,bus,car,bus,pedestrian,bus,car,bus
NA,Bus,4,pedestrian,bus,car,bus,motorcycle,bus,truck,bus,bus,bus
NA,Bus,4,cycle,bus,cycle,bus,car,bus,pedestrian,bus,cycle,bus
NA,Bus,4,motorcycle,bus,pedestrian,bus,pedestrian,bus,pedestrian,bus,pedestrian,bus
NA,Bus,4,car,bus,pedestrian,bus,pedestrian,bus,pedestrian,bus,car,bus
NA,Car,4,bus,car,pedestrian,car,car,car,truck,car,car,car
NA,Car,4,pedestrian,car,cycle,car,pedestrian,car,pedestrian,car,car,car
NA,Car,4,pedestrian,car,pedestrian,car,car,car,car,car,pedestrian,car
NA,Car,4,pedestrian,car,motorcycle,car,pedestrian,car,pedestrian,car,motorcycle,car
NA,Car,4,pedestrian,car,car,car,car,car,pedestrian,car,pedestrian,car
NA,Car,4,pedestrian,car,pedestrian,car,pedestrian,car,motorcycle,car,car,car
NA,Car,4,pedestrian,car,motorcycle,car,car,car,motorcycle,car,pedestrian,car
NA,Car,4,pedestrian,car,bus,car,car,car,cycle,car,pedestrian,car
NA,Car,4,pedestrian,car,cycle,car,car,car,motorcycle,car,pedestrian,car
NA,Car,4,car,car,pedestrian,car,pedestrian,car,pedestrian,car,car,car
NA,Car,4,other,car,pedestrian,car,pedestrian,car,car,car,motorcycle,car
NA,Car,4,pedestrian,car,pedestrian,car,car,car,pedestrian,car,pedestrian,car
NA,Car,4,pedestrian,car,pedestrian,car,cycle,car,pedestrian,car,pedestrian,car
NA,Car,4,car,car,truck,car,pedestrian,car,car,car,cycle,car
NA,Car,4,pedestrian,car,bus,car,pedestrian,car,motorcycle,car,pedestrian,car
NA,Car,4,motorcycle,car,pedestrian,car,car,car,bus,car,pedestrian,car
NA,Car,4,car,car,pedestrian,car,motorcycle,car,pedestrian,car,pedestrian,car
NA,Car,4,cycle,car,pedestrian,car,motorcycle,car,pedestrian,car,cycle,car
NA,Car,4,pedestrian,car,pedestrian,car,bus,car,pedestrian,car,car,car
NA,Car,4,pedestrian,car,pedestrian,car,pedestrian,car,pedestrian,car,pedestrian,car
NA,Car,4,car,car,motorcycle,car,pedestrian,car,cycle,car,car,car
NA,Car,4,motorcycle,car,pedestrian,car,pedestrian,car,pedestrian,car,car,car
NA,Car,4,other,car,car,car,motorcycle,car,bus,car,cycle,car
NA,Car,4,motorcycle,car,cycle,car,pedestrian,car,pedestrian,car,car,car
NA,Car,4,pedestrian,car,car,car,pedestrian,car,pedestrian,car,pedestrian,car
NA,Car,4,car,car,pedestrian,car,pedestrian,car,pedestrian,car,motorcycle,car
NA,Car,4,pedestrian,car,car,car,pedestrian,car,car,car,pedestrian,car
NA,Car,4,car,car,pedestrian,car,car,car,car,car,pedestrian,car
NA,Car,4,pedestrian,car,car,car,motorcycle,car,car,car,pedestrian,car
NA,Car,4,car,car,cycle,car,pedestrian,car,motorcycle,car,pedestrian,car
NA,Car,4,cycle,car,pedestrian,car,pedestrian,car,pedestrian,car,pedestrian,car
NA,Car,4,motorcycle,car,pedestrian,car,pedestrian,car,pedestrian,car,bus,car
NA,Car,4,cycle,car,car,car,pedestrian,car,pedestrian,car,pedestrian,car
NA,Car,4,pedestrian,car,pedestrian,car,cycle,car,pedestrian,car,pedestrian,car
NA,Car,4,pedestrian,car,pedestrian,car,pedestrian,car,other,car,cycle,car
NA,Car,4,car,car,motorcycle,car,pedestrian,car,pedestrian,car,car,car
NA,Car,4,pedestrian,car,pedestrian,car,pedestrian,car,pedestrian,car,motorcycle,car
NA,Car,4,pedestrian,car,car,car,pedestrian,car,car,car,motorcycle,car
NA,Car,4,pedestrian,car,motorcycle,car,car,car,car,car,pedestrian,car
NA,Car,4,car,car,pedestrian,car,motorcycle,car,cycle,car,pedestrian,car
NA,Car,4,motorcycle,car,car,car,car,car,pedestrian,car,pedestrian,car
NA,Car,4,motorcycle,car,car,car,pedestrian,car,pedestrian,car,pedestrian,car
NA,Car,4,pedestrian,car,car,car,pedestrian,car,motorcycle,car,car,car
NA,Car,4,pedestrian,car,pedestrian,car,pedestrian,car,pedestrian,car,pedestrian,car
NA,Car,4,pedestrian,car,car,car,pedestrian,car,pedestrian,car,pedestrian,car
NA,Car,4,pedestrian,car,pedestrian,car,pedestrian,car,pedestrian,car,car,car
NA,Car,4,car,car,pedestrian,car,pedestrian,car,bus,car,pedestrian,car
NA,Car,4,motorcycle,car,pedestrian,car,pedestrian,car,motorcycle,car,motorcycle,car
NA,Car,4,pedestrian,car,pedestrian,car,pedestrian,car,car,car,pedestrian,car
NA,Car,4,car,car,truck,car,motorcycle,car,car,car,pedestrian,car
NA,Car,4,pedestrian,car,pedestrian,car,motorcycle,car,other,car,pedestrian,car
NA,Car,4,car,car,car,car,car,car,car,car,car,car
NA,Car,4,truck,car,motorcycle,car,motorcycle,car,pedestrian,car,cycle,car
NA,Car,4,pedestrian,car,pedestrian,car,car,car,car,car,pedestrian,car
NA,Car,4,pedestrian,car,car,car,motorcycle,car,pedestrian,car,pedestrian,car
NA,Car,4,car,car,pedestrian,car,cycle,car,motorcycle,car,car,car
NA,Car,4,pedestrian,car,cycle,car,pedestrian,car,pedestrian,car,cycle,car
NA,Car,4,pedestrian,car,car,car,car,car,pedestrian,car,other,car
NA,Car,4,pedestrian,car,motorcycle,car,car,car,cycle,car,motorcycle,car
NA,Car,4,pedestrian,car,truck,car,motorcycle,car,pedestrian,car,pedestrian,car
NA,Car,4,pedestrian,car,pedestrian,car,car,car,pedestrian,car,pedestrian,car
NA,Car,4,cycle,car,motorcycle,car,pedestrian,car,car,car,car,car
NA,Car,4,truck,car,pedestrian,car,car,car,pedestrian,car,pedestrian,car
NA,motorcycle,4,pedestrian,motorcycle,pedestrian,motorcycle,motorcycle,motorcycle,pedestrian,motorcycle,pedestrian,motorcycle
NA,motorcycle,4,pedestrian,motorcycle,pedestrian,motorcycle,motorcycle,motorcycle,pedestrian,motorcycle,pedestrian,motorcycle
NA,motorcycle,4,pedestrian,motorcycle,pedestrian,motorcycle,pedestrian,motorcycle,car,motorcycle,pedestrian,motorcycle
NA,motorcycle,4,pedestrian,motorcycle,pedestrian,motorcycle,pedestrian,motorcycle,pedestrian,motorcycle,pedestrian,motorcycle
NA,Truck,4,motorcycle,truck,motorcycle,truck,car,truck,pedestrian,truck,car,truck
NA,Truck,4,motorcycle,truck,pedestrian,truck,pedestrian,truck,cycle,truck,pedestrian,truck
NA,Truck,4,cycle,truck,car,truck,pedestrian,truck,cycle,truck,pedestrian,truck
NA,Truck,4,pedestrian,truck,cycle,truck,car,truck,pedestrian,truck,motorcycle,truck
NA,Truck,4,pedestrian,truck,motorcycle,truck,cycle,truck,cycle,truck,car,truck
NA,Truck,4,pedestrian,truck,pedestrian,truck,cycle,truck,cycle,truck,motorcycle,truck
NA,Truck,4,motorcycle,truck,cycle,truck,pedestrian,truck,cycle,truck,pedestrian,truck
NA,Truck,4,pedestrian,truck,motorcycle,truck,pedestrian,truck,cycle,truck,pedestrian,truck
NA,Truck,4,car,truck,pedestrian,truck,car,truck,cycle,truck,car,truck
NA,Truck,4,pedestrian,truck,car,truck,motorcycle,truck,cycle,truck,cycle,truck
NA,Truck,4,motorcycle,truck,car,truck,car,truck,pedestrian,truck,motorcycle,truck
NA,Truck,4,motorcycle,truck,pedestrian,truck,pedestrian,truck,other,truck,motorcycle,truck
NA,Truck,4,motorcycle,truck,truck,truck,car,truck,cycle,truck,cycle,truck
NA,Truck,4,pedestrian,truck,motorcycle,truck,pedestrian,truck,pedestrian,truck,pedestrian,truck
NA,Truck,4,pedestrian,truck,pedestrian,truck,pedestrian,truck,pedestrian,truck,truck,truck
NA,Truck,4,pedestrian,truck,car,truck,pedestrian,truck,cycle,truck,truck,truck
NA,Truck,4,pedestrian,truck,car,truck,motorcycle,truck,motorcycle,truck,motorcycle,truck
NA,Truck,4,cycle,truck,car,truck,pedestrian,truck,car,truck,cycle,truck
NA,Truck,4,cycle,truck,pedestrian,truck,cycle,truck,motorcycle,truck,cycle,truck
NA,Truck,4,pedestrian,truck,motorcycle,truck,car,truck,pedestrian,truck,pedestrian,truck
NA,Truck,4,car,truck,truck,truck,pedestrian,truck,motorcycle,truck,truck,truck
NA,Truck,4,motorcycle,truck,cycle,truck,motorcycle,truck,car,truck,car,truck
NA,NA,4,cycle,bus,pedestrian,car,pedestrian,car,car,bus,pedestrian,car
NA,NA,4,motorcycle,truck,pedestrian,truck,car,NOV,motorcycle,car,motorcycle,truck
NA,NA,4,pedestrian,bus,pedestrian,bus,pedestrian,car,pedestrian,car,motorcycle,car
