participant_id,pm_conc_base,pm_conc_scen1,pm_conc_scen2,pm_conc_scen3
690101,54.30228165141615,54.662750993764696,54.22194282913288,54.56540770094341
690102,57.332133831791815,57.71271593532936,57.24731242151295,57.6099412724251
690104,53.153499774711584,53.506343274553984,53.07486054552509,53.41105930976113
690201,50,50.331909941337734,49.9260262922293,50.24227899963425
690202,50,50.331909941337734,49.9260262922293,50.24227899963425
690301,51.085939929685914,51.425058556190834,51.01035960185492,51.33348093811672
690303,59.55049511230113,59.94580313908828,59.46239169384037,59.83905179997179
690304,53.36928165091495,53.7235575537548,53.29032317801941,53.627886774306596
690402,57.47582956300844,57.85736554738037,57.39079555860899,57.75433329280194
690501,50,50.331909941337734,49.9260262922293,50.24227899963425
690601,50,50.331909941337734,49.9260262922293,50.24227899963425
690602,50,50.331909941337734,49.9260262922293,50.24227899963425
690701,53.512652690229906,53.867880318534716,53.433482103587046,53.77195252946119
690801,55.7631422024912,56.13330902763594,55.68064207477795,56.03334696867685
690901,50.24306591764868,50.57658937887579,50.16873260013476,50.4865227126304
690902,54.008639353764124,54.3671594401569,53.92873496767115,54.27034253604887
691001,52.02329884675446,52.36863984812291,51.94633172063132,52.275381902799786
691002,55.20076773475044,55.567201406363225,55.119099625527866,55.46824747046681
691101,50,50.331909941337734,49.9260262922293,50.24227899963425
691102,64.00018990890672,64.4250358944721,63.905503281994896,64.31030794865738
691202,53.512652690229906,53.86788031853472,53.433482103587046,53.77195252946119
691203,57.14295403515649,57.52228032558997,57.05841251149746,57.41984478995217
691205,50,50.331909941337734,49.9260262922293,50.24227899963425
691301,52.998928808653254,53.35074623569012,52.92051826321622,53.2557393577222
691302,50.465876342159966,50.80087886328566,50.39121338238142,50.710412782876865
691305,51.75323553544655,52.09678380285872,51.67666796101281,52.00400997811383
691306,51.45394263712263,51.795504138768294,51.37781785879685,51.70326683210984
691402,50.80452150393198,51.141772018973235,50.72935752738874,51.05069887686938
691404,54.855691488485725,55.219834475365424,54.77453391065116,55.12149912964725
691405,52.6655778716536,53.015182448891565,52.587660510312546,52.92077314209168
691406,50.465876342159966,50.80087886328566,50.39121338238142,50.710412782876865
691501,50.729197752946035,51.06594825395186,50.65414521594568,50.975010138622686
691502,50.749453246083434,51.086338207080026,50.674370741604456,50.995363781372355
691601,50.3806280004893,50.71506462617332,50.30609116342906,50.62475136354739
691602,50,50.331909941337734,49.9260262922293,50.24227899963425
691603,50,50.331909941337734,49.9260262922293,50.24227899963425
691604,50,50.331909941337734,49.9260262922293,50.24227899963425
691605,51.13403600145784,51.47347389924995,51.05838451673168,51.381810063251756
700102,55.011601589014866,55.37677953814098,54.93021334621599,55.27816470504017
700104,54.26362372641123,54.62383644976736,54.1833420975289,54.52656245587053
700105,55.44561842284208,55.81367746200529,55.36358806335454,55.71428460215386
700201,50,50.331909941337734,49.9260262922293,50.24227899963425
700401,53.81919548573912,54.17645800606946,53.73957137695282,54.07998070260724
700501,52.24492841104918,52.5917406335313,52.167633389713586,52.49808539087704
700601,55.57840746491146,55.947347984137934,55.49618064746806,55.847717084148734
700701,52.18759325883811,52.5340248791801,52.110383063378414,52.44047241659953
700702,51.134307615693835,51.47374731651526,51.05865572912144,51.38208299361625
700703,54.023666826059944,54.38228666780169,53.94374020721009,54.28544282516379
700801,50.36459887647302,50.69892909764481,50.290085754087485,50.60864456912847
700802,50,50.331909941337734,49.9260262922293,50.24227899963425
700803,51.8622075137103,52.206479158780724,51.78547871805105,52.113509988815224
700901,54.30273698290173,54.663209347831206,54.22239748696728,54.56586523877413
700902,54.1638970280633,54.52344774576745,54.08376294225377,54.426352523828335
701101,53.46461392571369,53.81952266314826,53.385514411181425,53.72368098926878
701102,55.78955221796894,56.15989435804744,55.70701301732034,56.059884955997205
701201,57.82325679124925,58.20709906664007,57.737708777244734,58.10344400746883
701301,53.49254637515751,53.84764053374521,53.413405535288184,53.75174878763075
701302,54.11682103281776,54.476059250705525,54.03675659472655,54.37904841808211
701303,51.17533242814662,51.51504445982994,51.09961984642447,51.42330659507947
701501,50,50.331909941337734,49.9260262922293,50.24227899963425
701601,54.939779633403695,55.30448081410833,54.85849764933193,55.20599473039785
710101,54.400059685656394,54.761178098037114,54.31957620329849,54.6636595264701
710102,51.877158568966045,52.22152946211392,51.800407653606946,52.12853349060518
710202,50,50.331909941337734,49.9260262922293,50.24227899963425
710203,52.13535897113108,52.48144384988569,52.05822605495007,52.38798502347306
710204,50.3806280004893,50.71506462617332,50.30609116342906,50.62475136354739
710205,54.0468776373094,54.40565155703115,53.96691667866417,54.308766106255845
710301,52.61020489827074,52.959441898701776,52.53236945981273,52.86513185453688
710303,52.62791803048042,52.977272614204914,52.55005638590109,52.88293081714559
710304,55.66657575809239,56.036101555979215,55.58421849793789,55.93631260384709
710402,51.50686975536177,51.84878259774164,51.43066667273245,51.756450412934214
710501,53.69132523964462,54.04773893185736,53.611890311582655,53.95149085100661
710601,55.900422360385065,56.27150047851287,55.81771913022614,56.1712923285572
710602,50,50.331909941337734,49.9260262922293,50.24227899963425
710801,52.68149431978781,53.03120455357312,52.60355341047309,52.936766714648535
710802,52.309474114804644,52.65671480450169,52.232083599768494,52.56294385600322
710803,50.75863098028559,51.09557686490659,50.68353489758605,51.00458598701975
710804,52.06135675222403,52.406950389535915,51.984333320413334,52.31362422089467
710901,55.367826372833754,55.73536901290186,55.28591110467369,55.636115604544415
710902,50,50.331909941337734,49.9260262922293,50.24227899963425
711001,52.61020489827074,52.959441898701776,52.53236945981273,52.86513185453688
711002,50,50.331909941337734,49.9260262922293,50.24227899963425
711003,52.759612751793156,53.10984155126214,52.68155626827722,53.01526367576505
711004,52.99196347920543,53.34373466900054,52.91356323879331,53.24874027721338
711005,53.23630733026195,53.58970052312246,53.15754558943716,53.494268115945914
711101,50.94665655887616,51.28485059467238,50.87128229719256,51.193522658592045
711102,53.36153654141639,53.71576103067946,53.282589527210185,53.62010413526042
711201,52.20826404775202,52.55483288490071,52.13102327039434,52.46124336747462
711202,51.50686975536177,51.84878259774164,51.43066667273245,51.756450412934214
711301,51.13403600145784,51.47347389924995,51.05838451673168,51.381810063251756
711501,54.400059685656394,54.761178098037114,54.31957620329849,54.6636595264701
711601,53.55750275809113,53.91302811006381,53.47826581693203,53.817019921913925
711602,50,50.331909941337734,49.9260262922293,50.24227899963425
720201,52.97301330111919,53.32465869586434,52.89464109700579,53.22969827452334
720301,50,50.331909941337734,49.9260262922293,50.24227899963425
720302,50.3806280004893,50.71506462617332,50.30609116342906,50.62475136354739
720401,50.56715380784692,50.9028286289265,50.49234101067537,50.812180996625244
720501,51.275635817303055,51.61601368282658,51.199774839308944,51.52409601233159
720601,53.33337854973969,53.68741612065545,53.25447319455444,53.59180970178262
720701,51.929052881164125,52.27376825907435,51.85222518951131,52.18067926084418
720702,50,50.331909941337734,49.9260262922293,50.24227899963425
720801,52.120008338223684,52.465991316424926,52.04289813290732,52.372560007845955
720802,52.24492841104918,52.5917406335313,52.167633389713586,52.49808539087704
720901,51.320772632915734,51.66145012559569,51.24484487616945,51.56945154199494
721001,52.34820460485204,52.69570239524268,52.27075678905683,52.60186201773829
721002,62.89887042860312,63.31640563648647,62.805813175399265,63.20365193671445
721003,53.69132523964462,54.04773893185736,53.611890311582655,53.95149085100661
721101,57.66679131801998,58.04959494448998,57.58147479063933,57.94622036827294
721102,51.400113988035464,51.741318164405904,51.32406884780483,51.64917735199763
721103,51.70226313788887,52.045473040391364,51.625770975799945,51.95279058972636
721104,50,50.331909941337734,49.9260262922293,50.24227899963425
721201,51.50686975536177,51.84878259774164,51.43066667273245,51.756450412934214
721301,54.432929259119724,54.794265866264446,54.352397147077376,54.69668837208096
721302,51.522512001957224,51.86452868068009,51.44628577702833,51.77216845528681
721401,53.08495023208527,53.437338686434245,53.006412420175465,53.34217760484255
721402,51.13403600145784,51.47347389924995,51.05838451673168,51.381810063251756
721501,51.080559081664106,51.41964198902999,51.004986714658685,51.328074016765385
721601,53.66981944507944,54.02609037755191,53.59041633428472,53.92988084839354
730101,54.61859936645786,54.981168488691274,54.53779256029027,54.88325815877645
730201,51.79067006150551,52.134466826744635,51.71404710365793,52.04162589616329
730301,50,50.331909941337734,49.9260262922293,50.24227899963425
730302,52.24492841104918,52.5917406335313,52.167633389713586,52.49808539087704
730303,56.35853009245677,56.73264922079413,56.27514910374785,56.631619858289916
730601,56.71569961732579,57.09218970798411,56.63179020553575,56.99052007666266
730602,51.69233064832938,52.03547461699135,51.61585318110207,51.9428099714942
731202,50.70359447930277,51.04017502068754,50.628579821684056,50.94928280226891
731301,52.18503414592584,52.53144877836749,52.10782773660754,52.43790090330093
731302,50.3806280004893,50.71506462617332,50.30609116342906,50.62475136354739
731305,53.36964998151812,53.723928329409745,53.29069096368698,53.62825688968518
731401,50,50.331909941337734,49.9260262922293,50.24227899963425
731501,54.0468776373094,54.40565155703115,53.96691667866417,54.308766106255845
740102,59.43885514775171,59.83342208625717,59.35091689773322,59.72687087504377
740201,50,50.331909941337734,49.9260262922293,50.24227899963425
740203,52.97301330111919,53.32465869586434,52.89464109700579,53.22969827452334
740401,53.686586720454855,54.04296895743504,53.60715880290956,53.946729370943046
740404,50.45643772672784,50.79137759244764,50.38178873113689,50.70092843187863
740501,54.410055769214615,54.77124053758548,54.329557497909434,54.67370404685081
740502,53.33337854973969,53.68741612065545,53.25447319455444,53.59180970178262
740801,51.320772632915734,51.66145012559569,51.24484487616945,51.56945154199494
740802,53.03397081389771,53.38602085673267,52.95550842471956,53.29095116180618
740901,50.79628794724909,51.13348380630402,50.72113615204016,51.04242542382895
740902,50,50.331909941337734,49.9260262922293,50.24227899963425
740903,53.039967985639485,53.39205783889287,52.96149672380075,53.29697739332337
740904,50,50.331909941337734,49.9260262922293,50.24227899963425
741001,56.36129203228231,56.73542949492539,56.27790695735481,56.63439518131582
741101,57.00287792259749,57.38127435994492,56.918543637926795,57.2790899273847
741102,51.50686975536177,51.84878259774164,51.43066667273245,51.756450412934214
741301,51.31693388890997,51.65758589924399,51.241011811486246,51.56559419704802
741302,50,50.331909941337734,49.9260262922293,50.24227899963425
741303,59.10840380788744,59.500777144696315,59.0209544520859,59.394818306778504
741304,54.750895009429655,55.11434233644504,54.66989247527743,55.01619485086898
741401,52.879560838445734,53.23058587716281,52.80132689483562,53.13579298046648
741501,51.69233064832938,52.03547461699135,51.61585318110207,51.9428099714942
750101,52.007550449773845,52.35278691015193,51.930606622997026,52.259557195701845
750102,53.33337854973969,53.68741612065545,53.25447319455444,53.59180970178262
750201,50.75863098028559,51.09557686490659,50.68353489758605,51.00458598701975
750203,51.69233064832938,52.03547461699135,51.61585318110207,51.9428099714942
750301,54.750895009429655,55.11434233644504,54.66989247527743,55.01619485086898
750501,53.15349977471158,53.506343274553984,53.07486054552509,53.41105930976113
750502,50.75863098028559,51.09557686490659,50.68353489758605,51.00458598701975
750701,50.19064383386727,50.52381930687931,50.11638807347147,50.433846613448644
750702,56.0312990242371,56.403245927681326,55.94840216543646,56.3028031657531
750703,51.877158568966045,52.22152946211392,51.800407653606946,52.12853349060518
750801,51.50880606494648,51.85073176093435,51.432600117597154,51.75839610506188
750901,50.75863098028559,51.09557686490659,50.68353489758605,51.00458598701975
751101,53.73141791547811,54.08809775084451,53.651923671338416,53.99177779910795
751201,53.23303824806995,53.58640974011289,53.15428134376777,53.49098319315465
751202,52.098132835740564,52.443970600006885,52.02105499466475,52.35057850586568
751301,55.14999973634673,55.516096399892064,55.068406737065715,55.41723347166576
751401,57.641460681875,58.024096158545866,57.55618163051586,57.92076699050424
751502,50,50.331909941337734,49.9260262922293,50.24227899963425
751503,50,50.331909941337734,49.9260262922293,50.24227899963425
751601,52.93613744562241,53.287538051106864,52.857819798384156,53.19264373411894
760102,54.400059685656394,54.761178098037114,54.31957620329849,54.6636595264701
760103,53.2295354833979,53.58288372339249,53.15078376134552,53.487463455556174
760201,51.93547053361405,52.280228513177256,51.8586333472103,52.18712801054242
760203,50,50.331909941337734,49.9260262922293,50.24227899963425
760301,54.11495998781733,54.474185851718346,54.0348983030941,54.37717835523926
760401,59.827818625949135,60.22496758135921,59.73930491451725,60.117719106889034
760501,51.13403600145784,51.47347389924995,51.05838451673168,51.381810063251756
760601,51.13403600145784,51.47347389924995,51.05838451673168,51.381810063251756
760602,51.877158568966045,52.22152946211392,51.800407653606946,52.12853349060518
760701,51.13403600145784,51.47347389924995,51.05838451673168,51.381810063251756
760702,52.24492841104918,52.5917406335313,52.167633389713586,52.49808539087704
760902,51.585640937474054,51.928076678622595,51.509321314916605,51.83560328711052
760903,52.64647232771012,52.99595007854872,52.568583232527565,52.901575020706744
761101,50.81046370858918,51.1477536691664,50.73529094070772,51.056669874954565
761102,50,50.331909941337734,49.9260262922293,50.24227899963425
761201,55.33072537725494,55.69802173353773,55.24886499905898,55.598834833123725
761203,57.59379137070877,57.97611040901418,57.50858284486351,57.87286669387757
761401,57.14295403515649,57.52228032558997,57.05841251149746,57.41984478995217
761501,50.75863098028559,51.09557686490659,50.68353489758605,51.00458598701975
761502,50.750513466894006,51.087405465847155,50.675429393845754,50.99642913956769
761601,63.72428085199702,64.14729529838455,63.63000242540415,64.03306195234171
761602,62.771039525680386,63.18772616661395,62.67817139499368,63.07520161892608
761603,50,50.331909941337734,49.9260262922293,50.24227899963425
761604,50,50.331909941337734,49.9260262922293,50.24227899963425
770201,50.466573955607394,50.80158110762984,50.39190996372778,50.71111377666604
770202,51.13403600145784,51.47347389924995,51.05838451673168,51.381810063251756
770301,52.330534493642844,52.677914986322,52.2531128203205,52.58410628459177
770303,50.87986279083424,51.2176134363178,50.80458734880418,51.12640523600407
770501,50.3806280004893,50.71506462617332,50.30609116342906,50.62475136354739
770601,51.59972021152469,51.942249413693716,51.523379759045156,51.84975078340981
770901,50.3806280004893,50.71506462617332,50.30609116342906,50.62475136354739
770902,51.40494609089342,51.7461823437234,51.328893801691514,51.65403286919652
771101,50,50.331909941337734,49.9260262922293,50.24227899963425
771202,52.14303707010865,52.48917291761088,52.06589279437863,52.39570032729341
771301,55.41995352767101,55.7878421981572,55.33796113873258,55.68849534568024
771302,53.60910519802838,53.96497309725733,53.52979191239304,53.86887240560171
771303,51.27306952628082,51.613430356254305,51.197212345047944,51.521517286140934
771401,50,50.331909941337734,49.9260262922293,50.24227899963425
771501,53.73174979914861,54.0884318376248,53.65225506399561,53.992111290947335
771502,50.3806280004893,50.71506462617332,50.30609116342906,50.62475136354739
771503,51.03269923705695,51.37146444125851,50.957197677454715,51.27998226345275
771601,51.936919677494274,52.28168727676267,51.860080347119606,52.188584176365225
771602,54.750895009429655,55.11434233644504,54.66989247527743,55.01619485086898
780101,50,50.331909941337734,49.9260262922293,50.24227899963425
780201,56.546931982482526,56.92230176002522,56.46327225804648,56.82093466474457
780202,53.93769611446822,54.29574526553315,53.85789668706429,54.19905553561202
780401,50.040510986274775,50.37268984759408,49.966477343546885,50.28298628513362
780402,50,50.331909941337734,49.9260262922293,50.24227899963425
780501,51.74173546976831,52.085207397457964,51.66518490938451,51.99245418794741
780502,51.69233064832938,52.03547461699135,51.61585318110207,51.9428099714942
780601,50.24306591764868,50.576589378875774,50.16873260013476,50.4865227126304
780604,50.75863098028559,51.09557686490659,50.68353489758605,51.00458598701975
780701,51.13403600145784,51.47347389924995,51.05838451673168,51.381810063251756
780702,52.42258426985463,52.77057580725024,52.34502641126737,52.67660209535748
780901,51.320772632915734,51.66145012559569,51.24484487616945,51.56945154199494
780902,51.696387360424765,52.039558258348194,51.619903891396746,51.94688634071254
781001,53.54943714320519,53.904908954022595,53.47021213491485,53.80891522444586
781002,53.157045771857526,53.509912810734015,53.07840129645991,53.41462248931989
781101,50.28357690392345,50.61736928513212,50.20918365145235,50.52722999812977
781102,52.91734454117643,53.268620395624666,52.839054697554644,53.173759767151196
781201,52.600735089956714,52.9499092279173,52.52291366183535,52.85561615950914
781202,50.8135029785095,51.150813114364745,50.738325714106736,51.05972387190041
781204,58.26519553198742,58.6519714846085,58.1789936810377,58.54752419772712
781301,52.847477711190365,53.19828977572974,52.76929123373784,53.10355439185159
781302,50.57157424027659,50.90727840506555,50.496754903189526,50.81662284861388
781401,52.38836606961585,52.73613045979477,52.31085883597148,52.642218088092235
781402,50,50.331909941337734,49.9260262922293,50.24227899963425
781501,51.21494166588018,51.554916631558946,51.13917048331448,51.463107762542904
781601,50.36459887647302,50.69892909764481,50.290085754087485,50.60864456912847
781602,52.387064773563765,52.73482052548077,52.30955946515328,52.64091048650605
781603,50.56995591783114,50.905649339873925,50.495138975010285,50.81499668445755
781604,51.811060179312214,52.15499229820745,51.73440705481232,52.062114815916885
790101,54.26299964661228,54.62320822720262,54.18271894103989,54.525935352042985
790102,51.50686975536177,51.84878259774164,51.43066667273245,51.756450412934214
790103,50,50.331909941337734,49.9260262922293,50.24227899963425
790104,55.6178686266618,55.9870710969259,55.53558342744944,55.88736945811494
790201,58.62635930338838,59.01553273293304,58.539623119973,58.91043801707285
790401,50.75863098028559,51.09557686490659,50.68353489758605,51.00458598701975
790501,57.26400564490932,57.644135499996636,57.1792850285222,57.5414829649633
790601,52.4180625003914,52.76602402138226,52.34051133164519,52.67205841529861
790701,51.877158568966045,52.22152946211392,51.800407653606946,52.12853349060518
790702,50,50.331909941337734,49.9260262922293,50.24227899963425
790801,50,50.331909941337734,49.9260262922293,50.24227899963425
790901,52.22344414789012,52.57011375356175,52.14618091196661,52.476497024002256
790902,50,50.331909941337734,49.9260262922293,50.24227899963425
791001,50,50.331909941337734,49.9260262922293,50.24227899963425
791002,53.85474982550205,54.21224836260887,53.775073114988935,54.11570732376757
791003,53.25924154596514,53.612786980709416,53.18044587456094,53.517313461225854
791004,51.90499018972062,52.24954583470074,51.82819809819791,52.15649997170444
791005,54.0468776373094,54.40565155703115,53.96691667866417,54.308766106255845
791006,52.755623025885015,53.10582534076016,52.67757244506546,53.011254617320894
791102,55.09621507998923,55.46195471029185,55.01470165371725,55.3631881974535
791103,51.13403600145784,51.47347389924995,51.05838451673168,51.381810063251756
791201,50.64817578039647,50.98438844143918,50.573243113310525,50.893595567623976
791202,50.76970873922082,51.10672816020819,50.69459626726325,51.015717424122045
791204,50,50.331909941337734,49.9260262922293,50.24227899963425
791401,51.28395392611417,51.62438700889785,51.208080641693044,51.53245442720434
791402,51.4822279618629,51.823977227118064,51.4060613361302,51.731689215653766
791403,50.19064383386727,50.52381930687931,50.11638807347147,50.433846613448644
791404,53.33337854973969,53.68741612065545,53.25447319455444,53.59180970178262
791405,54.400059685656394,54.761178098037114,54.31957620329849,54.6636595264701
791501,53.168066837328844,53.52100703622922,53.08940605654969,53.42569695824555
791502,53.512652690229906,53.86788031853472,53.433482103587046,53.77195252946119
800102,53.15038572751148,53.5032085556894,53.07175110547733,53.4079301731962
800201,52.97301330111919,53.32465869586434,52.89464109700579,53.22969827452334
800302,52.76676435007363,53.117040623273944,52.68869728595288,53.022449927687084
800501,51.320772632915734,51.66145012559569,51.24484487616945,51.56945154199494
800502,51.877158568966045,52.22152946211392,51.800407653606946,52.12853349060518
800901,50.48613183529736,50.82126881641382,50.41143890804021,50.73076642562655
800902,51.666693920391054,52.00966770735569,51.59025438204016,51.91704901873989
800903,50.75863098028559,51.09557686490659,50.68353489758605,51.00458598701975
800904,50.634380000815526,50.97050108273038,50.5594677442289,50.87973293948949
801004,50.040510986274775,50.37268984759408,49.966477343546885,50.28298628513362
801005,51.50686975536177,51.84878259774164,51.43066667273245,51.756450412934214
801201,51.23984673431558,51.579987024790405,51.164038705344794,51.48813351047963
801202,51.35523927553085,51.69614556463738,51.2792605262776,51.60408519548392
801301,52.48657298959684,52.834989296836774,52.40892046135249,52.740900877559845
801401,52.594036270051404,52.943165939913555,52.51622475266096,52.84888487993612
801501,50,50.331909941337734,49.9260262922293,50.24227899963425
801602,50,50.331909941337734,49.9260262922293,50.24227899963425
810101,51.2153295882434,51.55530712902794,51.139557831756584,51.46349756461496
810102,50.9268321550173,51.26489459247908,50.85148722302685,51.173602193998484
810201,55.010664047742246,55.37583577328296,54.92927719201145,55.277222620836305
810301,52.58534491746853,52.93441689240416,52.5075462587096,52.84015141270906
810302,50.31341931128392,50.64740979232611,50.23898190774237,50.55721700926225
810303,54.400059685656394,54.761178098037114,54.31957620329849,54.6636595264701
810401,50.729197752946035,51.06594825395186,50.65414521594568,50.975010138622686
810402,50,50.331909941337734,49.9260262922293,50.24227899963425
810403,50.24306591764868,50.576589378875774,50.16873260013476,50.4865227126304
810601,50.24306591764868,50.57658937887579,50.16873260013476,50.4865227126304
810701,54.868995465745286,55.233226767071216,54.78781820502019,55.13486757239283
810702,51.655454056447404,51.998353230960404,51.57903114718473,51.9057546911364
810703,51.58193900237693,51.924350169344244,51.50562485673677,51.83188341399076
810704,51.47640558689446,51.81811620206694,51.40024757521503,51.725838627901666
810705,53.52444712989844,53.879753052038836,53.44525909368693,53.78380412003061
811002,50.040510986274775,50.37268984759408,49.966477343546885,50.28298628513362
811003,51.72350385793468,52.066854760560076,51.64698027074942,51.97413423338026
811102,50,50.331909941337734,49.9260262922293,50.24227899963425
811103,50,50.331909941337734,49.9260262922293,50.24227899963425
811104,50,50.331909941337734,49.9260262922293,50.24227899963425
811201,51.13403600145784,51.47347389924995,51.05838451673168,51.381810063251756
811202,53.0398661142829,53.39195529129396,52.961395003160206,53.29687502834097
811301,51.13403600145784,51.47347389924995,51.05838451673168,51.381810063251756
811401,51.877158568966045,52.22152946211392,51.800407653606946,52.12853349060518
811501,50.040510986274775,50.37268984759408,49.966477343546885,50.28298628513362
811502,56.59288284765523,56.96855765617722,56.509155140101754,56.86710818851021
811506,52.78111947421109,53.131491039579615,52.703031172055184,53.036874610726855
820101,50.64557628050231,50.98177168554786,50.57064745930926,50.890983471645114
820201,51.13430761569384,51.47374731651526,51.05865572912144,51.38208299361626
820202,51.378757892148734,51.719820302508516,51.302744347710025,51.62771777343995
820301,50.24306591764868,50.576589378875774,50.16873260013476,50.4865227126304
820302,50.12153295882434,50.45424966010676,50.047379446182035,50.364400856132335
820304,50.12153295882434,50.45424966010676,50.047379446182035,50.364400856132335
820401,54.0468776373094,54.40565155703115,53.96691667866417,54.308766106255845
820601,51.65287682846127,51.995758894822465,51.576457732140774,51.903164974985884
820701,53.624782259780424,53.98075422646229,53.545445780337374,53.88462543181052
820801,52.04145056925714,52.386912065368584,51.96445658812966,52.29362158092584
820901,57.25557757934921,57.63565148726161,57.17086943206726,57.53301406053733
821001,50.30383239706085,50.63775923826029,50.22940917711112,50.54758364087944
821002,50,50.331909941337734,49.9260262922293,50.24227899963425
821003,52.658406973905215,53.00796394929817,52.580500221722055,52.91356749718465
821004,50.75863098028559,51.09557686490659,50.68353489758605,51.00458598701975
821006,50.44562084902258,50.78048891015748,50.370987856722635,50.69005914012718
821101,50,50.331909941337734,49.9260262922293,50.24227899963425
821102,51.694902062435816,52.03806310065589,51.618420790867795,51.94539384559338
821201,51.50686975536177,51.84878259774164,51.43066667273245,51.756450412934214
821301,50.34434338333563,50.67853914451664,50.2698602284287,50.588290926378804
821401,51.50686975536177,51.84878259774164,51.43066667273245,51.756450412934214
821402,51.877158568966045,52.22152946211392,51.800407653606946,52.12853349060518
821404,51.50686975536177,51.84878259774164,51.43066667273245,51.756450412934214
821501,50.3806280004893,50.71506462617332,50.30609116342906,50.62475136354739
821502,52.129027400278495,52.475070248806894,52.05190385149293,52.381622772487425
821503,53.00296262510345,53.35480682941593,52.92454611173923,53.25979272035268
821601,53.294579699337255,53.64835971576979,53.215731746048434,53.55282284844693
830101,51.90974812745503,52.25433535657184,51.83294899668642,52.16128096440676
830102,54.400059685656394,54.761178098037114,54.31957620329849,54.6636595264701
830401,50.665749167908096,51.00207848459115,50.59079050144948,50.911254108390516
830601,50.3806280004893,50.71506462617332,50.30609116342906,50.62475136354739
830701,52.39752487760403,52.74535006577138,52.320004093739946,52.65142127581715
830801,53.69132523964462,54.04773893185736,53.611890311582655,53.95149085100661
830802,53.69132523964462,54.04773893185736,53.611890311582655,53.95149085100661
830803,56.71615376154703,57.09264686690498,56.632243677862334,56.99097642147605
830804,51.13403600145784,51.47347389924995,51.05838451673168,51.381810063251756
830805,51.877158568966045,52.22152946211392,51.800407653606946,52.12853349060518
830901,54.22653577607434,54.58650230224205,54.146309017856005,54.489294792903515
830902,50.3806280004893,50.71506462617332,50.30609116342906,50.62475136354739
830903,54.400059685656394,54.761178098037114,54.31957620329849,54.6636595264701
831001,55.178475488035026,55.54476117928183,55.09684035961534,55.44584720488672
831002,52.67915971078908,53.02885444697568,52.601222255468045,52.93442079311515
831201,51.13403600145784,51.47347389924995,51.05838451673168,51.381810063251756
831202,50.75863098028559,51.09557686490659,50.68353489758605,51.00458598701975
831301,52.763358877508274,53.11361254450458,52.685296851696165,53.019027953631976
831401,53.73923929676955,54.095971052020055,53.65973348109838,53.99963707952811
831402,50,50.331909941337734,49.9260262922293,50.24227899963425
831501,54.43905194570741,54.800429196463064,54.3585107753085,54.702840726636275
831502,50,50.331909941337734,49.9260262922293,50.24227899963425
831601,53.67840020767803,54.03472810095871,53.5989844018668,53.9385031897637
840101,50.75863098028559,51.09557686490659,50.68353489758605,51.00458598701975
840103,62.87500508146213,63.292381866426105,62.78198313642259,63.17967094812485
840201,51.877158568966045,52.22152946211392,51.800407653606946,52.12853349060518
840202,52.754723594631095,53.104919938902746,52.67667434449683,53.01035082780088
840301,51.877158568966045,52.22152946211392,51.800407653606946,52.12853349060518
840302,51.50686975536177,51.84878259774164,51.43066667273245,51.756450412934214
840303,53.13745866567145,53.49019568144265,53.058843168891215,53.39494047224397
840401,53.512652690229906,53.867880318534716,53.433482103587046,53.77195252946119
840403,52.79191604419822,53.14235927934496,52.71381176879605,53.047723496357506
840404,50.69089510493854,51.0273913453513,50.61589923571599,50.936521892070324
840501,53.330487926193285,53.68450630857522,53.251586847610874,53.58890507148859
840602,50.75863098028559,51.09557686490659,50.68353489758605,51.00458598701975
840801,52.61020489827074,52.959441898701776,52.53236945981273,52.86513185453688
840901,54.375409491338985,54.736364270828716,54.29496247830651,54.6388898876643
841002,50,50.331909941337734,49.9260262922293,50.24227899963425
841102,50.75863098028559,51.09557686490659,50.68353489758605,51.00458598701975
841201,50.45770873463866,50.79265703756168,50.38305785862437,50.702205598559964
841301,51.13403600145784,51.47347389924995,51.05838451673168,51.381810063251756
841502,52.387496465733726,52.735255083309184,52.30999051864583,52.64134427047495
850101,53.13782361873822,53.490563057140434,53.05920758201934,53.39530719372001
850201,68.66407249822483,69.11987826372275,68.56248577755825,68.99678975413852
850401,50.78996423235821,51.127118113336365,50.71482179292204,51.03607106687172
850501,54.88821766601741,55.252576568130635,54.807011966543804,55.154182915374015
850601,54.65384572747051,55.01664882205625,54.572986775222745,54.91867530885085
850701,58.257626014888714,58.64435171955026,58.171435362843894,58.53991800192779
850702,52.88692828953212,53.23800223485436,52.80868344596854,53.143196131126466
850802,52.086746955682244,52.43250913821292,52.00968595972173,52.33913745461476
851001,52.427876736567626,52.77590340640955,52.35031104791263,52.681920207141296
851101,50.506387328434755,50.841658769541986,50.431664433699,50.751120068376224
851102,52.97301330111919,53.32465869586434,52.89464109700579,53.22969827452334
851201,55.895912874094236,56.26696105735544,55.813216315603746,56.16676099118982
851202,50,50.331909941337734,49.9260262922293,50.24227899963425
851301,51.274709894065076,51.61508161312606,51.19885028595047,51.523165602458505
851401,53.21025585265092,53.56347611062331,53.131532654313965,53.46809040381618
851501,50.75863098028559,51.09557686490659,50.68353489758605,51.00458598701975
851601,50.97226367059472,51.310627691489906,50.89685152385112,51.21925385161883
851602,51.09519445508096,51.434374514965484,51.01960043541881,51.34278030705485
851606,56.71820084603605,57.09470754034784,56.63428773374276,56.99303342527669
860101,50.78996423235821,51.127118113336365,50.71482179292204,51.03607106687172
860102,50.729197752946035,51.06594825395186,50.65414521594568,50.975010138622686
860103,52.37380314184734,52.72147086041624,52.29631745367824,52.62758459449231
860201,59.0822638959944,59.4744637108708,58.99485321351692,59.368551731851376
860202,51.13403600145784,51.47347389924995,51.05838451673168,51.381810063251756
860401,52.0973048139618,52.443137081654925,52.02022819792281,52.34974647184115
860501,53.09127252931951,53.443702952334554,53.01272536373434,53.348530537273774
860502,59.04677613497268,59.43874037503551,58.959417955720475,59.33289201204486
860601,56.877711974887866,57.25527753578806,56.793562870001935,57.153317478063094
860602,51.320772632915734,51.66145012559569,51.24484487616945,51.56945154199494
860701,55.13556672509113,55.501567579438095,55.05399507907725,55.402730524099596
860702,54.9254399466303,55.290045937643015,54.84417917775451,55.19158555952512
860703,54.223763471206055,54.58371159426286,54.14354081454113,54.486509054610224
860801,53.068839154563605,53.42112066037668,52.99032517857661,53.325988459806
860802,50,50.331909941337734,49.9260262922293,50.24227899963425
861001,58.704709399907514,59.09440293297096,58.61785729954926,58.989167765252105
861002,51.877158568966045,52.22152946211392,51.800407653606946,52.12853349060518
861103,51.13403600145784,51.47347389924995,51.05838451673168,51.381810063251756
861104,51.50686975536177,51.84878259774164,51.43066667273245,51.756450412934214
861201,61.22874135506228,61.63518991408913,61.13815501465894,61.52543011914967
861202,50,50.331909941337734,49.9260262922293,50.24227899963425
861301,50,50.331909941337734,49.9260262922293,50.24227899963425
861302,50.75863098028559,51.09557686490659,50.68353489758605,51.00458598701975
861303,53.69132523964462,54.04773893185736,53.611890311582655,53.95149085100661
861304,52.24492841104918,52.5917406335313,52.167633389713586,52.49808539087704
861401,50.98779039722921,51.326257487622925,50.91235527909485,51.23485581424926
861402,53.7132818847487,54.06984132953719,53.63381447239776,53.973553888790896
861403,51.181666969449765,51.521421051077716,51.10594501593745,51.42967183090919
861404,58.29866794646271,58.68566609562629,58.21241657394086,58.581158805464284
861501,55.27279879686097,55.639710624985746,55.19102411954362,55.54062756485076
861502,52.792336690492945,53.142782717973425,52.71423179275545,53.0481461809275
861601,51.50686975536177,51.84878259774164,51.43066667273245,51.756450412934214
870101,51.33751703644687,51.67830568180671,51.261564506788325,51.58627708187281
870201,50.54062125482795,50.8761199475452,50.465847711882866,50.78551987799821
870202,59.89560483130566,60.29320376502461,59.80699083193486,60.18583377572602
870203,50,50.331909941337734,49.9260262922293,50.24227899963425
870301,50,50.331909941337734,49.9260262922293,50.24227899963425
870302,50.36459887647302,50.69892909764481,50.290085754087485,50.60864456912847
870303,50,50.331909941337734,49.9260262922293,50.24227899963425
870501,52.61020489827074,52.959441898701776,52.53236945981273,52.86513185453688
870601,51.320772632915734,51.6614501255957,51.24484487616945,51.56945154199494
870701,51.10611207783781,51.44536461107292,51.03050190583496,51.35375083202611
870801,50,50.331909941337734,49.9260262922293,50.24227899963425
870803,50.3806280004893,50.71506462617332,50.30609116342906,50.62475136354739
870901,54.73905547116363,55.102424204969985,54.65807045330227,55.00429794317319
871001,50.00000000000001,50.331909941337734,49.926026292229295,50.242278999634266
871201,50.12153295882434,50.45424966010676,50.047379446182035,50.364400856132335
871202,50,50.331909941337734,49.9260262922293,50.24227899963425
871301,52.20749662787197,52.554060370734916,52.130256985892174,52.460472229000175
871401,52.07446753138241,52.4201482006531,51.99742470251278,52.3267985293822
871501,53.87250346640734,54.23011985571238,53.79280048984135,54.13354699136002
871502,50,50.331909941337734,49.9260262922293,50.24227899963425
871506,53.977258319465534,54.335570092313255,53.89740036080178,54.23880944243834
871601,50.98759381735631,51.32605960281375,50.91215899005679,51.23465828183285
871602,50,50.331909941337734,49.9260262922293,50.24227899963425
871604,52.815552575523746,53.166152714665,52.73741333048435,53.07147456038632
880301,52.89655625268274,53.24769411033867,52.8182971647965,53.15287074734269
880401,51.1121570838163,51.451449745003,51.03653796838334,51.359825129564626
880402,52.823350355668445,53.17400225802471,52.74519957401486,53.07931012529848
880403,53.69132523964462,54.04773893185736,53.611890311582655,53.95149085100661
880501,52.33920889379001,52.68664696886205,52.261774386916834,52.59282271723873
880502,50.95063782460853,51.28885828883825,50.875257672745164,51.197523215866006
880503,51.320772632915734,51.66145012559569,51.24484487616945,51.56945154199494
880504,52.14086042545836,52.48698182396062,52.06371937001784,52.39351313553735
880601,50.465876342159966,50.80087886328566,50.39121338238142,50.710412782876865
880602,50.450939120948576,50.785842485829924,50.37629826040277,50.69540318216522
880701,55.44561842284208,55.81367746200529,55.36358806335454,55.71428460215386
880801,52.89509296186598,53.246221105906535,52.81683603888069,53.15140036603322
880901,50.97780786546616,51.31620868982922,50.902387516229545,51.22482491133001
880902,53.749984700672755,54.10678778605085,53.670462987454215,54.010434551145465
880903,50.3806280004893,50.71506462617332,50.30609116342906,50.62475136354739
881101,51.26149122222956,51.60177519311867,51.185651170798295,51.5098828784912
881201,51.53059627716269,51.87266662091173,51.454358091757555,51.78029190349445
881202,50.3806280004893,50.71506462617332,50.30609116342906,50.62475136354739
881203,51.99857214629038,52.34374900690481,51.92164160268152,52.25053538713064
881204,53.61804249476964,53.97396972155131,53.53871598663475,53.87785300872924
881301,50,50.331909941337734,49.9260262922293,50.24227899963425
881302,58.04218667635111,58.427482251848346,57.95631476123973,58.32343473484173
881501,52.06135675222403,52.406950389535915,51.984333320413334,52.31362422089467
881601,57.80655750680974,58.19028892903018,57.721034198964965,58.08666380531074
881602,50.3806280004893,50.71506462617332,50.30609116342906,50.62475136354739
890101,50,50.331909941337734,49.9260262922293,50.24227899963425
890102,55.5065784300553,55.87504213386687,55.42445788181258,55.7755399959584
890103,50,50.331909941337734,49.9260262922293,50.24227899963425
890104,50.607743050505036,50.94368731104759,50.53287020259797,50.85296691770551
890201,51.13403600145784,51.47347389924995,51.05838451673168,51.381810063251756
890202,52.427876736567626,52.77590340640955,52.35031104791263,52.681920207141296
890301,50,50.331909941337734,49.9260262922293,50.24227899963425
890401,60.764410739090536,61.167776979167215,60.67451136383309,61.058849552035184
890403,52.24492841104918,52.5917406335313,52.167633389713586,52.49808539087704
890404,52.61020489827074,52.959441898701776,52.53236945981273,52.86513185453688
890406,60.52254057104924,60.92430122886021,60.43299903645439,60.815807382746804
890501,55.24141415385382,55.608117644478206,55.15968590930467,55.50909084504537
890701,51.37459608490395,51.71563086835977,51.298588697751505,51.62353579982525
890702,51.0127746568695,51.351407597746245,50.937302575168715,51.25996113711818
890801,52.381635868680014,52.72935558244698,52.30413859219399,52.63545527542941
891001,51.66305963353651,52.00600929538242,51.5866254720191,51.91339712165768
891002,51.876543976866486,52.22091079022982,51.79979397078052,52.12791592045045
891201,51.18659061786784,51.52637738365296,51.11086137994495,51.434619337259555
891301,53.7437441615819,54.10050582102073,53.66423168107966,54.00416377302326
891402,51.741430570583034,52.08490047429131,51.66488046128972,51.992147811348765
891403,51.50686975536177,51.84878259774164,51.43066667273245,51.756450412934214
891501,59.57064024938174,59.96608200359422,59.48250702671131,59.85929455192559
891502,53.51776699393449,53.87302857200416,53.438588840811484,53.777091614933475
891601,50.3806280004893,50.71506462617332,50.30609116342906,50.62475136354739
900101,51.50686975536177,51.84878259774164,51.43066667273245,51.756450412934214
900102,52.24492841104918,52.5917406335313,52.167633389713586,52.49808539087704
900201,56.77280779655645,57.149676982663124,56.68881389469116,57.04790497814401
900202,50,50.331909941337734,49.9260262922293,50.24227899963425
900301,53.430658716971195,53.785342052978926,53.351609438292684,53.68956124784613
900302,52.63044537302508,52.97981673375189,52.55257998930777,52.88547040613073
900401,61.520087664183734,61.928470237937965,61.42907028444577,61.818188170117544
900501,50.24306591764868,50.576589378875774,50.16873260013476,50.4865227126304
900502,50,50.331909941337734,49.9260262922293,50.24227899963425
900503,50.53214267103653,50.867585081228825,50.45738167193706,50.77700021055083
900601,51.13403600145784,51.47347389924995,51.05838451673168,51.381810063251756
900602,53.07701609530797,53.429351881279494,52.99849002174849,53.33420502257083
900603,50,50.331909941337734,49.9260262922293,50.24227899963425
900701,52.06587239886712,52.41149601193925,51.988842286273915,52.318161748464775
900702,52.97301330111919,53.32465869586434,52.89464109700579,53.22969827452334
900703,52.97301330111919,53.32465869586434,52.89464109700579,53.22969827452334
900802,54.674603219365274,55.03754410630935,54.59371355694471,54.939533382833034
900901,52.32275563969093,52.670084494790906,52.245345474981974,52.57628973758078
900902,54.223763471206055,54.58371159426286,54.14354081454113,54.486509054610224
901001,50.19620136508743,50.5294137300967,50.12193738246783,50.439431074130894
901002,52.31818514863757,52.66548366390919,52.240781745852004,52.571697099847405
901101,50.19064383386727,50.52381930687931,50.11638807347147,50.433846613448644
901102,54.400059685656394,54.761178098037114,54.31957620329849,54.6636595264701
901201,60.41322247602012,60.814257458580904,60.323842674721575,60.70595957814356
901202,52.6654758662869,53.015079766392965,52.58755865586015,52.92067064244983
901203,53.91852444360129,54.276446329303155,53.838753380188926,54.17979096688032
901301,53.51045768318706,53.865670740598716,53.431290344000416,53.769746886336144
901302,50.3806280004893,50.71506462617332,50.30609116342906,50.62475136354739
901304,53.33337854973969,53.68741612065545,53.25447319455444,53.59180970178262
901402,58.47509727062251,58.863266592718716,58.3885848754753,58.75844303202735
901502,55.16564029667668,55.53184078537125,55.08402415759088,55.43294981958192
901601,53.69132523964462,54.04773893185736,53.611890311582655,53.95149085100661
910101,55.907519085667616,56.27864431326887,55.82480535608706,56.17842344158979
910202,52.24492841104918,52.5917406335313,52.167633389713586,52.49808539087704
910401,52.840191882841864,53.19095558260405,52.762016184584084,53.09623325943901
910402,52.24492841104918,52.5917406335313,52.167633389713586,52.49808539087704
910406,66.54889704782273,66.99066185812742,66.45043967456917,66.87136505189294
910407,53.512652690229906,53.867880318534716,53.433482103587046,53.77195252946119
910408,50.75863098028559,51.09557686490659,50.68353489758605,51.00458598701975
910410,51.13403600145784,51.47347389924995,51.05838451673168,51.381810063251756
910501,51.584248359170765,51.92667485610764,51.50793079689691,51.83420396095766
910502,54.39276537090639,54.753835362175494,54.31229268029863,54.65632986653447
910602,52.87401923974607,53.22500749222917,52.79579349478801,53.13022452950704
910701,52.24492841104918,52.5917406335313,52.167633389713586,52.49808539087704
910901,56.790215564284566,57.167200306614546,56.70619590807681,57.06539709660314
910902,54.0468776373094,54.40565155703115,53.96691667866417,54.308766106255845
911001,52.24492841104918,52.5917406335313,52.167633389713586,52.49808539087704
911002,51.344075687240704,51.68490787022856,51.268113454227816,51.59286751313372
911003,55.27279879686097,55.639710624985746,55.19102411954362,55.54062756485076
911004,53.33337854973969,53.68741612065545,53.25447319455444,53.59180970178262
911005,51.50686975536177,51.84878259774164,51.43066667273245,51.756450412934214
911101,52.24492841104918,52.5917406335313,52.167633389713586,52.49808539087704
911102,56.301231137396634,56.674969903877766,56.21793492101088,56.574043256559555
911201,56.470676008318236,56.845539583542696,56.387129102625174,56.74430918615755
911302,51.13403600145784,51.47347389924995,51.05838451673168,51.381810063251756
911303,53.712949062217135,54.069506297663494,53.63348214226852,53.973219453541134
911402,53.33337854973969,53.68741612065545,53.25447319455444,53.59180970178262
920101,54.2897912624937,54.650177691157154,54.20947091941803,54.55285678884229
920102,52.121987020214455,52.46798313330018,52.044873887489224,52.37454827769861
920103,50,50.331909941337734,49.9260262922293,50.24227899963425
920104,57.97112261894275,58.35594645709748,57.88535584126769,58.25202633085859
920201,53.818170997075,54.17542671664588,53.738548403993185,54.07895124970135
920202,50.56995591783114,50.905649339873925,50.495138975010285,50.81499668445755
920203,51.13403600145784,51.47347389924995,51.05838451673168,51.381810063251756
920204,52.427876736567626,52.77590340640955,52.35031104791263,52.681920207141296
920303,51.13403600145784,51.47347389924995,51.05838451673168,51.381810063251756
920304,52.61020489827074,52.959441898701776,52.53236945981273,52.86513185453688
920401,50,50.331909941337734,49.9260262922293,50.24227899963425
920402,50,50.331909941337734,49.9260262922293,50.24227899963425
920501,51.877158568966045,52.22152946211392,51.800407653606946,52.12853349060518
920502,52.06135675222403,52.406950389535915,51.984333320413334,52.31362422089467
920505,51.877158568966045,52.22152946211392,51.800407653606946,52.12853349060518
920701,55.203510875362745,55.569962756488344,55.12183870773455,55.471003903186386
920702,55.44561842284208,55.81367746200529,55.36358806335454,55.71428460215386
920703,53.536426989317754,53.89181243614688,53.45722122921384,53.79584202881704
920801,55.78955221796894,56.15989435804744,55.70701301732034,56.059884955997205
920902,52.20696858613703,52.55352882375395,52.12972972538133,52.45994162859676
921001,52.24492841104918,52.5917406335313,52.167633389713586,52.49808539087704
921002,54.28826436446867,54.64864065727944,54.20794628039916,54.55132249211075
921101,51.50686975536177,51.84878259774164,51.43066667273245,51.756450412934214
921201,53.54274483992257,53.8981722259002,53.46352973272198,53.80219049307236
921202,53.38959752945971,53.74400829314068,53.31060899974692,53.64830109506598
921301,57.84888313949887,58.23289552768456,57.76329721197441,58.1291945302388
921302,50.75863098028559,51.09557686490659,50.68353489758605,51.00458598701975
921303,50.83391896178878,51.17136462300028,50.7587114924664,51.080238782459794
921304,56.470676008318236,56.845539583542696,56.387129102625174,56.74430918615755
921402,51.13403600145784,51.47347389924995,51.05838451673168,51.381810063251756
921501,54.184876762046194,54.544566747395855,54.10471163726245,54.447433916790466
921502,53.69132523964462,54.04773893185736,53.611890311582655,53.95149085100661
921503,52.61020489827074,52.959441898701776,52.53236945981273,52.86513185453688
921601,53.59243687010592,53.94819412165999,53.51314824483095,53.852123309962955
930101,58.43285532678098,58.820744238455156,58.34640542749796,58.715996401467905
930102,55.181840302198715,55.548148329750944,55.100200195623444,55.449228323526604
930201,51.05328564314427,51.39218750400257,50.977753626486276,51.30066842261754
930202,50.879325780773215,51.217072861477206,50.80405113323567,51.12586562381783
930301,50.75863098028559,51.09557686490659,50.68353489758605,51.00458598701975
930401,50.75863098028559,51.09557686490659,50.68353489758605,51.00458598701975
930501,59.41729937284301,59.81172321982874,59.32939301403639,59.705210649903435
930502,50,50.331909941337734,49.9260262922293,50.24227899963425
930601,55.27279879686097,55.639710624985746,55.19102411954362,55.54062756485076
930602,50,50.331909941337734,49.9260262922293,50.24227899963425
930701,51.877158568966045,52.22152946211392,51.800407653606946,52.12853349060518
930703,51.877158568966045,52.22152946211392,51.800407653606946,52.12853349060518
930706,50,50.331909941337734,49.9260262922293,50.24227899963425
930802,50,50.331909941337734,49.9260262922293,50.24227899963425
930805,52.61020489827074,52.959441898701776,52.53236945981273,52.86513185453688
930902,54.400059685656394,54.761178098037114,54.31957620329849,54.6636595264701
930903,53.512652690229906,53.86788031853472,53.433482103587046,53.77195252946119
930904,56.13123070952122,56.503840979361456,56.04818600437489,56.403219078012064
931101,51.70398180597708,52.04720311734008,51.62748710116315,51.9545175857583
931201,50,50.331909941337734,49.9260262922293,50.24227899963425
931202,55.96067198795818,56.332150055093045,55.877879620032395,56.23183390052024
931401,50.75863098028559,51.09557686490659,50.68353489758605,51.00458598701975
931501,52.88204782142858,53.233089369233184,52.80381019839141,53.138292014324314
931601,51.288036574024744,51.62849675823699,51.21215724943154,51.53655685791194
931602,50,50.331909941337734,49.9260262922293,50.24227899963425
940102,54.400059685656394,54.761178098037114,54.31957620329849,54.6636595264701
940103,56.94092320798621,57.3189083776198,56.856680583714585,57.21683500624785
940104,50,50.331909941337734,49.9260262922293,50.24227899963425
940201,51.924271848052044,52.26895548851389,51.84745122981417,52.17587506085371
940301,55.6178686266618,55.9870710969259,55.53558342744944,55.88736945811494
940402,50,50.33190994133774,49.9260262922293,50.242278999634266
940502,51.877158568966045,52.22152946211392,51.800407653606946,52.12853349060518
940503,50,50.331909941337734,49.9260262922293,50.24227899963425
940601,50.3806280004893,50.71506462617332,50.30609116342906,50.62475136354739
940801,51.04025218142337,51.379067523571365,50.964739447435136,51.287571806215276
941101,50,50.331909941337734,49.9260262922293,50.24227899963425
941102,58.648255031692365,59.037573809434974,58.56148645411286,58.93243984287983
941103,57.97112261894275,58.35594645709748,57.88535584126769,58.25202633085859
941201,50,50.331909941337734,49.9260262922293,50.24227899963425
941202,63.11944401686541,63.53844343608359,63.02606043073836,63.42529433194295
941301,55.19672300279282,55.563129824670675,55.11506087764664,55.46418313943693
941302,50.75863098028559,51.09557686490659,50.68353489758605,51.00458598701975
941502,60.51349290529736,60.91519350290414,60.42396475649014,60.806715875806766
950101,57.26803301700456,57.648189606588595,57.183306442224506,57.54552985201219
950102,51.27176329641732,51.61211545537724,51.195908047717765,51.52020472683613
950201,53.94084973685118,54.29891982228851,53.86104564374444,54.2022244391245
950302,51.26642739442491,51.606744132606494,51.190580040054456,51.514842969303785
950307,51.04556202783948,51.38441261780372,50.97004143807071,51.29290738191695
950401,58.221366029632506,58.607851033302474,58.13522902329876,58.50348231601249
950601,53.97560720580043,54.333908018227355,53.89575168991667,54.23715032816988
950701,51.13403600145784,51.47347389924995,51.05838451673168,51.381810063251756
950802,53.33337854973969,53.68741612065545,53.25447319455444,53.59180970178262
950901,52.20223107089019,52.54875985993896,52.124999219165865,52.455181157340824
950904,53.15349977471158,53.506343274553984,53.07486054552509,53.41105930976113
951302,50.75863098028559,51.09557686490659,50.68353489758605,51.00458598701975
951402,51.13403600145784,51.47347389924995,51.05838451673168,51.381810063251756
951601,52.97301330111919,53.32465869586434,52.89464109700579,53.22969827452334
951602,52.69028500627329,53.0400535943833,52.61233109136511,52.945599997108566
951608,53.66013177979031,54.01633840361442,53.58074300164599,53.9201462407473
960402,56.267742510005235,56.64125897231929,56.1844958391782,56.54039235734528
960502,52.0513203113182,52.39684732473984,51.974311728162434,52.30353914761157
960505,50,50.331909941337734,49.9260262922293,50.24227899963425
960601,57.089698451027076,57.46867122030447,57.00523571762841,57.36633115162981
960603,51.50686975536177,51.84878259774164,51.43066667273245,51.756450412934214
960604,58.29866794646271,58.68566609562629,58.21241657394086,58.581158805464284
960607,51.69233064832938,52.03547461699135,51.61585318110207,51.9428099714942
960802,53.797916080392255,54.15503734379897,53.718323453936186,54.05859818619955
960807,50,50.331909941337734,49.9260262922293,50.24227899963425
960901,56.53595078025542,56.911247662394366,56.45230730222426,56.809900252223656
960902,54.28561322882518,54.645971922870444,54.20529906704233,54.548658510177425
961001,51.877158568966045,52.22152946211392,51.800407653606946,52.12853349060518
961002,53.15349977471158,53.506343274553984,53.07486054552509,53.41105930976113
961101,64.27500279697686,64.70167304513342,64.17990959149958,64.58645246455967
961201,59.44615108866169,59.840766459073535,59.358202044487186,59.734202169019056
961202,50,50.331909941337734,49.9260262922293,50.24227899963425
961203,50.75863098028559,51.09557686490659,50.68353489758605,51.00458598701975
961301,57.42696137990594,57.808172967562136,57.34199967472042,57.70522831500912
961302,51.50686975536177,51.84878259774164,51.43066667273245,51.756450412934214
961402,50,50.331909941337734,49.9260262922293,50.24227899963425
961405,59.64166963849158,60.03758289991151,59.55343132967569,59.9306681196222
961502,61.45589780973228,61.86385427847001,61.36497539722501,61.75368727859162
961601,53.04479297665368,53.39691485915675,52.966314576365434,53.301825764217476
970202,50,50.331909941337734,49.9260262922293,50.24227899963425
970203,50,50.331909941337734,49.9260262922293,50.24227899963425
970302,50.24306591764868,50.576589378875774,50.16873260013476,50.4865227126304
970303,51.44084636238884,51.78232092835892,51.36474095966305,51.690107098329214
970304,53.50887357245263,53.864076114222264,53.42970857691687,53.76815509966644
970701,53.0386130401061,53.39069389896162,52.960143782874255,53.295615882293
970802,52.427876736567626,52.77590340640955,52.35031104791263,52.681920207141296
971001,50.06076647941217,50.39307980072225,49.986702869205665,50.303339927883286
971101,50.40510986274779,50.73970900390115,50.33053680540507,50.64935185462784
971102,50.10127746568695,50.433859706978595,50.02715392052325,50.34404721338265
971103,53.42208905487023,53.77671550375705,53.34305245478532,53.68095006076195
971104,54.223763471206055,54.58371159426286,54.14354081454113,54.486509054610224
971201,50.54211123989605,50.87761982343043,50.467335492556565,50.78701708290816
971302,50,50.331909941337734,49.9260262922293,50.24227899963425
971303,52.69767654385758,53.04749419846373,52.619711693360586,52.9530273509795
971304,50.75863098028559,51.09557686490659,50.68353489758605,51.00458598701975
971402,51.13403600145784,51.47347389924995,51.05838451673168,51.381810063251756
971501,50.3806280004893,50.71506462617332,50.30609116342906,50.62475136354739
971601,51.69233064832938,52.03547461699135,51.61585318110207,51.9428099714942
980101,50.3806280004893,50.71506462617332,50.30609116342906,50.62475136354739
980103,51.89176934998984,52.23623723240717,51.81499681835781,52.14321506933718
980301,50.081021972549564,50.413469753850414,50.006928394864445,50.32369357063297
980401,51.09387002012052,51.43304128814245,51.01827795992567,51.34144945443888
980402,52.58774258114412,52.936830472247955,52.50994037510376,52.8425606944558
980403,53.86939922105462,54.22699500376181,53.78970083713939,54.13042770413814
980404,50,50.331909941337734,49.9260262922293,50.24227899963425
980405,54.0468776373094,54.40565155703115,53.96691667866417,54.308766106255845
980503,50,50.331909941337734,49.9260262922293,50.24227899963425
980504,50.247117016276164,50.58066736950142,50.17277770526652,50.49059344118034
980601,50,50.331909941337734,49.9260262922293,50.24227899963425
980701,62.55247099310246,62.967706732659494,62.45992622891089,62.855573995039656
980703,51.214222695939874,51.55419288895322,51.13845257707162,51.46238530877624
980802,52.83342850930421,53.184147312448104,52.755262817282784,53.08943711343385
980803,50,50.331909941337734,49.9260262922293,50.24227899963425
980805,51.13403600145784,51.47347389924995,51.05838451673168,51.381810063251756
980901,51.50686975536177,51.84878259774164,51.43066667273245,51.756450412934214
981001,50,50.331909941337734,49.9260262922293,50.24227899963425
981003,50,50.331909941337734,49.9260262922293,50.24227899963425
981203,50,50.331909941337734,49.9260262922293,50.24227899963425
981204,60.52226666606507,60.9240255056403,60.43272553670556,60.815532150534125
981301,55.430659496520285,55.79861923535635,55.34865126837764,55.69925319115797
981501,56.13123070952122,56.503840979361456,56.04818600437489,56.403219078012064
981502,50.75863098028559,51.09557686490659,50.68353489758605,51.00458598701975
981503,51.020136381342084,51.35881819080959,50.94465340816021,51.2673585334156
981601,51.13403600145784,51.47347389924995,51.05838451673168,51.381810063251756
981602,53.75935331646797,54.11621859258044,53.67981774262448,54.01984856331794
