participant_id,sex,age,age_cat,base_mmet,scen1_mmet,scen2_mmet,scen3_mmet
690101,Male,36,15-49,130.80781531865065,130.80781531865065,130.80781531865065,137.15251566512597
690102,Female,34,15-49,69.61036510926114,69.61036510926114,69.61036510926114,69.61036510926114
690104,Male,15,15-49,199.355,199.355,199.355,199.355
690201,Male,46,15-49,160,160,160,160
690202,Female,43,15-49,0,0,0,0
690301,Female,52,50-70,6.116473383080385,6.116473383080385,6.116473383080385,6.222719162156186
690303,Female,24,15-49,84.82455000495995,13.059550004959942,84.82455000495995,84.82455000495995
690304,Male,18,15-49,42.132999999999996,0,42.132999999999996,42.132999999999996
690402,Female,30,15-49,97.23,48.615,97.23,97.23
690501,Female,29,15-49,12,12,12,12
690601,Male,33,15-49,226,226,226,226
690602,Female,27,15-49,6,6,6,6
690701,Male,30,15-49,43.985,9.26,43.985,43.985
690801,Male,24,15-49,11.783579877590432,11.783579877590432,11.783579877590432,11.783579877590432
690901,Male,33,15-49,0,0,1.678375,0
690902,Female,28,15-49,16.493519033962787,11.863519033962787,16.493519033962787,16.493519033962787
691001,Male,38,15-49,177.00290891961893,177.00290891961893,177.00290891961893,177.00290891961893
691002,Female,35,15-49,280.89034335940914,280.89034335940914,280.89034335940914,280.89034335940914
691101,Male,55,50-70,17,17,17,17
691102,Female,40,15-49,196.46,99.23,196.46,196.46
691202,Female,42,15-49,49.235,39.975,49.235,49.235
691203,Male,24,15-49,311.6,246.78,311.6,311.6
691205,Male,21,15-49,0,0,0,0
691301,Male,27,15-49,27.78,27.78,28.89891666666667,32.2227231949354
691302,Female,23,15-49,0,0,0,1.6153411551407908
691305,Male,22,15-49,4.63,2.315,4.63,5.360620487720295
691306,Male,15,15-49,63.65828571362576,63.65828571362576,63.65828571362576,63.65828571362576
691402,Female,50,50-70,4.63,0,4.63,4.769348787845404
691404,Male,22,15-49,238.079,189.464,238.079,238.079
691405,Female,17,15-49,221.595,191.5,222.71391666666668,221.7587510205815
691406,Female,18,15-49,0,0,1.678375,1.5888563897901133
691501,Male,42,15-49,46,46,46,48.97989478587258
691502,Female,32,15-49,51.5,51.5,51.5,56.25378776730391
691601,Male,58,50-70,4.63,0,4.63,4.63
691602,Female,45,15-49,2,2,2,2
691603,Female,24,15-49,0,0,0,0
691604,Female,19,15-49,0,0,0,0
691605,Male,15,15-49,266.5566667,259.6116667,266.5566667,266.5566667
700102,Female,45,15-49,34.54771517371147,29.917715173711468,34.54771517371147,34.54771517371147
700104,Female,26,15-49,61.78,41.871,61.78,61.78
700105,Male,21,15-49,75.45,43.04,75.45,75.45
700201,Female,34,15-49,6,6,6,6
700401,Male,49,15-49,343.40999999999997,311,344.52891666666665,343.90275952355023
700501,Male,40,15-49,89.78,62,89.78,89.78
700601,Male,48,15-49,360.60581336995074,332.82581336995077,360.60581336995074,360.638516414322
700701,Male,29,15-49,0,0,2.2378333333333322,0.8150029789921214
700702,Female,27,15-49,34,34,34,35.172835653734964
700703,Male,24,15-49,393.82953503717357,384.5695350371736,393.82953503717357,393.97896826328514
700801,Male,48,15-49,9,9,9,9
700802,Female,41,15-49,0,0,0,0
700803,Male,24,15-49,4.7910166480343674,4.7910166480343674,4.7910166480343674,4.7910166480343674
700901,Male,32,15-49,29.639038570523955,29.639038570523955,31.317413570523954,29.639038570523955
700902,Female,31,15-49,99.84776301521704,99.84776301521704,101.52613801521704,102.8278174723515
701101,Female,45,15-49,71.03999999999999,34,71.03999999999999,71.03999999999999
701102,Male,16,15-49,88.08,74.19,88.08,88.08
701201,Male,27,15-49,206.1842948969907,187.66429489699073,206.1842948969907,206.1842948969907
701301,Female,60,50-70,42.55782397266364,28.667823972663648,42.55782397266364,42.55782397266364
701302,Female,28,15-49,92.27008351411172,57.54508351411172,92.27008351411172,92.27008351411172
701303,Female,25,15-49,5.014109298755797,5.014109298755797,5.014109298755797,5.014109298755797
701501,Male,68,50-70,7.5,7.5,7.5,7.5
701601,Female,60,50-70,40.345809035649545,40.345809035649545,40.345809035649545,40.345809035649545
710101,Male,65,50-70,82.56,38.575,82.56,82.56
710102,Female,19,15-49,47.15,35.575,47.15,47.15
710202,Female,40,15-49,0,0,0,0
710203,Male,24,15-49,164.575,164.575,164.575,164.575
710204,Female,18,15-49,434.63,430,434.63,434.63
710205,Female,15,15-49,53.93,42.355,53.93,53.93
710301,Male,56,50-70,32.41,4.63,32.41,32.41
710303,Male,26,15-49,196.81702052687427,196.81702052687427,196.81702052687427,196.81702052687427
710304,Male,24,15-49,362.8624625199194,355.9174625199194,362.8624625199194,362.8624625199194
710402,Female,29,15-49,46.519999999999996,28,46.519999999999996,46.519999999999996
710501,Male,26,15-49,357.3,329.52,357.3,357.3
710601,Male,63,50-70,296.8381613579069,296.8381613579069,296.8381613579069,296.8381613579069
710602,Female,27,15-49,0,0,0,0
710801,Male,68,50-70,8.40432276797933,8.40432276797933,8.40432276797933,8.40432276797933
710802,Female,63,50-70,18.84750955886696,18.84750955886696,18.84750955886696,18.84750955886696
710803,Female,24,15-49,9.26,9.26,9.26,9.26
710804,Female,21,15-49,76.965,51.5,76.965,76.965
710901,Male,40,15-49,122.36135588594699,122.36135588594699,122.36135588594699,122.36135588594699
710902,Female,34,15-49,0,0,0,0
711001,Male,51,50-70,39.91,23.705,39.91,39.91
711002,Female,51,50-70,7.333333333,7.333333333,7.333333333,7.333333333
711003,Male,23,15-49,8.43870829512729,6.123708295127289,8.43870829512729,8.43870829512729
711004,Female,20,15-49,5.082586544771042,5.082586544771042,5.082586544771042,5.082586544771042
711005,Female,18,15-49,26.3177593349545,26.3177593349545,26.3177593349545,26.3177593349545
711101,Female,68,50-70,18.908333332999998,11.037333333,18.908333332999998,18.908333332999998
711102,Female,19,15-49,67.15132187060962,53.26132187060963,67.15132187060962,67.15132187060962
711201,Male,30,15-49,27.316999999999997,12.037999999999998,27.316999999999997,27.316999999999997
711202,Female,29,15-49,34.85333333,16.33333333,34.85333333,34.85333333
711301,Male,29,15-49,33.89,24.63,33.89,33.89
711501,Male,23,15-49,55.56,0,55.56,55.56
711601,Male,38,15-49,51.54959104536313,46.919591045363134,51.54959104536313,51.54959104536313
711602,Female,34,15-49,56,56,56,56
720201,Male,35,15-49,72.03999999999999,65.095,72.03999999999999,72.03999999999999
720301,Female,53,50-70,0,0,0,0
720302,Male,20,15-49,304.63,302.315,304.63,304.63
720401,Male,32,15-49,95,95,95,97.14491062253451
720501,Male,26,15-49,7.658935129153601,7.658935129153601,7.658935129153601,7.658935129153601
720601,Male,25,15-49,76.67,48.89,76.67,76.67
720701,Male,46,15-49,14.303041136394544,9.673041136394543,14.303041136394544,14.303041136394544
720702,Female,32,15-49,4,4,4,4
720801,Male,30,15-49,1.0705779983410841,1.0705779983410841,1.0705779983410841,1.0705779983410841
720802,Female,26,15-49,75.78,48,75.78,75.78
720901,Female,28,15-49,16.205,6.945,16.205,16.205
721001,Female,60,50-70,18.483527568866556,18.483527568866556,18.483527568866556,18.483527568866556
721002,Female,23,15-49,19.29438925047434,19.29438925047434,19.29438925047434,19.29438925047434
721003,Female,15,15-49,61.3,33.519999999999996,61.3,61.3
721101,Female,52,50-70,40.25185117801718,40.25185117801718,40.25185117801718,40.25185117801718
721102,Female,20,15-49,11.534792625164268,4.589792625164269,11.534792625164268,11.534792625164268
721103,Male,18,15-49,397.8496392634622,397.8496392634622,397.8496392634622,397.8496392634622
721104,Male,16,15-49,0,0,0,0
721201,Male,37,15-49,18.52,18.52,18.52,18.52
721301,Female,55,50-70,41.512467832856274,41.512467832856274,41.512467832856274,41.512467832856274
721302,Male,22,15-49,18.52,11.575,18.52,18.52
721401,Male,42,15-49,23.545662398309734,23.545662398309734,23.545662398309734,23.545662398309734
721402,Female,33,15-49,20.89,7,20.89,20.89
721501,Female,42,15-49,7.741490979015738,7.741490979015738,7.741490979015738,7.741490979015738
721601,Male,27,15-49,265.47968191102046,265.47968191102046,265.47968191102046,265.47968191102046
730101,Male,26,15-49,24.339651235038346,24.339651235038346,24.339651235038346,24.339651235038346
730201,Male,26,15-49,4.745623481011698,4.745623481011698,4.745623481011698,4.745623481011698
730301,Female,44,15-49,0,0,0,0
730302,Female,60,50-70,27.78,0,27.78,27.78
730303,Female,17,15-49,98.43633307720475,75.28633307720474,98.43633307720475,98.43633307720475
730601,Male,31,15-49,85.655,18.52,86.77391666666666,85.655
730602,Female,26,15-49,29.835,13.629999999999999,29.835,29.835
731202,Female,30,15-49,34.63,30,37.42729166666667,34.69246837179059
731301,Female,38,15-49,106.6893124578585,106.6893124578585,106.6893124578585,106.6893124578585
731302,Female,34,15-49,13.629999999999999,11.315,13.629999999999999,13.629999999999999
731305,Male,16,15-49,356.68352354250936,356.68352354250936,356.68352354250936,356.68352354250936
731401,Male,62,50-70,0,0,0,0
731501,Female,20,15-49,50.93,25.465,50.93,50.93
740102,Female,36,15-49,26.973343695848236,10.768343695848236,26.973343695848236,26.973343695848236
740201,Female,41,15-49,70,70,70,70
740203,Female,17,15-49,142.04,123.52,142.04,142.04
740401,Female,38,15-49,23.867891443743694,14.607891443743696,23.867891443743694,23.867891443743694
740404,Female,17,15-49,5.556,5.556,5.556,5.556
740501,Male,33,15-49,252.66347276457978,252.66347276457978,252.66347276457978,252.66347276457978
740502,Female,26,15-49,41.67,20.835,41.67,41.67
740801,Male,36,15-49,16.205,9.26,16.205,16.205
740802,Female,31,15-49,3.8768843219291496,3.8768843219291496,3.8768843219291496,3.8768843219291496
740901,Male,44,15-49,309.723,309.723,309.723,309.723
740902,Female,46,15-49,168,168,168,168
740903,Female,25,15-49,1.120376980324546,1.120376980324546,1.120376980324546,1.120376980324546
740904,Female,20,15-49,0,0,0,0
741001,Female,31,15-49,12.777512164839276,12.777512164839276,12.777512164839276,12.777512164839276
741101,Male,39,15-49,302.5862243747451,302.5862243747451,302.5862243747451,302.5862243747451
741102,Female,30,15-49,186.52,181.89,186.52,186.52
741301,Male,45,15-49,12.588087174199385,3.328087174199386,12.588087174199385,12.588087174199385
741302,Female,39,15-49,48,48,48,48
741303,Female,18,15-49,162.38,97.56,162.38,162.38
741304,Male,16,15-49,60.19,37.04,60.19,60.19
741401,Male,32,15-49,25.063626396924928,15.803626396924928,25.063626396924928,25.063626396924928
741501,Male,25,15-49,20.835,13.89,20.835,20.835
750101,Female,27,15-49,189.24852302579131,179.98852302579132,189.24852302579131,189.24852302579131
750102,Female,19,15-49,41.67,20.835,41.67,41.67
750201,Female,37,15-49,18.259999999999998,13.629999999999999,18.259999999999998,18.259999999999998
750203,Male,15,15-49,40.835,33.89,40.835,40.835
750301,Female,43,15-49,102.19,102.19,102.19,102.19
750501,Female,43,15-49,39.355,16.205,39.355,39.355
750502,Female,18,15-49,9.26,4.63,9.26,9.26
750701,Female,48,15-49,2.315,0,2.315,2.315
750702,Male,19,15-49,20.519006877195203,20.519006877195203,20.519006877195203,20.519006877195203
750703,Male,15,15-49,23.15,9.26,23.15,23.15
750801,Male,39,15-49,10.565579624923508,10.565579624923508,10.565579624923508,10.565579624923508
750901,Male,33,15-49,405.26,402.945,405.26,405.26
751101,Female,30,15-49,16.518588699302335,7.258588699302336,16.518588699302335,16.518588699302335
751201,Female,29,15-49,66.56341884748002,66.56341884748002,66.56341884748002,66.56341884748002
751202,Female,56,50-70,6.614499352930853,6.614499352930853,6.614499352930853,6.614499352930853
751301,Female,40,15-49,42.34644440122135,28.456444401221347,42.34644440122135,42.34644440122135
751401,Male,29,15-49,325.545,249.15,325.545,325.545
751502,Female,60,50-70,0,0,0,0
751503,Female,55,50-70,12,12,12,12
751601,Female,20,15-49,14.921692559195604,14.921692559195604,14.921692559195604,14.921692559195604
760102,Female,22,15-49,279.56,279.56,279.56,279.56
760103,Male,19,15-49,26.788693409634924,26.788693409634924,26.788693409634924,26.788693409634924
760201,Female,53,50-70,14.53012505009448,14.53012505009448,14.53012505009448,14.53012505009448
760203,Female,20,15-49,28,28,28,28
760301,Female,19,15-49,20.473426087896996,20.473426087896996,20.473426087896996,20.473426087896996
760401,Male,25,15-49,87.8579771253225,36.9279771253225,89.53635212532251,88.67863109419041
760501,Female,55,50-70,13.89,13.89,13.89,13.89
760601,Male,50,50-70,13.89,0,13.89,13.89
760602,Female,16,15-49,47.15,24,47.15,47.15
760701,Female,44,15-49,217.89,208.63,217.89,217.89
760702,Male,16,15-49,27.78,27.78,27.78,27.78
760902,Female,40,15-49,196.26728346042222,196.26728346042222,196.26728346042222,196.26728346042222
760903,Female,37,15-49,13.603871405236639,13.603871405236639,13.603871405236639,13.603871405236639
761101,Male,63,50-70,352.8517447185694,352.8517447185694,352.8517447185694,352.8517447185694
761102,Female,49,15-49,191.5,191.5,191.5,191.5
761201,Female,53,50-70,4.805345902761268,4.805345902761268,4.805345902761268,4.805345902761268
761203,Male,27,15-49,46.3,46.3,46.3,46.3
761401,Female,47,15-49,116.6,116.6,116.6,116.6
761501,Male,35,15-49,18.259999999999998,11.315,18.259999999999998,18.259999999999998
761502,Female,30,15-49,44.68309851624884,44.68309851624884,44.68309851624884,44.68309851624884
761601,Male,52,50-70,407.0498869998861,295.9298869998861,407.0498869998861,407.0498869998861
761602,Female,45,15-49,53.97274083115882,53.97274083115882,53.97274083115882,53.97274083115882
761603,Female,24,15-49,34,34,34,34
761604,Female,21,15-49,108,108,108,108
770201,Male,34,15-49,0.13729151865378267,0.13729151865378267,0.13729151865378267,0.13729151865378267
770202,Female,31,15-49,13.89,6.945,13.89,13.89
770301,Male,52,50-70,20.835,0,30.345791666666663,20.835
770303,Female,21,15-49,19.746870428989425,19.746870428989425,19.746870428989425,19.746870428989425
770501,Male,22,15-49,157.63,153,157.63,157.63
770601,Male,30,15-49,34.28444913540641,34.28444913540641,34.28444913540641,34.28444913540641
770901,Male,43,15-49,102.63,98,102.63,102.63
770902,Female,35,15-49,12.182510170268287,12.182510170268287,12.182510170268287,12.182510170268287
771101,Male,55,50-70,0,0,0,0
771202,Female,60,50-70,2.9504913559205526,2.9504913559205526,2.9504913559205526,2.9504913559205526
771301,Male,56,50-70,47.62253037753336,47.62253037753336,47.62253037753336,47.62253037753336
771302,Female,50,50-70,53.95298655286743,53.95298655286743,53.95298655286743,53.95298655286743
771303,Female,29,15-49,17.54245438251557,17.54245438251557,17.54245438251557,17.54245438251557
771401,Female,65,50-70,0,0,0,0
771501,Male,48,15-49,176.66387956215542,176.66387956215542,176.66387956215542,176.66387956215542
771502,Female,45,15-49,109.63,105,109.63,109.63
771503,Female,18,15-49,197.27439969126496,197.27439969126496,197.27439969126496,197.27439969126496
771601,Male,69,50-70,7.195347997587138,7.195347997587138,7.195347997587138,7.195347997587138
771602,Female,17,15-49,62.19,29.78,62.19,62.19
780101,Female,45,15-49,0,0,0,0
780201,Male,39,15-49,201.34,173.56,202.45891666666665,201.34
780202,Female,34,15-49,14.493704981468353,14.493704981468353,14.493704981468353,14.493704981468353
780401,Male,32,15-49,0,0,0,0
780402,Female,28,15-49,60,60,60,60
780501,Male,33,15-49,0,0,0,0
780502,Female,30,15-49,26.085,19.14,26.085,26.085
780601,Female,30,15-49,42,42,42,42.1734375050728
780604,Female,18,15-49,19.259999999999998,10,19.259999999999998,19.259999999999998
780701,Male,32,15-49,52.05666667,45.11166667,52.05666667,52.05666667
780702,Female,31,15-49,34.05678844715726,20.16678844715726,34.05678844715726,34.05678844715726
780901,Male,44,15-49,88.205,72,88.205,88.205
780902,Female,41,15-49,5.964242180974391,5.964242180974391,5.964242180974391,5.964242180974391
781001,Female,48,15-49,41.67,13.89,41.67,41.688666001445874
781002,Female,22,15-49,24.181622020108797,24.181622020108797,24.181622020108797,24.181622020108797
781101,Male,40,15-49,0,0,0,0.16581504023905166
781102,Female,38,15-49,99.37010648663906,99.37010648663906,99.37010648663906,99.37010648663906
781201,Male,37,15-49,29.0126250849942,29.0126250849942,29.0126250849942,29.0126250849942
781202,Female,26,15-49,75.89717747255027,75.89717747255027,75.89717747255027,75.89717747255027
781204,Female,19,15-49,40.082926005533125,40.082926005533125,40.082926005533125,40.082926005533125
781301,Male,32,15-49,29.757490796894956,29.757490796894956,29.757490796894956,29.757490796894956
781302,Female,29,15-49,98.52121714806265,98.52121714806265,98.52121714806265,98.52121714806265
781401,Male,41,15-49,23.160672505884992,18.530672505884993,23.160672505884992,23.160672505884992
781402,Female,38,15-49,0,0,0,0
781501,Male,34,15-49,3.0754153261207327,3.0754153261207327,3.0754153261207327,3.0754153261207327
781601,Male,49,15-49,0,0,1.678375,1.3932105825296737
781602,Female,42,15-49,19.630693193859305,15.000693193859307,19.630693193859305,19.630693193859305
781603,Female,22,15-49,62.945,60.63,62.945,62.945
781604,Female,20,15-49,13.56599613825451,13.56599613825451,13.56599613825451,13.56599613825451
790101,Male,68,50-70,155.60662471778033,137.08662471778032,155.60662471778033,155.60662471778033
790102,Female,60,50-70,18.52,9.26,18.52,18.52
790103,Female,32,15-49,0,0,0,0
790104,Female,29,15-49,80.515,57.365,80.515,80.515
790201,Male,34,15-49,148.10460463300058,138.84460463300059,148.10460463300058,148.10460463300058
790401,Male,33,15-49,9.26,6.945,9.26,9.26
790501,Male,20,15-49,53.128754544947505,25.348754544947507,53.128754544947505,53.128754544947505
790601,Female,68,50-70,13.831768531115598,13.831768531115598,13.831768531115598,13.831768531115598
790701,Male,55,50-70,23.15,23.15,23.15,23.15
790702,Female,40,15-49,224,224,224,224
790801,Female,67,50-70,0,0,0,0
790901,Male,39,15-49,179.47764171446053,179.47764171446053,179.47764171446053,179.47764171446053
790902,Female,41,15-49,0,0,0,0
791001,Female,48,15-49,0,0,0,0
791002,Female,22,15-49,29.49673664433527,24.866736644335273,29.49673664433527,29.49673664433527
791003,Female,19,15-49,58.90954207804464,54.27954207804464,58.90954207804464,58.90954207804464
791004,Male,18,15-49,14.013788330144841,3.364788330144841,14.013788330144841,14.013788330144841
791005,Female,15,15-49,50.93,32.41,50.93,50.93
791006,Male,15,15-49,34.262,16.205,34.262,34.262
791102,Female,58,50-70,15.014938376612488,15.014938376612488,15.014938376612488,15.014938376612488
791103,Female,19,15-49,22.64,8.75,22.64,22.64
791201,Male,36,15-49,54,54,54,54.16353104494363
791202,Female,35,15-49,5,5,6.118916666666668,5.738712970752979
791204,Female,37,15-49,77.5,77.5,77.5,77.5
791401,Male,52,50-70,8.066073458036144,8.066073458036144,8.066073458036144,8.066073458036144
791402,Female,49,15-49,0.8057524445815694,0.8057524445815694,0.8057524445815694,0.8057524445815694
791403,Female,22,15-49,2.315,0,2.315,2.315
791404,Male,21,15-49,201.67000000000002,171.575,201.67000000000002,201.67000000000002
791405,Male,19,15-49,280.56,252.78,280.56,280.56
791501,Female,40,15-49,19.257662481085603,19.257662481085603,19.257662481085603,19.257662481085603
791502,Male,16,15-49,43.985,27.78,43.985,43.985
800102,Female,22,15-49,45.79,31.9,45.79,45.96177466980687
800201,Male,35,15-49,37.04,9.26,37.04,37.04
800302,Male,21,15-49,324.64666161073245,324.64666161073245,324.64666161073245,324.64666161073245
800501,Male,39,15-49,154.20499999999998,147.26,154.20499999999998,154.20499999999998
800502,Female,34,15-49,46.483333329999994,37.22333333,46.483333329999994,46.483333329999994
800901,Male,57,50-70,142,142,142,142
800902,Female,52,50-70,24.02,24.02,26.25783333333333,24.02
800903,Female,25,15-49,9.26,9.26,9.26,9.26
800904,Male,30,15-49,58.63,58.63,58.63,58.63
801004,Female,69,50-70,3,3,4.118916666666664,3
801005,Male,45,15-49,82.52,64,82.52,82.52
801201,Female,60,50-70,25.100980873040115,25.100980873040115,25.100980873040115,25.100980873040115
801202,Female,15,15-49,100.72045754211628,100.72045754211628,100.72045754211628,100.72045754211628
801301,Female,69,50-70,15.63249183088782,15.63249183088782,15.63249183088782,15.63249183088782
801401,Male,29,15-49,20.876408074071122,16.246408074071127,20.876408074071122,20.876408074071122
801501,Male,30,15-49,118,118,118,118
801602,Female,17,15-49,0,0,0,0
810101,Male,55,50-70,12.5,12.5,12.5,14.676379942218386
810102,Female,40,15-49,1.8289137912314024,1.8289137912314024,1.8289137912314024,1.8289137912314024
810201,Female,47,15-49,7.84751013893517,5.532510138935169,7.84751013893517,7.946496212996686
810301,Male,31,15-49,9.26,0,9.26,9.656484795072995
810302,Female,31,15-49,1.1930883724500347,1.1930883724500347,1.1930883724500347,1.1930883724500347
810303,Male,16,15-49,163.56,135.78,163.56,163.56
810401,Male,57,50-70,0,0,0,2.0943144579379536
810402,Female,50,50-70,93,93,93,93
810403,Male,25,15-49,0,0,3.9162083333333317,0
810601,Female,38,15-49,7,7,9.237833333333333,7
810701,Male,59,50-70,112.12524766051517,112.12524766051517,112.12524766051517,112.12524766051517
810702,Female,50,50-70,22.966558312816616,22.966558312816616,22.966558312816616,23.10714363011583
810703,Male,23,15-49,15.246128565424872,15.246128565424872,15.246128565424872,15.246128565424872
810704,Female,21,15-49,215.23038876680945,215.23038876680945,215.23038876680945,215.23038876680945
810705,Male,17,15-49,229.50279737593905,229.50279737593905,229.50279737593905,229.50279737593905
811002,Female,38,15-49,3,3,4.118916666666668,3
811003,Male,19,15-49,1.492952046638292,1.492952046638292,3.730785379971624,1.492952046638292
811102,Female,67,50-70,0.333333333,0.333333333,0.333333333,0.333333333
811103,Female,53,50-70,18,18,18,18
811104,Male,26,15-49,0,0,0,0
811201,Female,47,15-49,43.89,43.89,43.89,43.89
811202,Male,19,15-49,48.12113909715963,45.80613909715963,48.12113909715963,48.12113909715963
811301,Female,26,15-49,30.22333333,23.27833333,30.22333333,30.22333333
811401,Female,37,15-49,181.15,176.52,181.15,181.15
811501,Male,41,15-49,0,0,1.1189166666666683,0
811502,Female,38,15-49,76.395,20.835,78.63283333333332,79.37670767785744
811506,Female,23,15-49,17.05984767317829,17.05984767317829,18.73822267317829,17.186786885203883
820101,Male,22,15-49,3.9110726167381475,3.9110726167381475,3.9110726167381475,3.9110726167381475
820201,Male,33,15-49,356,356,359.35675,357.3056633001939
820202,Female,28,15-49,22.815333329999998,19.574333329999998,22.815333329999998,27.192982945380983
820301,Female,47,15-49,13,13,16.356749999999998,13
820302,Male,17,15-49,72,72,74.23783333333333,72
820304,Female,16,15-49,9,9,10.678374999999999,9
820401,Female,28,15-49,53.93,7.63,53.93,53.93
820601,Female,36,15-49,30.378138246179837,30.378138246179837,30.378138246179837,30.378138246179837
820701,Male,28,15-49,38.40313178819609,33.77313178819609,38.40313178819609,38.40313178819609
820801,Female,18,15-49,121.56710023547262,121.56710023547262,121.56710023547262,121.56710023547262
820901,Male,24,15-49,43.25172765716849,33.99172765716848,43.25172765716849,43.25172765716849
821001,Male,65,50-70,91,91,91,91.01945817741706
821002,Female,37,15-49,191.5,191.5,191.5,191.5
821003,Male,27,15-49,131.42125936713705,129.10625936713706,131.42125936713705,131.42125936713705
821004,Male,15,15-49,9.26,4.63,9.26,9.26
821006,Male,35,15-49,14,14,14,14
821101,Female,39,15-49,5,5,5,5
821102,Female,19,15-49,5.326858377172365,5.326858377172365,5.326858377172365,5.326858377172365
821201,Male,25,15-49,18.52,0,18.52,18.52
821301,Male,47,15-49,0,0,0,5.397104738521932
821401,Male,59,50-70,28.02,23.39,28.02,28.02
821402,Female,50,50-70,32.15,18.259999999999998,32.15,32.15
821404,Female,15,15-49,23.77,14.51,23.77,23.77
821501,Male,32,15-49,116.63,114.315,116.63,116.63
821502,Female,23,15-49,21.218498522524953,21.218498522524953,21.218498522524953,21.218498522524953
821503,Female,20,15-49,56.9857836162372,56.9857836162372,56.9857836162372,56.9857836162372
821601,Male,27,15-49,33.04443049816557,19.154430498165564,33.04443049816557,33.04443049816557
830101,Male,58,50-70,0,0,0,0
830102,Female,47,15-49,57.56,29.78,57.56,57.56
830401,Female,28,15-49,1.3245092163564425,1.3245092163564425,1.3245092163564425,1.3245092163564425
830601,Male,15,15-49,6.963333333,6.963333333,6.963333333,6.963333333
830701,Male,34,15-49,10.063469305572923,10.063469305572923,10.063469305572923,10.063469305572923
830801,Male,48,15-49,161.8,147.91,161.8,161.8
830802,Female,37,15-49,151.3,105,151.3,151.3
830803,Male,22,15-49,95.77753822378844,86.51753822378842,95.77753822378844,95.77753822378844
830804,Male,18,15-49,48.89,39.63,48.89,48.89
830805,Male,16,15-49,23.15,9.26,23.15,23.15
830901,Male,60,50-70,40.010202457515305,2.970202457515308,40.010202457515305,40.010202457515305
830902,Female,44,15-49,4.63,4.63,4.63,4.63
830903,Female,18,15-49,59.56,24.835,59.56,59.56
831001,Male,36,15-49,269.93,269.93,272.1678333333333,273.6340067961084
831002,Female,34,15-49,26.992105103454186,26.992105103454186,26.992105103454186,26.992105103454186
831201,Male,62,50-70,13.89,6.945,13.89,13.89
831202,Female,40,15-49,279.26,274.63,279.26,279.26
831301,Male,38,15-49,53.08812001763692,53.08812001763692,53.08812001763692,53.08812001763692
831401,Male,22,15-49,22.083996785780275,8.193996785780273,22.083996785780275,22.083996785780275
831402,Female,20,15-49,23.33333333,23.33333333,23.33333333,23.33333333
831501,Male,61,50-70,59.76797351851862,59.76797351851862,59.76797351851862,59.76797351851862
831502,Female,49,15-49,0,0,0,0
831601,Female,21,15-49,207.5645327647989,202.93453276479892,207.5645327647989,207.5645327647989
840101,Female,67,50-70,15.26,10.629999999999999,15.26,15.26
840103,Male,22,15-49,134.2389617928016,64.78896179280162,134.2389617928016,134.2389617928016
840201,Male,36,15-49,23.15,0,23.15,23.15
840202,Female,33,15-49,67.3994195143038,67.3994195143038,67.3994195143038,67.3994195143038
840301,Male,46,15-49,23.15,9.26,23.15,23.15
840302,Female,38,15-49,66.02,56.76,66.02,66.02
840303,Male,22,15-49,145.58408311908428,140.9540831190843,145.58408311908428,145.58408311908428
840401,Male,48,15-49,155.985,132.835,155.985,155.985
840403,Male,24,15-49,328.725,326.40999999999997,328.725,328.725
840404,Male,19,15-49,157.06958947216543,157.06958947216543,157.06958947216543,157.06958947216543
840501,Female,29,15-49,19.79378600904256,17.478786009042558,19.79378600904256,19.79378600904256
840602,Female,26,15-49,33.26,24,33.26,33.26
840801,Male,23,15-49,32.41,30.095,32.41,32.41
840901,Male,29,15-49,45.485,29.28,45.485,45.485
841002,Female,23,15-49,158,158,158,158
841102,Female,30,15-49,33.26,33.26,33.26,33.26
841201,Male,67,50-70,173.4031005753766,173.4031005753766,173.4031005753766,173.4031005753766
841301,Male,40,15-49,13.89,0,13.89,13.89
841502,Female,46,15-49,84.35252254532745,84.35252254532745,84.35252254532745,84.35252254532745
850101,Male,31,15-49,27.78,0,30.577291666666664,31.54600362054174
850201,Female,20,15-49,313.5238444712204,183.88384447122039,313.5238444712204,313.5238444712204
850401,Male,24,15-49,95,95,97.23783333333333,98.31901187384616
850501,Male,69,50-70,14.01861664168035,14.01861664168035,14.01861664168035,14.01861664168035
850601,Male,26,15-49,18.752094418367673,18.752094418367673,18.752094418367673,18.752094418367673
850701,Male,36,15-49,55.25121700753582,34.41621700753582,55.25121700753582,55.25121700753582
850702,Female,34,15-49,4.993239861595864,4.993239861595864,4.993239861595864,4.993239861595864
850802,Female,34,15-49,5.238861638092487,5.238861638092487,5.238861638092487,5.238861638092487
851001,Male,47,15-49,206.595,201.965,206.595,206.595
851101,Male,31,15-49,0,0,0,0.2809016908256321
851102,Female,28,15-49,205.04,177.26,205.04,205.04
851201,Male,34,15-49,61.29814134712558,19.62814134712558,61.29814134712558,61.29814134712558
851202,Female,26,15-49,0,0,0,0
851301,Female,50,50-70,11.010604336470077,11.010604336470077,11.010604336470077,11.010604336470077
851401,Female,32,15-49,4.733483624238988,4.733483624238988,4.733483624238988,4.733483624238988
851501,Male,25,15-49,155.26,148.315,155.26,155.26
851601,Male,39,15-49,16,16,16,16.561137318405482
851602,Female,33,15-49,5.9896844670082015,5.9896844670082015,5.9896844670082015,5.9896844670082015
851606,Male,23,15-49,41.74763373161875,11.652633731618744,41.74763373161875,41.74763373161875
860101,Male,67,50-70,4,4,4,5.571536759660686
860102,Female,57,50-70,0.666666667,0.666666667,0.666666667,0.666666667
860103,Female,25,15-49,15.575816181453707,15.575816181453707,15.575816181453707,15.575816181453707
860201,Male,42,15-49,150.31333540244532,150.31333540244532,150.31333540244532,150.31333540244532
860202,Female,33,15-49,25.89,18.945,25.89,25.89
860401,Female,26,15-49,20.368484192749673,8.793484192749675,20.368484192749673,20.368484192749673
860501,Male,31,15-49,12.850976769138063,12.850976769138063,12.850976769138063,12.850976769138063
860502,Female,29,15-49,17.31035898880151,17.31035898880151,17.31035898880151,17.31035898880151
860601,Female,34,15-49,32.85327642489922,32.85327642489922,32.85327642489922,32.85327642489922
860602,Male,16,15-49,16.205,0,16.205,16.205
860701,Male,44,15-49,175.95682253765028,175.95682253765028,175.95682253765028,175.95682253765028
860702,Male,22,15-49,62.504999999999995,62.504999999999995,62.504999999999995,62.504999999999995
860703,Male,18,15-49,220.245,180.89,220.245,220.245
860801,Male,36,15-49,15.212206209098214,10.582206209098215,15.212206209098214,15.212206209098214
860802,Female,32,15-49,0,0,0,0
861001,Male,39,15-49,57.97048846992555,30.190488469925555,57.97048846992555,57.97048846992555
861002,Female,31,15-49,23.15,13.89,23.15,23.15
861103,Male,18,15-49,13.89,9.26,13.89,13.89
861104,Male,16,15-49,18.52,9.26,18.52,18.52
861201,Male,40,15-49,36.05362928188979,31.423629281889795,36.05362928188979,36.05362928188979
861202,Female,30,15-49,9,9,9,9
861301,Male,33,15-49,115.5,115.5,115.5,115.5
861302,Female,38,15-49,9.26,0,9.26,9.26
861303,Male,21,15-49,46.3,32.41,46.3,46.3
861304,Female,16,15-49,36.53,15.695,36.53,36.53
861401,Female,43,15-49,2.012544391587493,2.012544391587493,2.012544391587493,2.012544391587493
861402,Female,23,15-49,10.556302826601774,10.556302826601774,10.556302826601774,10.556302826601774
861403,Female,19,15-49,26.18394875125278,26.18394875125278,26.18394875125278,26.18394875125278
861404,Female,18,15-49,132.13833333,113.61833333,132.13833333,132.13833333
861501,Male,37,15-49,243.635,218.17000000000002,243.635,243.635
861502,Female,31,15-49,27.922807490980365,25.607807490980363,27.922807490980365,27.922807490980365
861601,Male,28,15-49,243.52,229.63,243.52,243.52
870101,Male,63,50-70,155.93432266064005,142.04432266064006,155.93432266064005,155.93432266064005
870201,Male,43,15-49,392.35492267744087,392.35492267744087,392.35492267744087,392.35492267744087
870202,Female,34,15-49,37.68919619352954,37.68919619352954,37.68919619352954,37.68919619352954
870203,Female,16,15-49,224,224,224,224
870301,Male,44,15-49,226,226,226,226
870302,Female,42,15-49,0,0,0,4.108561087586695
870303,Male,19,15-49,0,0,0,0
870501,Male,31,15-49,208.91,199.65,208.91,208.91
870601,Female,42,15-49,30.205,14,30.205,30.205
870701,Male,27,15-49,169.1025879676758,169.1025879676758,169.1025879676758,169.1025879676758
870801,Female,48,15-49,0,0,0,0
870803,Male,16,15-49,6.13,6.13,6.13,6.13
870901,Male,35,15-49,56.39429982328065,56.39429982328065,56.39429982328065,56.39429982328065
871001,Female,54,50-70,93,93,93,93
871201,Male,58,50-70,0,0,0.5594583333333317,0
871202,Female,17,15-49,3,3,3,3
871301,Female,56,50-70,52.843053352805896,52.843053352805896,52.843053352805896,52.843053352805896
871401,Male,23,15-49,8.11083890494356,8.11083890494356,8.11083890494356,8.11083890494356
871501,Male,54,50-70,7.636027195886352,7.636027195886352,7.636027195886352,7.636027195886352
871502,Female,36,15-49,0,0,0,0
871506,Female,23,15-49,39.79799372027498,12.01799372027498,39.79799372027498,39.79799372027498
871601,Female,30,15-49,5.443823853754308,5.443823853754308,5.443823853754308,5.443823853754308
871602,Female,63,50-70,42,42,42,42
871604,Male,21,15-49,20.305166122332828,20.305166122332828,20.305166122332828,20.305166122332828
880301,Female,31,15-49,7.291130583958709,7.291130583958709,7.291130583958709,7.291130583958709
880401,Male,36,15-49,102.1884504089021,102.1884504089021,102.1884504089021,104.90803488218555
880402,Female,32,15-49,102.90308815804485,89.01308815804485,102.90308815804485,102.90308815804485
880403,Female,19,15-49,62.3,36.835,62.3,62.3
880501,Male,65,50-70,26.825267269924485,17.565267269924487,26.825267269924485,26.825267269924485
880502,Female,51,50-70,4.250323271662914,4.250323271662914,4.250323271662914,4.250323271662914
880503,Female,19,15-49,220.20499999999998,204,220.20499999999998,220.20499999999998
880504,Female,17,15-49,25.465,20.835,27.70283333333333,25.465
880601,Male,42,15-49,156,156,156,156
880602,Female,31,15-49,0.572307428809301,0.572307428809301,0.572307428809301,0.572307428809301
880701,Female,37,15-49,84.45,56.67,84.45,84.45
880801,Female,61,50-70,39.54184329429829,39.54184329429829,39.54184329429829,39.54184329429829
880901,Male,59,50-70,10.608026393627494,10.608026393627494,10.608026393627494,10.608026393627494
880902,Male,23,15-49,36.63020938223085,22.740209382230855,36.63020938223085,36.63020938223085
880903,Male,19,15-49,173.13,168.5,173.13,173.13
881101,Male,49,15-49,177.25873581702476,177.25873581702476,177.25873581702476,177.25873581702476
881201,Male,58,50-70,9.400225729683655,7.085225729683654,9.400225729683655,9.400225729683655
881202,Female,50,50-70,5.963333333,5.963333333,5.963333333,5.963333333
881203,Female,18,15-49,4.5996845973230105,4.5996845973230105,4.5996845973230105,4.5996845973230105
881204,Male,18,15-49,80.22639497762245,80.22639497762245,80.22639497762245,80.22639497762245
881301,Male,50,50-70,30,30,30,30
881302,Female,47,15-49,10.839854967221282,10.839854967221282,10.839854967221282,10.839854967221282
881501,Female,42,15-49,25.465,16.205,25.465,25.465
881601,Male,35,15-49,101.86,62.504999999999995,101.86,101.86
881602,Female,23,15-49,120.63,116,120.63,120.63
890101,Female,63,50-70,3,3,3,3
890102,Female,37,15-49,48.59573132477812,48.59573132477812,48.59573132477812,48.59573132477812
890103,Female,42,15-49,14,14,14,14
890104,Female,27,15-49,77.408,77.408,77.408,77.408
890201,Female,36,15-49,38.89,31.945,38.89,38.89
890202,Male,15,15-49,30.095,6.945,30.095,30.095
890301,Female,33,15-49,0,0,0,0
890401,Male,41,15-49,142.69994881494097,128.80994881494098,142.69994881494097,142.99180072831723
890403,Male,22,15-49,252.78,229.63,252.78,252.78
890404,Female,15,15-49,32.41,9.26,32.41,32.41
890406,Male,23,15-49,72.57809275547586,72.57809275547586,72.57809275547586,72.57809275547586
890501,Male,34,15-49,11.930254252092823,11.930254252092823,11.930254252092823,11.930254252092823
890701,Male,54,50-70,22.89,9,22.89,23.01743727589556
890702,Female,29,15-49,3,3,5.237833333333336,3
890801,Male,22,15-49,3.078376031838784,3.078376031838784,3.078376031838784,3.078376031838784
891001,Female,62,50-70,2.668114927183329,2.668114927183329,2.668114927183329,2.668114927183329
891002,Male,25,15-49,10.738563773315208,8.423563773315207,10.738563773315208,10.738563773315208
891201,Male,30,15-49,2.9135520532616597,2.9135520532616597,2.9135520532616597,2.9135520532616597
891301,Male,32,15-49,333.355,321.78,333.355,334.463680491611
891402,Female,35,15-49,9.41238330619736,2.4673833061973593,9.41238330619736,9.41238330619736
891403,Male,15,15-49,18.52,9.26,18.52,18.52
891501,Male,32,15-49,41.856939692330826,30.281939692330823,41.856939692330826,41.856939692330826
891502,Female,28,15-49,36.71445988940216,18.194459889402157,36.71445988940216,36.71445988940216
891601,Male,62,50-70,4.63,0,4.63,4.63
900101,Male,36,15-49,18.52,18.52,18.52,18.52
900102,Female,29,15-49,41.78,37.15,41.78,41.78
900201,Male,51,50-70,31.88956413334911,31.88956413334911,31.88956413334911,31.88956413334911
900202,Female,32,15-49,28,28,28,28
900301,Female,48,15-49,77.55446989401864,77.55446989401864,77.55446989401864,77.55446989401864
900302,Male,20,15-49,26.134114394752473,26.134114394752473,26.134114394752473,26.134114394752473
900401,Male,32,15-49,367.95977751833504,367.95977751833504,367.95977751833504,367.95977751833504
900501,Male,49,15-49,176,176,176,176
900502,Female,46,15-49,16.33333333,16.33333333,16.33333333,16.33333333
900503,Female,20,15-49,30.482,24,30.482,30.482
900601,Male,36,15-49,19.89,6,19.89,19.89
900602,Female,34,15-49,54.33987192308507,54.33987192308507,54.33987192308507,54.33987192308507
900603,Male,15,15-49,294,294,294,294
900701,Male,60,50-70,3.942271422431986,3.942271422431986,3.942271422431986,3.942271422431986
900702,Male,22,15-49,37.04,37.04,37.04,37.04
900703,Male,17,15-49,61.04,33.26,61.04,61.04
900802,Female,45,15-49,52.4786807861833,38.58868078618329,52.4786807861833,52.4786807861833
900901,Male,29,15-49,16.431831589091587,16.431831589091587,16.431831589091587,16.431831589091587
900902,Female,23,15-49,53.245,0,53.245,53.245
901001,Male,34,15-49,0.12140626749292305,0.12140626749292305,0.12140626749292305,0.12140626749292305
901002,Female,28,15-49,2.1518280159398437,2.1518280159398437,2.1518280159398437,3.3189906098626425
901101,Female,37,15-49,2.315,2.315,2.315,2.315
901102,Female,16,15-49,83.56,55.78,83.56,83.56
901201,Female,51,50-70,29.08436815759167,29.08436815759167,29.08436815759167,29.08436815759167
901202,Female,30,15-49,42.151727964285314,42.151727964285314,42.151727964285314,42.151727964285314
901203,Male,24,15-49,3.5853563725777917,3.5853563725777917,3.5853563725777917,3.5853563725777917
901301,Male,49,15-49,44.472415865091996,30.582415865091995,44.472415865091996,44.838806424739445
901302,Female,42,15-49,4.63,0,4.63,4.63
901304,Male,22,15-49,41.67,32.41,41.67,41.67
901402,Female,32,15-49,32.33904750857286,32.33904750857286,32.33904750857286,32.33904750857286
901502,Female,23,15-49,18.09180273100018,18.09180273100018,18.09180273100018,18.09180273100018
901601,Male,35,15-49,46.3,6.945,46.3,46.3
910101,Male,22,15-49,227.44468613314345,227.44468613314345,227.44468613314345,227.44468613314345
910202,Female,60,50-70,41.78,14,41.78,41.78
910401,Male,46,15-49,27.78,0,27.78,27.863800821962286
910402,Female,43,15-49,55.78,28,55.78,55.78
910406,Female,19,15-49,236.13,138.9,236.13,236.13
910407,Female,15,15-49,267.985,224,267.985,267.985
910408,Female,15,15-49,9.26,9.26,9.26,9.26
910410,Male,16,15-49,108.89,99.63,108.89,108.89
910501,Male,35,15-49,9.210409707621498,9.210409707621498,9.210409707621498,9.210409707621498
910502,Female,29,15-49,23.113511769360002,23.113511769360002,23.113511769360002,23.113511769360002
910602,Female,26,15-49,12.320907147108795,12.320907147108795,12.320907147108795,12.320907147108795
910701,Female,38,15-49,43.78,16,43.78,43.78
910901,Male,40,15-49,55.56,55.56,55.56,55.56
910902,Female,27,15-49,274.93,233.26,274.93,274.93
911001,Female,50,50-70,27.78,27.78,27.78,27.78
911002,Male,57,50-70,72.77426217170866,72.77426217170866,72.77426217170866,72.77426217170866
911003,Female,26,15-49,67.135,18.52,67.135,67.135
911004,Female,24,15-49,157.67000000000002,143.78,157.67000000000002,157.67000000000002
911005,Female,21,15-49,96.02,84.445,96.02,96.02
911101,Female,46,15-49,27.78,0,27.78,27.78
911102,Female,15,15-49,85.02499999999999,34.095,85.02499999999999,85.02499999999999
911201,Female,19,15-49,83.34,41.67,83.34,83.34
911302,Female,65,50-70,13.89,6.945,13.89,13.89
911303,Female,15,15-49,38.150778855602255,10.370778855602254,38.150778855602255,38.150778855602255
911402,Female,38,15-49,233.17000000000002,233.17000000000002,233.17000000000002,233.17000000000002
920101,Male,63,50-70,31.340312504410612,17.45031250441061,31.340312504410612,31.340312504410612
920102,Female,50,50-70,18.006219666691496,18.006219666691496,18.006219666691496,18.006219666691496
920103,Female,37,15-49,3,3,3,3
920104,Male,15,15-49,104.175,48.615,104.175,104.175
920201,Female,50,50-70,66.20545136351026,59.26045136351028,66.20545136351026,66.20545136351026
920202,Male,31,15-49,6.945,6.945,6.945,6.945
920203,Female,22,15-49,19.14,16.825,19.14,19.14
920204,Male,22,15-49,76.095,62.205,76.095,76.095
920303,Female,18,15-49,13.89,6.945,13.89,13.89
920304,Female,23,15-49,32.41,27.78,32.41,32.41
920401,Male,28,15-49,0,0,0,0
920402,Female,28,15-49,0,0,0,0
920501,Male,46,15-49,25.483333332999997,4.648333333,25.483333332999997,25.483333332999997
920502,Female,45,15-49,50.465,45.835,50.465,50.465
920505,Female,19,15-49,23.15,0,23.15,23.15
920701,Female,58,50-70,66.20899999999999,43.059,66.20899999999999,66.20899999999999
920702,Male,24,15-49,69.45,53.245,69.45,69.45
920703,Male,21,15-49,337.985,303.26,337.985,337.985
920801,Female,24,15-49,102.08,76.61500000000001,102.08,102.08
920902,Female,53,50-70,10.26,10.26,10.26,11.808935045806715
921001,Male,30,15-49,27.78,13.89,27.78,27.78
921002,Male,24,15-49,167.52018316572773,167.52018316572773,167.52018316572773,167.52018316572773
921101,Male,42,15-49,18.52,0,18.52,18.52
921201,Female,45,15-49,34.74265100278047,34.74265100278047,34.74265100278047,34.74265100278047
921202,Male,22,15-49,39.355,0,39.355,39.355
921301,Male,65,50-70,31.561251658667615,31.561251658667615,33.79908499200095,31.561251658667615
921302,Female,55,50-70,9.26,9.26,9.26,9.26
921303,Male,20,15-49,10.185999999999998,5.556,10.185999999999998,10.185999999999998
921304,Female,18,15-49,164.34,152.765,164.34,164.34
921402,Female,36,15-49,13.89,4.63,13.89,13.89
921501,Female,60,50-70,14.548235373784143,9.918235373784142,14.548235373784143,14.548235373784143
921502,Female,24,15-49,74.3,46.519999999999996,74.3,74.3
921503,Male,16,15-49,199.41,187.835,199.41,199.41
921601,Female,42,15-49,24.330043920927977,24.330043920927977,24.330043920927977,24.330043920927977
930101,Male,39,15-49,28.553625299427253,21.608625299427253,30.232000299427252,29.35123243953037
930102,Female,34,15-49,66.07685420609084,45.24185420609084,66.07685420609084,66.07685420609084
930201,Female,29,15-49,5,5,5,5.5217629526417005
930202,Female,23,15-49,9.26,0,10.938375,9.26
930301,Male,47,15-49,24.259999999999998,15,24.259999999999998,24.259999999999998
930401,Male,47,15-49,9.26,4.63,9.26,9.26
930501,Male,42,15-49,24.35748610107989,24.35748610107989,24.35748610107989,24.35748610107989
930502,Female,34,15-49,24,24,24,24
930601,Male,43,15-49,67.135,46.3,67.135,67.135
930602,Female,35,15-49,25,25,25,25
930701,Male,58,50-70,23.15,9.26,23.15,23.15
930703,Female,26,15-49,23.15,9.26,23.15,23.15
930706,Female,17,15-49,4,4,4,4
930802,Female,37,15-49,0,0,0,0
930805,Male,18,15-49,32.41,4.63,32.41,32.41
930902,Female,59,50-70,195.56,153.89,195.56,195.56
930903,Male,20,15-49,78.985,35,78.985,78.985
930904,Male,17,15-49,78.71,71.765,78.71,78.71
931101,Male,23,15-49,20.835,20.835,20.835,20.835
931201,Male,30,15-49,0,0,0,0
931202,Female,28,15-49,82.395,33.78,82.395,82.395
931401,Female,30,15-49,69.26,60,69.26,69.26
931501,Male,34,15-49,78.0554914626009,78.0554914626009,78.0554914626009,78.0554914626009
931601,Male,38,15-49,26.575,26.575,26.575,26.575
931602,Female,32,15-49,116,116,116,116
940102,Female,47,15-49,79.56,37.89,79.56,79.56
940103,Female,23,15-49,103.97,78.505,107.88620833333333,103.97
940104,Female,16,15-49,8.75,8.75,8.75,8.75
940201,Female,23,15-49,0,0,1.678375,1.3478682104131257
940301,Female,34,15-49,167.765,102.945,167.765,167.765
940402,Female,28,15-49,0,0,0,0
940502,Female,18,15-49,293.15,279.26,293.15,293.15
940503,Male,16,15-49,0,0,0,0
940601,Male,33,15-49,4.63,2.315,4.63,4.63
940801,Female,22,15-49,21.259999999999998,12,21.259999999999998,21.930763797543648
941101,Female,43,15-49,15,15,15,15
941102,Male,22,15-49,31.412893387229847,26.782893387229848,31.412893387229847,31.412893387229847
941103,Male,15,15-49,104.175,20.835,104.175,104.175
941201,Female,60,50-70,12,12,12,12
941202,Female,21,15-49,180.57,0,180.57,180.57
941301,Male,43,15-49,77.59494570907658,65.55694570907659,77.59494570907658,77.59494570907658
941302,Female,35,15-49,33.26,33.26,33.26,33.26
941502,Female,27,15-49,11.43945668008636,11.43945668008636,11.43945668008636,11.43945668008636
950101,Male,40,15-49,15.87495082597321,15.87495082597321,15.87495082597321,15.87495082597321
950102,Female,30,15-49,11.598344826637643,11.598344826637643,11.598344826637643,11.598344826637643
950201,Male,29,15-49,33.71597790273699,29.085977902736985,33.71597790273699,33.71597790273699
950302,Female,35,15-49,275.9419511082498,275.9419511082498,275.9419511082498,275.9419511082498
950307,Male,20,15-49,19.71542364399617,19.71542364399617,19.71542364399617,19.71542364399617
950401,Male,28,15-49,241.2293544828721,241.2293544828721,241.2293544828721,241.2293544828721
950601,Male,29,15-49,33.01176225745557,33.01176225745557,33.01176225745557,33.01176225745557
950701,Female,30,15-49,13.89,13.89,13.89,13.89
950802,Male,41,15-49,41.67,41.67,41.67,41.67
950901,Female,22,15-49,13.848405560337275,13.848405560337275,13.848405560337275,13.848405560337275
950904,Male,18,15-49,48.355,34.465,48.355,48.355
951302,Female,42,15-49,63.26,63.26,63.26,63.26
951402,Female,30,15-49,41.89,34.945,41.89,41.89
951601,Male,53,50-70,37.04,18.52,37.04,37.04
951602,Female,53,50-70,16.515629556650293,16.515629556650293,16.515629556650293,16.515629556650293
951608,Female,26,15-49,286.2917612841375,279.34676128413753,286.2917612841375,286.2917612841375
960402,Female,38,15-49,106.49357605829672,106.49357605829672,106.49357605829672,106.49357605829672
960502,Female,30,15-49,24.835,24.835,24.835,24.835
960505,Female,16,15-49,116,116,116,116
960601,Male,46,15-49,27.305334459698233,27.305334459698233,27.305334459698233,27.305334459698233
960603,Male,18,15-49,18.52,9.26,18.52,18.52
960604,Male,16,15-49,108.80499999999999,60.19,108.80499999999999,108.80499999999999
960607,Male,15,15-49,132.835,125.89,132.835,132.835
960802,Female,40,15-49,35.39421307891469,35.39421307891469,35.39421307891469,35.39421307891469
960807,Female,24,15-49,70,70,70,70
960901,Male,38,15-49,11.927171487253899,11.927171487253899,11.927171487253899,15.776547806307935
960902,Female,40,15-49,68.93926087602387,68.93926087602387,68.93926087602387,68.93926087602387
961001,Male,40,15-49,47.15,24,47.15,47.15
961002,Male,16,15-49,45.355,26.835,45.355,45.355
961101,Male,26,15-49,415.775,337.065,415.775,415.775
961201,Female,37,15-49,56.27198968387334,56.27198968387334,56.27198968387334,56.27198968387334
961202,Female,23,15-49,0,0,0,0
961203,Male,21,15-49,320.26,315.63,320.26,320.26
961301,Male,40,15-49,40.96392780509248,13.183927805092484,40.96392780509248,40.96392780509248
961302,Female,45,15-49,18.52,9.26,18.52,18.52
961402,Female,55,50-70,60,60,60,60
961405,Male,17,15-49,121.83828675100008,107.94828675100008,121.83828675100008,121.83828675100008
961502,Female,30,15-49,157.16,124.75,159.95729166666666,157.64489993422114
961601,Female,68,50-70,15.3196377252049,15.3196377252049,15.3196377252049,15.3196377252049
970202,Female,23,15-49,0,0,0,0
970203,Female,26,15-49,7,7,7,7
970302,Female,51,50-70,2,2,5.35675,2
970303,Female,33,15-49,16.205,16.205,16.205,16.205
970304,Male,28,15-49,8.637753554065721,8.637753554065721,10.31612855406572,9.034019831887045
970701,Male,60,50-70,57.78,57.78,57.78,60.6778227123292
970802,Female,55,50-70,30.095,25.465,30.095,30.095
971001,Male,59,50-70,17,17,19.23783333333333,17
971101,Male,63,50-70,120,120,120,122.52787649314574
971102,Female,52,50-70,140,140,140,140
971103,Female,18,15-49,5.384402871671904,5.384402871671904,5.384402871671904,5.384402871671904
971104,Female,15,15-49,211.245,185.78,211.245,211.245
971201,Female,52,50-70,14.629999999999999,10,14.629999999999999,15.713931407160995
971302,Female,63,50-70,94.66666667,94.66666667,94.66666667,94.66666667
971303,Male,20,15-49,131.89,118,134.68729166666668,135.29136524687695
971304,Male,18,15-49,9.26,0,9.26,9.26
971402,Female,27,15-49,129.89,116,129.89,129.89
971501,Male,23,15-49,4.63,4.63,4.63,4.63
971601,Male,35,15-49,20.835,13.89,20.835,20.835
980101,Male,65,50-70,4.63,0,4.63,4.63
980103,Female,34,15-49,20.835,20.835,22.513375,20.835
980301,Male,32,15-49,0,0,2.2378333333333367,0
980401,Female,58,50-70,16.945,16.945,16.945,17.54707367570014
980402,Female,16,15-49,12.347278278129021,12.347278278129021,12.347278278129021,12.347278278129021
980403,Female,16,15-49,53.865,19.14,53.865,53.865
980404,Male,23,15-49,1.5,1.5,1.5,1.5
980405,Female,15,15-49,59.93,36.78,59.93,59.93
980503,Female,26,15-49,4,4,4,4
980504,Male,22,15-49,225,225,226.678375,225
980601,Male,66,50-70,41,41,41,41
980701,Male,67,50-70,39.93709141944776,39.93709141944776,39.93709141944776,41.937830256081284
980703,Male,21,15-49,13.89,11.575,13.89,13.89
980802,Female,59,50-70,15.722512173831241,11.09251217383124,15.722512173831241,15.722512173831241
980803,Female,28,15-49,51.5,51.5,51.5,51.5
980805,Male,23,15-49,13.89,4.63,13.89,13.89
980901,Male,64,50-70,20.52,20.52,20.52,20.52
981001,Female,34,15-49,224,224,224,224
981003,Female,18,15-49,14,14,14,14
981203,Female,29,15-49,24,24,24,24
981204,Female,24,15-49,20.87585919602378,20.87585919602378,20.87585919602378,20.87585919602378
981301,Male,34,15-49,4.744378001217471,4.744378001217471,4.744378001217471,4.744378001217471
981501,Male,69,50-70,138.70999999999998,87.78,138.70999999999998,138.70999999999998
981502,Female,60,50-70,19.259999999999998,16.945,19.259999999999998,19.259999999999998
981503,Male,21,15-49,9.26,0,9.26,11.801022700708419
981601,Female,61,50-70,31.89,18,31.89,31.89
981602,Male,28,15-49,423.6464760637634,423.6464760637634,423.6464760637634,423.6464760637634
