dose,RR,lb,ub
0,1,1,1
0.077957958,0.995735462,0.994470196,0.997002338
0.155915916,0.991489559,0.988971548,0.994013982
0.233873874,0.987262656,0.983504451,0.991035222
0.311831832,0.983055109,0.97806929,0.988066343
0.38978979,0.978867267,0.972666437,0.985107628
0.467747748,0.974699473,0.967296253,0.982159354
0.545705706,0.970552063,0.961959088,0.979221798
0.623663664,0.966425365,0.95665528,0.976295229
0.701621622,0.9623197,0.951385159,0.973379915
0.77957958,0.958235384,0.946149042,0.970476121
0.857537538,0.954172726,0.940947235,0.967584107
0.935495495,0.950132026,0.935780038,0.96470413
1.013453453,0.946113581,0.930647735,0.961836444
1.091411411,0.942117679,0.925550605,0.958981299
1.169369369,0.938144604,0.920488915,0.956138942
1.247327327,0.934194631,0.915462924,0.953309617
1.325285285,0.930268032,0.910472879,0.950493563
1.403243243,0.926365071,0.905519022,0.94769102
1.481201201,0.922486007,0.900601582,0.944902219
1.559159159,0.918631092,0.895720782,0.942127392
1.637117117,0.914800575,0.890876834,0.939366767
1.715075075,0.910994696,0.886069946,0.936620569
1.793033033,0.907213692,0.881300312,0.933889018
1.870990991,0.903457794,0.876568123,0.931172334
1.948948949,0.899727227,0.871873559,0.928470733
2.026906907,0.896022211,0.867216794,0.925784427
2.104864865,0.892342963,0.862597995,0.923113627
2.182822823,0.888689691,0.858017319,0.920458538
2.260780781,0.885062602,0.853474918,0.917819367
2.338738739,0.881461896,0.848970939,0.915196315
2.416696697,0.877887769,0.844505517,0.91258958
2.494654655,0.874340413,0.840078786,0.90999936
2.572612613,0.870820014,0.83569087,0.907425848
2.650570571,0.867326754,0.831341888,0.904869235
2.728528529,0.863860813,0.827031954,0.902329711
2.806486486,0.860422363,0.822761174,0.899807461
2.884444444,0.857011576,0.818529649,0.897302671
2.962402402,0.853628616,0.814337477,0.894815522
3.04036036,0.850273647,0.810184747,0.892346193
3.118318318,0.846946826,0.806071546,0.889894861
3.196276276,0.843648309,0.801997953,0.887461702
3.274234234,0.840378246,0.797964045,0.885046889
3.352192192,0.837136785,0.793969892,0.882650593
3.43015015,0.83392407,0.790015562,0.880272982
3.508108108,0.830740243,0.786101117,0.877914224
3.586066066,0.827585442,0.782226614,0.875574482
3.664024024,0.8244598,0.77839211,0.873253922
3.741981982,0.821363451,0.774597653,0.870952702
3.81993994,0.818296523,0.770843291,0.868670985
3.897897898,0.815259143,0.767129067,0.866408926
3.975855856,0.812251435,0.763455022,0.864166682
4.053813814,0.809273518,0.759821192,0.861944407
4.131771772,0.806325513,0.756227612,0.859742256
4.20972973,0.803407535,0.752674312,0.857560378
4.287687688,0.800519699,0.749161321,0.855398924
4.365645646,0.797662116,0.745688666,0.853258043
4.443603604,0.794834897,0.742256369,0.851137881
4.521561562,0.792038149,0.738864453,0.849038585
4.59951952,0.789271979,0.735512936,0.8469603
4.677477477,0.786536491,0.732201836,0.844903169
4.755435435,0.783831787,0.728931169,0.842867334
4.833393393,0.78115797,0.72570095,0.840852936
4.911351351,0.778515138,0.722511189,0.838860117
4.989309309,0.775903391,0.7193619,0.836889014
5.067267267,0.773322825,0.716253093,0.834939768
5.145225225,0.770773536,0.713184776,0.833012515
5.223183183,0.76825562,0.710156959,0.831107392
5.301141141,0.76576917,0.707169648,0.829224535
5.379099099,0.763314281,0.704222852,0.827364079
5.457057057,0.760891043,0.701316576,0.82552616
5.535015015,0.75849955,0.698450828,0.823710911
5.612972973,0.756139893,0.695625613,0.821918467
5.690930931,0.753812162,0.692840939,0.82014896
5.768888889,0.751516447,0.690096811,0.818402522
5.846846847,0.74925284,0.687393237,0.816679288
5.924804805,0.747021431,0.684730223,0.814979388
6.002762763,0.744822309,0.682107778,0.813302955
6.080720721,0.742655565,0.679525911,0.81165012
6.158678679,0.740521284,0.676984625,0.810021013
6.236636637,0.738419352,0.67448369,0.808415604
6.314594595,0.736349374,0.672022546,0.806833646
6.392552553,0.734310938,0.669600616,0.805274877
6.470510511,0.732303639,0.667217335,0.803739038
6.548468468,0.730327077,0.664872147,0.802225873
6.626426426,0.728380858,0.662564505,0.800735129
6.704384384,0.726464595,0.660293869,0.799266557
6.782342342,0.724577904,0.658059711,0.797819909
6.8603003,0.722720408,0.65586151,0.796394941
6.938258258,0.720891735,0.653698753,0.794991411
7.016216216,0.719091519,0.651570937,0.79360908
7.094174174,0.717319396,0.649477565,0.792247713
7.172132132,0.71557501,0.64741815,0.790907074
7.25009009,0.713858009,0.645392212,0.789586933
7.328048048,0.712168046,0.643399277,0.788287061
7.406006006,0.710504778,0.641438881,0.787007233
7.483963964,0.708867866,0.639510566,0.785747223
7.561921922,0.707256977,0.63761388,0.78450681
7.63987988,0.705671782,0.635748381,0.783285776
7.717837838,0.704111955,0.63391363,0.782083903
7.795795796,0.702577177,0.632109198,0.780900976
7.873753754,0.701067129,0.63033466,0.779736783
7.951711712,0.699581501,0.628589599,0.778591114
8.02966967,0.698119981,0.626873604,0.777463759
8.107627628,0.696682267,0.62518627,0.776354513
8.185585586,0.695268057,0.623527196,0.775263171
8.263543544,0.693877054,0.621895991,0.774189532
8.341501502,0.692508964,0.620292266,0.773133394
8.419459459,0.691163496,0.618715639,0.772094559
8.497417417,0.689840365,0.617165734,0.771072831
8.575375375,0.688539288,0.615642179,0.770068015
8.653333333,0.687259984,0.614144608,0.769079918
8.731291291,0.686002176,0.612672661,0.768108348
8.809249249,0.684765592,0.611225981,0.767153117
8.887207207,0.683549962,0.609804217,0.766214037
8.965165165,0.682355018,0.608407023,0.76529092
9.043123123,0.681180496,0.607034058,0.764383584
9.121081081,0.680026136,0.605684984,0.763491844
9.199039039,0.678891678,0.604359469,0.76261552
9.276996997,0.677776868,0.603057185,0.761754432
9.354954955,0.676681453,0.601777808,0.760908401
9.432912913,0.675605184,0.600521018,0.76007725
9.510870871,0.674547812,0.5992865,0.759260805
9.588828829,0.673509093,0.598073941,0.758458891
9.666786787,0.672488785,0.596883035,0.757671335
9.744744745,0.671486649,0.595713478,0.756897967
9.822702703,0.670502448,0.594564969,0.756138616
9.900660661,0.669535946,0.593437211,0.755393114
9.978618619,0.668586911,0.592329913,0.754661292
10.05657658,0.667655113,0.591242784,0.753942986
10.13453453,0.666740324,0.590175539,0.75323803
10.21249249,0.665842319,0.589127894,0.752546261
10.29045045,0.664960873,0.58809957,0.751867515
10.36840841,0.664095765,0.587090292,0.751201631
10.44636637,0.663246775,0.586099785,0.75054845
10.52432432,0.662413687,0.58512778,0.749907811
10.60228228,0.661596284,0.584174009,0.749279557
10.68024024,0.660794353,0.583238209,0.74866353
10.7581982,0.660007681,0.582320117,0.748059575
10.83615616,0.65923606,0.581419475,0.747467536
10.91411411,0.65847928,0.580536028,0.746887259
10.99207207,0.657737135,0.57966952,0.74631859
11.07003003,0.657009421,0.578819703,0.745761379
11.14798799,0.656295934,0.577986327,0.745215472
11.22594595,0.655596473,0.577169146,0.74468072
11.3039039,0.654910837,0.576367917,0.744156972
11.38186186,0.654238828,0.575582399,0.743644081
11.45981982,0.65358025,0.574812352,0.743141899
11.53777778,0.652934906,0.574057541,0.742650277
11.61573574,0.652302603,0.57331773,0.74216907
11.69369369,0.651683149,0.572592687,0.741698131
11.77165165,0.651076351,0.571882182,0.741237317
11.84960961,0.65048202,0.571185986,0.740786483
11.92756757,0.649899967,0.570503873,0.740345485
12.00552553,0.649330004,0.569835618,0.739914181
12.08348348,0.648771947,0.569180998,0.739492429
12.16144144,0.648225608,0.568539793,0.739080087
12.2393994,0.647690806,0.567911783,0.738677014
12.31735736,0.647167356,0.56729675,0.73828307
12.39531532,0.646655077,0.56669448,0.737898116
12.47327327,0.64615379,0.566104758,0.737522012
12.55123123,0.645663313,0.56552737,0.737154621
12.62918919,0.64518347,0.564962107,0.736795803
12.70714715,0.644714081,0.564408759,0.736445423
12.78510511,0.644254972,0.563867116,0.736103342
12.86306306,0.643805966,0.563336974,0.735769426
12.94102102,0.643366888,0.562818125,0.735443537
13.01897898,0.642937565,0.562310367,0.73512554
13.09693694,0.642517824,0.561813496,0.734815302
13.17489489,0.642107492,0.561327312,0.734512686
13.25285285,0.641706399,0.560851613,0.73421756
13.33081081,0.641314374,0.560386201,0.733929789
13.40876877,0.640931247,0.559930878,0.733649241
13.48672673,0.640556849,0.559485447,0.733375782
13.56468468,0.640191012,0.559049712,0.73310928
13.64264264,0.639833569,0.558623479,0.732849604
13.7206006,0.639484351,0.558206554,0.732596621
13.79855856,0.639143194,0.557798745,0.732350201
13.87651652,0.638809932,0.55739986,0.732110212
13.95447447,0.638484399,0.557009708,0.731876523
14.03243243,0.638166432,0.556628099,0.731649005
14.11039039,0.637855865,0.556254844,0.731427526
14.18834835,0.637552537,0.555889756,0.731211958
14.26630631,0.637256284,0.555532648,0.731002171
14.34426426,0.636966944,0.555183331,0.730798036
14.42222222,0.636684356,0.554841622,0.730599423
14.50018018,0.636408358,0.554507335,0.730406204
14.57813814,0.636138789,0.554180286,0.730218251
14.6560961,0.63587549,0.553860292,0.730035435
14.73405405,0.6356183,0.553547169,0.729857628
14.81201201,0.63536706,0.553240735,0.729684702
14.88996997,0.635121611,0.552940809,0.729516531
14.96792793,0.634881794,0.552647211,0.729352985
15.04588589,0.634647452,0.552359759,0.729193939
15.12384384,0.634418426,0.552078274,0.729039265
15.2018018,0.634194558,0.551802577,0.728888835
15.27975976,0.633975692,0.551532489,0.728742525
15.35771772,0.633761671,0.551267832,0.728600205
15.43567568,0.633552338,0.551008429,0.728461752
15.51363363,0.633347538,0.550754102,0.728327037
15.59159159,0.633147113,0.550504675,0.728195935
15.66954955,0.632950909,0.550259972,0.72806832
15.74750751,0.63275877,0.550019816,0.727944066
15.82546547,0.632570541,0.549784033,0.727823047
15.90342342,0.632386068,0.549552447,0.727705137
15.98138138,0.632205195,0.549324885,0.727590211
16.05933934,0.632027768,0.549101171,0.727478143
16.1372973,0.631853634,0.548881133,0.727368808
16.21525526,0.631682638,0.548664596,0.72726208
16.29321321,0.631514627,0.548451388,0.727157835
16.37117117,0.631349447,0.548241336,0.727055947
16.44912913,0.631186944,0.548034268,0.726956291
16.52708709,0.631026967,0.547830012,0.726858741
16.60504505,0.630869361,0.547628395,0.726763174
16.683003,0.630713974,0.547429248,0.726669463
16.76096096,0.630560654,0.547232397,0.726577485
16.83891892,0.630409248,0.547037673,0.726487114
16.91687688,0.630259604,0.546844906,0.726398226
16.99483483,0.63011157,0.546653924,0.726310695
17.07279279,0.629964994,0.546464557,0.726224398
17.15075075,0.629819724,0.546276637,0.726139209
17.22870871,0.629675609,0.546089994,0.726055004
17.30666667,0.629532497,0.545904457,0.725971659
17.38462462,0.629390236,0.545719859,0.725889048
17.46258258,0.629248676,0.545536031,0.725807048
17.54054054,0.629107666,0.545352805,0.725725534
17.6184985,0.628967054,0.545170011,0.725644381
17.69645646,0.62882669,0.544987482,0.725563466
17.77441441,0.628686428,0.544805056,0.725482667
17.85237237,0.628546199,0.544622655,0.725401928
17.93033033,0.628406002,0.54444028,0.725321248
18.00828829,0.628265835,0.544257928,0.725240625
18.08624625,0.6281257,0.544075601,0.725160061
18.1642042,0.627985597,0.543893298,0.725079554
18.24216216,0.627845524,0.543711019,0.724999105
18.32012012,0.627705483,0.543528766,0.724918713
18.39807808,0.627565473,0.543346537,0.724838379
18.47603604,0.627425494,0.543164333,0.724758102
18.55399399,0.627285547,0.542982154,0.724677882
18.63195195,0.62714563,0.542799999,0.724597719
18.70990991,0.627005745,0.542617871,0.724517613
18.78786787,0.626865891,0.542435767,0.724437564
18.86582583,0.626726068,0.542253689,0.724357571
18.94378378,0.626586277,0.542071636,0.724277635
19.02174174,0.626446516,0.541889608,0.724197755
19.0996997,0.626306787,0.541707607,0.724117932
19.17765766,0.626167089,0.541525631,0.724038164
19.25561562,0.626027422,0.541343681,0.723958453
19.33357357,0.625887787,0.541161757,0.723878797
19.41153153,0.625748182,0.540979859,0.723799197
19.48948949,0.625608609,0.540797987,0.723719653
19.56744745,0.625469066,0.540616141,0.723640164
19.64540541,0.625329555,0.540434321,0.723560731
19.72336336,0.625190075,0.540252529,0.723481352
19.80132132,0.625050626,0.540070762,0.723402029
19.87927928,0.624911208,0.539889022,0.723322761
19.95723724,0.624771821,0.539707309,0.723243548
20.0351952,0.624632466,0.539525623,0.723164389
20.11315315,0.624493141,0.539343963,0.723085285
20.19111111,0.624353848,0.539162331,0.723006236
20.26906907,0.624214585,0.538980725,0.72292724
20.34702703,0.624075354,0.538799147,0.7228483
20.42498498,0.623936154,0.538617596,0.722769413
20.50294294,0.623796984,0.538436073,0.72269058
20.5809009,0.623657846,0.538254577,0.722611801
20.65885886,0.623518739,0.538073108,0.722533076
20.73681682,0.623379663,0.537891667,0.722454404
20.81477477,0.623240618,0.537710254,0.722375786
20.89273273,0.623101604,0.537528868,0.722297222
20.97069069,0.62296262,0.537347511,0.72221871
21.04864865,0.622823668,0.537166182,0.722140252
21.12660661,0.622684747,0.53698488,0.722061847
21.20456456,0.622545857,0.536803607,0.721983495
21.28252252,0.622406998,0.536622362,0.721905195
21.36048048,0.62226817,0.536441145,0.721826949
21.43843844,0.622129372,0.536259957,0.721748754
21.5163964,0.621990606,0.536078798,0.721670613
21.59435435,0.621851871,0.535897667,0.721592523
21.67231231,0.621713167,0.535716564,0.721514486
21.75027027,0.621574493,0.535535491,0.721436501
21.82822823,0.621435851,0.535354446,0.721358568
21.90618619,0.621297239,0.53517343,0.721280686
21.98414414,0.621158658,0.534992444,0.721202857
22.0621021,0.621020109,0.534811486,0.721125079
22.14006006,0.62088159,0.534630558,0.721047352
22.21801802,0.620743102,0.534449659,0.720969677
22.29597598,0.620604645,0.53426879,0.720892054
22.37393393,0.620466219,0.53408795,0.720814481
22.45189189,0.620327823,0.533907139,0.72073696
22.52984985,0.620189459,0.533726359,0.720659489
22.60780781,0.620051125,0.533545607,0.72058207
22.68576577,0.619912823,0.533364886,0.720504701
22.76372372,0.619774551,0.533184195,0.720427382
22.84168168,0.61963631,0.533003534,0.720350114
22.91963964,0.6194981,0.532822902,0.720272897
22.9975976,0.61935992,0.532642301,0.72019573
23.07555556,0.619221772,0.53246173,0.720118613
23.15351351,0.619083654,0.53228119,0.720041546
23.23147147,0.618945567,0.53210068,0.719964529
23.30942943,0.618807511,0.5319202,0.719887562
23.38738739,0.618669486,0.531739751,0.719810644
23.46534535,0.618531491,0.531559332,0.719733776
23.5433033,0.618393527,0.531378944,0.719656958
23.62126126,0.618255594,0.531198588,0.719580189
23.69921922,0.618117692,0.531018261,0.719503469
23.77717718,0.617979821,0.530837966,0.719426799
23.85513514,0.61784198,0.530657702,0.719350177
23.93309309,0.61770417,0.530477469,0.719273605
24.01105105,0.617566391,0.530297268,0.719197081
24.08900901,0.617428642,0.530117097,0.719120606
24.16696697,0.617290925,0.529936958,0.71904418
24.24492492,0.617153238,0.529756851,0.718967802
24.32288288,0.617015581,0.529576774,0.718891473
24.40084084,0.616877956,0.52939673,0.718815192
24.4787988,0.616740361,0.529216717,0.718738959
24.55675676,0.616602796,0.529036736,0.718662775
24.63471471,0.616465263,0.528856787,0.718586638
24.71267267,0.61632776,0.528676869,0.718510549
24.79063063,0.616190288,0.528496984,0.718434508
24.86858859,0.616052846,0.52831713,0.718358515
24.94654655,0.615915435,0.528137309,0.71828257
25.0245045,0.615778055,0.52795752,0.718206671
25.10246246,0.615640705,0.527777763,0.718130821
25.18042042,0.615503387,0.527598039,0.718055017
25.25837838,0.615366098,0.527418347,0.717979261
25.33633634,0.61522884,0.527238687,0.717903551
25.41429429,0.615091613,0.527059061,0.717827889
25.49225225,0.614954417,0.526879466,0.717752274
25.57021021,0.614817251,0.526699905,0.717676705
25.64816817,0.614680116,0.526520376,0.717601183
25.72612613,0.614543011,0.52634088,0.717525707
25.80408408,0.614405937,0.526161417,0.717450278
25.88204204,0.614268893,0.525981987,0.717374896
25.96,0.61413188,0.525802591,0.717299559
26.03795796,0.613994898,0.525623227,0.717224269
26.11591592,0.613857946,0.525443897,0.717149025
26.19387387,0.613721025,0.525264599,0.717073827
26.27183183,0.613584134,0.525085336,0.716998674
26.34978979,0.613447274,0.524906105,0.716923567
26.42774775,0.613310444,0.524726909,0.716848507
26.50570571,0.613173645,0.524547745,0.716773491
26.58366366,0.613036876,0.524368616,0.716698521
26.66162162,0.612900138,0.52418952,0.716623597
26.73957958,0.61276343,0.524010458,0.716548717
26.81753754,0.612626753,0.52383143,0.716473883
26.8954955,0.612490106,0.523652436,0.716399094
26.97345345,0.61235349,0.523473475,0.71632435
27.05141141,0.612216904,0.523294549,0.716249651
27.12936937,0.612080349,0.523115657,0.716174996
27.20732733,0.611943824,0.522936799,0.716100386
27.28528529,0.61180733,0.522757976,0.716025821
27.36324324,0.611670866,0.522579187,0.715951301
27.4412012,0.611534433,0.522400432,0.715876824
27.51915916,0.61139803,0.522221712,0.715802392
27.59711712,0.611261657,0.522043026,0.715728005
27.67507508,0.611125315,0.521864375,0.715653661
27.75303303,0.610989003,0.521685758,0.715579361
27.83099099,0.610852721,0.521507177,0.715505105
27.90894895,0.61071647,0.52132863,0.715430894
27.98690691,0.61058025,0.521150118,0.715356725
28.06486486,0.61044406,0.52097164,0.715282601
28.14282282,0.6103079,0.520793198,0.71520852
28.22078078,0.61017177,0.520614791,0.715134482
28.29873874,0.610035671,0.520436419,0.715060488
28.3766967,0.609899602,0.520258083,0.714986537
28.45465465,0.609763564,0.520079781,0.71491263
28.53261261,0.609627556,0.519901515,0.714838765
28.61057057,0.609491578,0.519723284,0.714764943
28.68852853,0.609355631,0.519545089,0.714691165
28.76648649,0.609219714,0.519366929,0.714617429
28.84444444,0.609083827,0.519188805,0.714543736
28.9224024,0.608947971,0.519010717,0.714470085
29.00036036,0.608812144,0.518832664,0.714396477
29.07831832,0.608676349,0.518654647,0.714322912
29.15627628,0.608540583,0.518476666,0.714249388
29.23423423,0.608404848,0.51829872,0.714175907
29.31219219,0.608269143,0.518120811,0.714102469
29.39015015,0.608133468,0.517942937,0.714029072
29.46810811,0.607997824,0.5177651,0.713955717
29.54606607,0.607862209,0.517587299,0.713882405
29.62402402,0.607726625,0.517409534,0.713809134
29.70198198,0.607591072,0.517231805,0.713735904
29.77993994,0.607455548,0.517054113,0.713662717
29.8578979,0.607320055,0.516876457,0.713589571
29.93585586,0.607184592,0.516698837,0.713516466
30.01381381,0.607049159,0.516521254,0.713443403
30.09177177,0.606913756,0.516343708,0.713370382
30.16972973,0.606778384,0.516166198,0.713297401
30.24768769,0.606643042,0.515988725,0.713224461
30.32564565,0.60650773,0.515811288,0.713151563
30.4036036,0.606372448,0.515633888,0.713078706
30.48156156,0.606237196,0.515456525,0.713005889
30.55951952,0.606101975,0.5152792,0.712933113
30.63747748,0.605966783,0.515101911,0.712860378
30.71543544,0.605831622,0.514924659,0.712787683
30.79339339,0.605696491,0.514747444,0.712715029
30.87135135,0.60556139,0.514570266,0.712642416
30.94930931,0.60542632,0.514393125,0.712569843
31.02726727,0.605291279,0.514216022,0.71249731
31.10522523,0.605156268,0.514038956,0.712424817
31.18318318,0.605021288,0.513861927,0.712352364
31.26114114,0.604886338,0.513684936,0.712279952
31.3390991,0.604751418,0.513507982,0.712207579
31.41705706,0.604616527,0.513331066,0.712135246
31.49501502,0.604481667,0.513154188,0.712062953
31.57297297,0.604346837,0.512977347,0.7119907
31.65093093,0.604212038,0.512800543,0.711918486
31.72888889,0.604077268,0.512623778,0.711846312
31.80684685,0.603942528,0.51244705,0.711774177
31.8848048,0.603807818,0.51227036,0.711702082
31.96276276,0.603673139,0.512093708,0.711630025
32.04072072,0.603538489,0.511917094,0.711558008
32.11867868,0.60340387,0.511740518,0.711486031
32.19663664,0.60326928,0.51156398,0.711414092
32.27459459,0.603134721,0.51138748,0.711342192
32.35255255,0.603000191,0.511211019,0.711270331
32.43051051,0.602865692,0.511034595,0.711198509
32.50846847,0.602731222,0.51085821,0.711126725
32.58642643,0.602596783,0.510681863,0.71105498
32.66438438,0.602462373,0.510505555,0.710983274
32.74234234,0.602327994,0.510329285,0.710911606
32.8203003,0.602193644,0.510153054,0.710839977
32.89825826,0.602059324,0.509976861,0.710768386
32.97621622,0.601925035,0.509800707,0.710696833
33.05417417,0.601790775,0.509624591,0.710625318
33.13213213,0.601656545,0.509448514,0.710553842
33.21009009,0.601522346,0.509272476,0.710482403
33.28804805,0.601388176,0.509096476,0.710411002
33.36600601,0.601254036,0.508920516,0.710339639
33.44396396,0.601119926,0.508744594,0.710268314
33.52192192,0.600985846,0.508568711,0.710197027
33.59987988,0.600851796,0.508392868,0.710125777
33.67783784,0.600717775,0.508217063,0.710054565
33.7557958,0.600583785,0.508041298,0.70998339
33.83375375,0.600449824,0.507865571,0.709912253
33.91171171,0.600315894,0.507689884,0.709841152
33.98966967,0.600181993,0.507514236,0.70977009
34.06762763,0.600048122,0.507338627,0.709699064
34.14558559,0.599914281,0.507163058,0.709628075
34.22354354,0.59978047,0.506987528,0.709557123
34.3015015,0.599646689,0.506812038,0.709486209
34.37945946,0.599512937,0.506636587,0.709415331
34.45741742,0.599379215,0.506461175,0.70934449
34.53537538,0.599245524,0.506285803,0.709273685
34.61333333,0.599111862,0.506110471,0.709202918
34.69129129,0.598978229,0.505935178,0.709132186
34.76924925,0.598844627,0.505759926,0.709061492
34.84720721,0.598711054,0.505584713,0.708990833
34.92516517,0.598577512,0.505409539,0.708920211
35.00312312,0.598443999,0.505234406,0.708849626
35.08108108,0.598310515,0.505059312,0.708779076
35.15903904,0.598177062,0.504884259,0.708708563
35.236997,0.598043638,0.504709245,0.708638085
35.31495495,0.597910244,0.504534272,0.708567644
35.39291291,0.59777688,0.504359338,0.708497238
35.47087087,0.597643546,0.504184445,0.708426869
35.54882883,0.597510241,0.504009592,0.708356535
35.62678679,0.597376966,0.503834779,0.708286236
35.70474474,0.597243721,0.503660007,0.708215974
35.7827027,0.597110505,0.503485274,0.708145747
35.86066066,0.59697732,0.503310583,0.708075555
35.93861862,0.596844163,0.503135931,0.708005399
36.01657658,0.596711037,0.50296132,0.707935278
36.09453453,0.59657794,0.502786749,0.707865192
36.17249249,0.596444873,0.502612219,0.707795141
36.25045045,0.596311836,0.50243773,0.707725126
36.32840841,0.596178828,0.502263281,0.707655146
36.40636637,0.59604585,0.502088873,0.7075852
36.48432432,0.595912902,0.501914506,0.70751529
36.56228228,0.595779983,0.501740179,0.707445414
36.64024024,0.595647094,0.501565893,0.707375573
36.7181982,0.595514235,0.501391648,0.707305767
36.79615616,0.595381405,0.501217444,0.707235995
36.87411411,0.595248605,0.501043281,0.707166258
36.95207207,0.595115835,0.500869158,0.707096556
37.03003003,0.594983094,0.500695077,0.707026887
37.10798799,0.594850383,0.500521037,0.706957254
37.18594595,0.594717701,0.500347038,0.706887654
37.2639039,0.594585049,0.50017308,0.706818089
37.34186186,0.594452426,0.499999163,0.706748558
37.41981982,0.594319833,0.499825287,0.70667906
37.49777778,0.59418727,0.499651453,0.706609597
37.57573574,0.594054736,0.49947766,0.706540168
37.65369369,0.593922232,0.499303908,0.706470773
37.73165165,0.593789757,0.499130198,0.706401411
37.80960961,0.593657312,0.498956529,0.706332084
37.88756757,0.593524897,0.498782901,0.706262789
37.96552553,0.593392511,0.498609315,0.706193529
38.04348348,0.593260154,0.498435771,0.706124302
38.12144144,0.593127827,0.498262268,0.706055109
38.1993994,0.59299553,0.498088806,0.705985949
38.27735736,0.592863262,0.497915387,0.705916822
38.35531532,0.592731024,0.497742009,0.705847728
38.43327327,0.592598815,0.497568673,0.705778668
38.51123123,0.592466635,0.497395378,0.705709641
38.58918919,0.592334485,0.497222125,0.705640647
38.66714715,0.592202365,0.497048915,0.705571686
38.74510511,0.592070274,0.496875746,0.705502758
38.82306306,0.591938212,0.496702619,0.705433863
38.90102102,0.59180618,0.496529533,0.705365001
38.97897898,0.591674177,0.49635649,0.705296171
39.05693694,0.591542204,0.496183489,0.705227374
39.13489489,0.59141026,0.49601053,0.70515861
39.21285285,0.591278346,0.495837613,0.705089878
39.29081081,0.591146461,0.495664739,0.705021179
39.36876877,0.591014606,0.495491906,0.704952512
39.44672673,0.590882779,0.495319116,0.704883878
39.52468468,0.590750983,0.495146368,0.704815276
39.60264264,0.590619215,0.494973662,0.704746706
39.6806006,0.590487478,0.494800998,0.704678168
39.75855856,0.590355769,0.494628377,0.704609663
39.83651652,0.59022409,0.494455798,0.704541189
39.91447447,0.59009244,0.494283262,0.704472748
39.99243243,0.58996082,0.494110768,0.704404339
40.07039039,0.589829229,0.493938317,0.704335961
40.14834835,0.589697667,0.493765908,0.704267615
40.22630631,0.589566135,0.493593542,0.704199301
40.30426426,0.589434632,0.493421218,0.704131019
40.38222222,0.589303158,0.493248937,0.704062768
40.46018018,0.589171714,0.493076699,0.703994549
40.53813814,0.589040298,0.492904503,0.703926361
40.6160961,0.588908913,0.49273235,0.703858205
40.69405405,0.588777556,0.49256024,0.70379008
40.77201201,0.588646229,0.492388173,0.703721987
40.84996997,0.588514931,0.492216148,0.703653924
40.92792793,0.588383663,0.492044167,0.703585893
41.00588589,0.588252424,0.491872228,0.703517894
41.08384384,0.588121214,0.491700332,0.703449925
41.1618018,0.587990033,0.49152848,0.703381987
41.23975976,0.587858881,0.49135667,0.70331408
41.31771772,0.587727759,0.491184903,0.703246204
41.39567568,0.587596666,0.49101318,0.703178359
41.47363363,0.587465602,0.490841499,0.703110545
41.55159159,0.587334568,0.490669862,0.703042762
41.62954955,0.587203563,0.490498268,0.702975009
41.70750751,0.587072587,0.490326717,0.702907287
41.78546547,0.58694164,0.490155209,0.702839595
41.86342342,0.586810722,0.489983745,0.702771934
41.94138138,0.586679834,0.489812324,0.702704303
42.01933934,0.586548975,0.489640946,0.702636703
42.0972973,0.586418145,0.489469611,0.702569133
42.17525526,0.586287344,0.48929832,0.702501593
42.25321321,0.586156572,0.489127073,0.702434083
42.33117117,0.58602583,0.488955869,0.702366604
42.40912913,0.585895116,0.488784708,0.702299155
42.48708709,0.585764432,0.488613591,0.702231735
42.56504505,0.585633777,0.488442517,0.702164346
42.643003,0.585503151,0.488271487,0.702096987
42.72096096,0.585372554,0.488100501,0.702029657
42.79891892,0.585241987,0.487929558,0.701962357
42.87687688,0.585111448,0.487758659,0.701895087
42.95483483,0.584980939,0.487587804,0.701827847
43.03279279,0.584850458,0.487416992,0.701760637
43.11075075,0.584720007,0.487246224,0.701693456
43.18870871,0.584589585,0.4870755,0.701626304
43.26666667,0.584459192,0.48690482,0.701559182
43.34462462,0.584328828,0.486734184,0.70149209
43.42258258,0.584198493,0.486563591,0.701425026
43.50054054,0.584068188,0.486393043,0.701357992
43.5784985,0.583937911,0.486222538,0.701290988
43.65645646,0.583807663,0.486052077,0.701224012
43.73441441,0.583677445,0.485881661,0.701157066
43.81237237,0.583547255,0.485711288,0.701090149
43.89033033,0.583417095,0.485540959,0.70102326
43.96828829,0.583286963,0.485370675,0.700956401
44.04624625,0.583156861,0.485200434,0.700889571
44.1242042,0.583026787,0.485030238,0.70082277
44.20216216,0.582896743,0.484860086,0.700755997
44.28012012,0.582766728,0.484689978,0.700689253
44.35807808,0.582636741,0.484519914,0.700622538
44.43603604,0.582506784,0.484349895,0.700555852
44.51399399,0.582376855,0.48417992,0.700489194
44.59195195,0.582246956,0.484009989,0.700422564
44.66990991,0.582117085,0.483840102,0.700355964
44.74786787,0.581987244,0.48367026,0.700289391
44.82582583,0.581857431,0.483500462,0.700222847
44.90378378,0.581727648,0.483330709,0.700156332
44.98174174,0.581597893,0.483161,0.700089844
45.0596997,0.581468167,0.482991336,0.700023385
45.13765766,0.581338471,0.482821716,0.699956954
45.21561562,0.581208803,0.48265214,0.699890551
45.29357357,0.581079164,0.482482609,0.699824177
45.37153153,0.580949554,0.482313123,0.69975783
45.44948949,0.580819973,0.482143681,0.699691511
45.52744745,0.580690421,0.481974284,0.69962522
45.60540541,0.580560897,0.481804931,0.699558958
45.68336336,0.580431403,0.481635624,0.699492722
45.76132132,0.580301937,0.48146636,0.699426515
45.83927928,0.580172501,0.481297142,0.699360335
45.91723724,0.580043093,0.481127968,0.699294184
45.9951952,0.579913714,0.48095884,0.699228059
46.07315315,0.579784364,0.480789755,0.699161962
46.15111111,0.579655043,0.480620716,0.699095893
46.22906907,0.579525751,0.480451722,0.699029851
46.30702703,0.579396487,0.480282772,0.698963837
46.38498498,0.579267252,0.480113867,0.69889785
46.46294294,0.579138047,0.479945008,0.69883189
46.5409009,0.57900887,0.479776193,0.698765958
46.61885886,0.578879721,0.479607423,0.698700053
46.69681682,0.578750602,0.479438698,0.698634175
46.77477477,0.578621511,0.479270018,0.698568324
46.85273273,0.57849245,0.479101384,0.6985025
46.93069069,0.578363417,0.478932794,0.698436703
47.00864865,0.578234412,0.478764249,0.698370933
47.08660661,0.578105437,0.47859575,0.69830519
47.16456456,0.57797649,0.478427295,0.698239474
47.24252252,0.577847572,0.478258886,0.698173785
47.32048048,0.577718683,0.478090522,0.698108123
47.39843844,0.577589823,0.477922203,0.698042487
47.4763964,0.577460991,0.477753929,0.697976878
47.55435435,0.577332188,0.477585701,0.697911295
47.63231231,0.577203414,0.477417518,0.697845739
47.71027027,0.577074668,0.47724938,0.69778021
47.78822823,0.576945951,0.477081287,0.697714707
47.86618619,0.576817263,0.47691324,0.697649231
47.94414414,0.576688604,0.476745238,0.697583781
48.0221021,0.576559973,0.476577282,0.697518357
48.10006006,0.576431371,0.476409371,0.69745296
48.17801802,0.576302798,0.476241505,0.697387589
48.25597598,0.576174253,0.476073685,0.697322244
48.33393393,0.576045737,0.47590591,0.697256925
48.41189189,0.57591725,0.475738181,0.697191632
48.48984985,0.575788791,0.475570497,0.697126366
48.56780781,0.575660362,0.475402859,0.697061125
48.64576577,0.57553196,0.475235266,0.69699591
48.72372372,0.575403588,0.475067719,0.696930722
48.80168168,0.575275243,0.474900218,0.696865559
48.87963964,0.575146928,0.474732762,0.696800422
48.9575976,0.575018641,0.474565352,0.696735311
49.03555556,0.574890383,0.474397987,0.696670225
49.11351351,0.574762153,0.474230668,0.696605165
49.19147147,0.574633952,0.474063395,0.696540131
49.26942943,0.57450578,0.473896168,0.696475123
49.34738739,0.574377636,0.473728986,0.69641014
49.42534535,0.574249521,0.47356185,0.696345182
49.5033033,0.574121434,0.473394759,0.69628025
49.58126126,0.573993376,0.473227715,0.696215343
49.65921922,0.573865347,0.473060716,0.696150462
49.73717718,0.573737346,0.472893764,0.696085606
49.81513514,0.573609374,0.472726857,0.696020776
49.89309309,0.57348143,0.472559996,0.69595597
49.97105105,0.573353514,0.47239318,0.69589119
50.04900901,0.573225628,0.472226411,0.695826435
50.12696697,0.573097769,0.472059688,0.695761705
50.20492492,0.57296994,0.47189301,0.695697
50.28288288,0.572842138,0.471726379,0.69563232
50.36084084,0.572714366,0.471559793,0.695567665
50.4387988,0.572586621,0.471393254,0.695503035
50.51675676,0.572458906,0.471226761,0.69543843
50.59471471,0.572331218,0.471060313,0.69537385
50.67267267,0.57220356,0.470893912,0.695309295
50.75063063,0.572075929,0.470727557,0.695244764
50.82858859,0.571948328,0.470561248,0.695180258
50.90654655,0.571820754,0.470394985,0.695115777
50.9845045,0.571693209,0.470228768,0.69505132
51.06246246,0.571565693,0.470062597,0.694986888
51.14042042,0.571438205,0.469896472,0.69492248
51.21837838,0.571310745,0.469730394,0.694858097
51.29633634,0.571183314,0.469564362,0.694793738
51.37429429,0.571055911,0.469398376,0.694729404
51.45225225,0.570928537,0.469232436,0.694665094
51.53021021,0.570801191,0.469066543,0.694600809
51.60816817,0.570673874,0.468900696,0.694536548
51.68612613,0.570546585,0.468734895,0.694472311
51.76408408,0.570419324,0.46856914,0.694408098
51.84204204,0.570292092,0.468403432,0.694343909
51.92,0.570164888,0.46823777,0.694279745
51.99795796,0.570037712,0.468072154,0.694215604
52.07591592,0.569910565,0.467906585,0.694151488
52.15387387,0.569783446,0.467741062,0.694087395
52.23183183,0.569656356,0.467575586,0.694023327
52.30978979,0.569529294,0.467410156,0.693959282
52.38774775,0.56940226,0.467244772,0.693895261
52.46570571,0.569275254,0.467079435,0.693831264
52.54366366,0.569148277,0.466914145,0.693767291
52.62162162,0.569021328,0.466748901,0.693703342
52.69957958,0.568894408,0.466583703,0.693639416
52.77753754,0.568767516,0.466418552,0.693575514
52.8554955,0.568640652,0.466253447,0.693511636
52.93345345,0.568513816,0.466088389,0.693447781
53.01141141,0.568387009,0.465923378,0.69338395
53.08936937,0.56826023,0.465758413,0.693320142
53.16732733,0.568133479,0.465593495,0.693256358
53.24528529,0.568006757,0.465428623,0.693192597
53.32324324,0.567880063,0.465263798,0.693128859
53.4012012,0.567753397,0.465099019,0.693065145
53.47915916,0.567626759,0.464934288,0.693001454
53.55711712,0.56750015,0.464769603,0.692937787
53.63507508,0.567373568,0.464604964,0.692874142
53.71303303,0.567247015,0.464440373,0.692810521
53.79099099,0.567120491,0.464275828,0.692746923
53.86894895,0.566993994,0.464111329,0.692683348
53.94690691,0.566867526,0.463946878,0.692619796
54.02486486,0.566741086,0.463782473,0.692556267
54.10282282,0.566614674,0.463618115,0.692492761
54.18078078,0.56648829,0.463453804,0.692429278
54.25873874,0.566361935,0.46328954,0.692365818
54.3366967,0.566235608,0.463125322,0.692302381
54.41465465,0.566109308,0.462961151,0.692238967
54.49261261,0.565983037,0.462797027,0.692175575
54.57057057,0.565856795,0.46263295,0.692112206
54.64852853,0.56573058,0.46246892,0.69204886
54.72648649,0.565604394,0.462304937,0.691985537
54.80444444,0.565478235,0.462141,0.691922236
54.8824024,0.565352105,0.461977111,0.691858958
54.96036036,0.565226003,0.461813268,0.691795702
55.03831832,0.565099929,0.461649473,0.691732469
55.11627628,0.564973883,0.461485724,0.691669259
55.19423423,0.564847865,0.461322022,0.691606071
55.27219219,0.564721876,0.461158368,0.691542905
55.35015015,0.564595914,0.46099476,0.691479761
55.42810811,0.564469981,0.460831199,0.69141664
55.50606607,0.564344076,0.460667685,0.691353542
55.58402402,0.564218198,0.460504219,0.691290465
55.66198198,0.564092349,0.460340799,0.691227411
55.73993994,0.563966528,0.460177426,0.691164379
55.8178979,0.563840735,0.460014101,0.691101369
55.89585586,0.56371497,0.459850822,0.691038381
55.97381381,0.563589233,0.459687591,0.690975415
56.05177177,0.563463524,0.459524406,0.690912472
56.12972973,0.563337844,0.459361269,0.69084955
56.20768769,0.563212191,0.459198179,0.69078665
56.28564565,0.563086566,0.459035136,0.690723772
56.3636036,0.562960969,0.45887214,0.690660916
56.44156156,0.562835401,0.458709192,0.690598082
56.51951952,0.56270986,0.45854629,0.69053527
56.59747748,0.562584347,0.458383436,0.69047248
56.67543544,0.562458863,0.458220629,0.690409711
56.75339339,0.562333406,0.458057869,0.690346964
56.83135135,0.562207977,0.457895156,0.690284239
56.90930931,0.562082576,0.457732491,0.690221535
56.98726727,0.561957204,0.457569873,0.690158853
57.06522523,0.561831859,0.457407302,0.690096193
57.14318318,0.561706542,0.457244778,0.690033554
57.22114114,0.561581253,0.457082302,0.689970936
57.2990991,0.561455992,0.456919873,0.68990834
57.37705706,0.561330759,0.456757491,0.689845766
57.45501502,0.561205554,0.456595156,0.689783212
57.53297297,0.561080377,0.456432869,0.689720681
57.61093093,0.560955227,0.456270629,0.68965817
57.68888889,0.560830106,0.456108436,0.689595681
57.76684685,0.560705013,0.455946291,0.689533213
57.8448048,0.560579947,0.455784193,0.689470766
57.92276276,0.560454909,0.455622143,0.689408341
58.00072072,0.5603299,0.45546014,0.689345936
58.07867868,0.560204918,0.455298184,0.689283553
58.15663664,0.560079964,0.455136276,0.689221191
58.23459459,0.559955038,0.454974415,0.68915885
58.31255255,0.559830139,0.454812601,0.68909653
58.39051051,0.559705269,0.454650835,0.689034231
58.46846847,0.559580427,0.454489116,0.688971952
58.54642643,0.559455612,0.454327445,0.688909695
58.62438438,0.559330825,0.454165821,0.688847459
58.70234234,0.559206066,0.454004245,0.688785243
58.7803003,0.559081335,0.453842716,0.688723048
58.85825826,0.558956631,0.453681235,0.688660874
58.93621622,0.558831956,0.453519801,0.688598721
59.01417417,0.558707308,0.453358415,0.688536589
59.09213213,0.558582688,0.453197076,0.688474477
59.17009009,0.558458096,0.453035784,0.688412385
59.24804805,0.558333532,0.452874541,0.688350315
59.32600601,0.558208995,0.452713344,0.688288265
59.40396396,0.558084486,0.452552196,0.688226235
59.48192192,0.557960005,0.452391095,0.688164226
59.55987988,0.557835552,0.452230041,0.688102238
59.63783784,0.557711127,0.452069035,0.68804027
59.7157958,0.557586729,0.451908076,0.687978322
59.79375375,0.557462359,0.451747166,0.687916395
59.87171171,0.557338017,0.451586302,0.687854488
59.94966967,0.557213702,0.451425487,0.687792601
60.02762763,0.557089415,0.451264719,0.687730735
60.10558559,0.556965156,0.451103998,0.687668889
60.18354354,0.556840925,0.450943325,0.687607063
60.2615015,0.556716721,0.4507827,0.687545257
60.33945946,0.556592545,0.450622123,0.687483472
60.41741742,0.556468397,0.450461593,0.687421707
60.49537538,0.556344277,0.450301111,0.687359961
60.57333333,0.556220184,0.450140676,0.687298236
60.65129129,0.556096118,0.449980289,0.687236531
60.72924925,0.555972081,0.44981995,0.687174845
60.80720721,0.555848071,0.449659659,0.68711318
60.88516517,0.555724089,0.449499415,0.687051535
60.96312312,0.555600134,0.449339219,0.686989909
61.04108108,0.555476208,0.449179071,0.686928304
61.11903904,0.555352308,0.44901897,0.686866718
61.196997,0.555228437,0.448858917,0.686805152
61.27495495,0.555104593,0.448698912,0.686743606
61.35291291,0.554980776,0.448538955,0.68668208
61.43087087,0.554856988,0.448379045,0.686620573
61.50882883,0.554733226,0.448219183,0.686559086
61.58678679,0.554609493,0.448059369,0.686497618
61.66474474,0.554485787,0.447899603,0.686436171
61.7427027,0.554362109,0.447739884,0.686374742
61.82066066,0.554238458,0.447580213,0.686313334
61.89861862,0.554114835,0.44742059,0.686251945
61.97657658,0.553991239,0.447261015,0.686190575
62.05453453,0.553867671,0.447101488,0.686129225
62.13249249,0.553744131,0.446942008,0.686067894
62.21045045,0.553620618,0.446782576,0.686006583
62.28840841,0.553497133,0.446623192,0.685945291
62.36636637,0.553373675,0.446463856,0.685884019
62.44432432,0.553250244,0.446304568,0.685822765
62.52228228,0.553126842,0.446145328,0.685761531
62.60024024,0.553003466,0.445986135,0.685700317
62.6781982,0.552880119,0.44582699,0.685639121
62.75615616,0.552756799,0.445667893,0.685577945
62.83411411,0.552633506,0.445508844,0.685516788
62.91207207,0.552510241,0.445349843,0.68545565
62.99003003,0.552387003,0.44519089,0.685394531
63.06798799,0.552263793,0.445031985,0.685333431
63.14594595,0.55214061,0.444873127,0.68527235
63.2239039,0.552017455,0.444714318,0.685211288
63.30186186,0.551894327,0.444555556,0.685150246
63.37981982,0.551771227,0.444396842,0.685089222
63.45777778,0.551648154,0.444238176,0.685028217
63.53573574,0.551525109,0.444079559,0.684967231
63.61369369,0.551402091,0.443920989,0.684906264
63.69165165,0.5512791,0.443762466,0.684845315
63.76960961,0.551156137,0.443603992,0.684784386
63.84756757,0.551033201,0.443445566,0.684723475
63.92552553,0.550910293,0.443287188,0.684662583
64.00348348,0.550787412,0.443128858,0.68460171
64.08144144,0.550664559,0.442970575,0.684540856
64.1593994,0.550541733,0.442812341,0.68448002
64.23735736,0.550418934,0.442654154,0.684419203
64.31531532,0.550296163,0.442496016,0.684358404
64.39327327,0.550173419,0.442337925,0.684297624
64.47123123,0.550050703,0.442179883,0.684236863
64.54918919,0.549928014,0.442021888,0.68417612
64.62714715,0.549805352,0.441863942,0.684115395
64.70510511,0.549682718,0.441706043,0.684054689
64.78306306,0.549560111,0.441548193,0.683994002
64.86102102,0.549437531,0.44139039,0.683933333
64.93897898,0.549314979,0.441232636,0.683872682
65.01693694,0.549192454,0.441074929,0.68381205
65.09489489,0.549069956,0.440917271,0.683751436
65.17285285,0.548947486,0.44075966,0.68369084
65.25081081,0.548825043,0.440602098,0.683630263
65.32876877,0.548702627,0.440444583,0.683569704
65.40672673,0.548580239,0.440287117,0.683509163
65.48468468,0.548457878,0.440129698,0.68344864
65.56264264,0.548335544,0.439972328,0.683388135
65.6406006,0.548213237,0.439815006,0.683327649
65.71855856,0.548090958,0.439657731,0.68326718
65.79651652,0.547968706,0.439500505,0.68320673
65.87447447,0.547846482,0.439343327,0.683146298
65.95243243,0.547724284,0.439186197,0.683085884
66.03039039,0.547602114,0.439029115,0.683025488
66.10834835,0.547479971,0.438872081,0.682965109
66.18630631,0.547357855,0.438715095,0.682904749
66.26426426,0.547235767,0.438558157,0.682844407
66.34222222,0.547113706,0.438401267,0.682784082
66.42018018,0.546991672,0.438244425,0.682723776
66.49813814,0.546869665,0.438087632,0.682663487
66.5760961,0.546747685,0.437930886,0.682603216
66.65405405,0.546625733,0.437774189,0.682542963
66.73201201,0.546503808,0.437617539,0.682482728
66.80996997,0.54638191,0.437460938,0.68242251
66.88792793,0.546260039,0.437304385,0.68236231
66.96588589,0.546138196,0.43714788,0.682302128
67.04384384,0.546016379,0.436991423,0.682241964
67.1218018,0.54589459,0.436835014,0.682181817
67.19975976,0.545772828,0.436678653,0.682121687
67.27771772,0.545651093,0.436522341,0.682061576
67.35567568,0.545529385,0.436366076,0.682001481
67.43363363,0.545407705,0.43620986,0.681941405
67.51159159,0.545286051,0.436053691,0.681881345
67.58954955,0.545164425,0.435897571,0.681821304
67.66750751,0.545042826,0.435741499,0.68176128
67.74546547,0.544921254,0.435585475,0.681701273
67.82342342,0.544799709,0.435429499,0.681641283
67.90138138,0.544678191,0.435273572,0.681581311
67.97933934,0.5445567,0.435117692,0.681521357
68.0572973,0.544435237,0.434961861,0.681461419
68.13525526,0.5443138,0.434806077,0.681401499
68.21321321,0.544192391,0.434650342,0.681341596
68.29117117,0.544071008,0.434494655,0.681281711
68.36912913,0.543949653,0.434339016,0.681221842
68.44708709,0.543828325,0.434183425,0.681161991
68.52504505,0.543707023,0.434027883,0.681102157
68.603003,0.543585749,0.433872388,0.681042341
68.68096096,0.543464502,0.433716942,0.680982541
68.75891892,0.543343282,0.433561544,0.680922758
68.83687688,0.543222089,0.433406194,0.680862993
68.91483483,0.543100923,0.433250892,0.680803244
68.99279279,0.542979784,0.433095638,0.680743513
69.07075075,0.542858672,0.432940433,0.680683798
69.14870871,0.542737588,0.432785275,0.680624101
69.22666667,0.54261653,0.432630166,0.68056442
69.30462462,0.542495499,0.432475105,0.680504757
69.38258258,0.542374495,0.432320092,0.68044511
69.46054054,0.542253518,0.432165128,0.68038548
69.5384985,0.542132568,0.432010211,0.680325867
69.61645646,0.542011645,0.431855343,0.680266271
69.69441441,0.541890749,0.431700522,0.680206691
69.77237237,0.54176988,0.43154575,0.680147129
69.85033033,0.541649038,0.431391027,0.680087583
69.92828829,0.541528223,0.431236351,0.680028054
70.00624625,0.541407435,0.431081723,0.679968541
70.0842042,0.541286674,0.430927144,0.679909046
70.16216216,0.541165939,0.430772613,0.679849567
70.24012012,0.541045232,0.43061813,0.679790104
70.31807808,0.540924552,0.430463695,0.679730658
70.39603604,0.540803898,0.430309308,0.679671229
70.47399399,0.540683272,0.43015497,0.679611816
70.55195195,0.540562672,0.430000679,0.67955242
70.62990991,0.540442099,0.429846437,0.679493041
70.70786787,0.540321553,0.429692243,0.679433677
70.78582583,0.540201034,0.429538098,0.679374331
70.86378378,0.540080542,0.429384,0.679315
70.94174174,0.539960077,0.429229951,0.679255687
71.0196997,0.539839639,0.429075949,0.679196389
71.09765766,0.539719227,0.428921996,0.679137108
71.17561562,0.539598843,0.428768091,0.679077843
71.25357357,0.539478485,0.428614235,0.679018595
71.33153153,0.539358154,0.428460426,0.678959363
71.40948949,0.53923785,0.428306666,0.678900147
71.48744745,0.539117572,0.428152954,0.678840948
71.56540541,0.538997322,0.42799929,0.678781764
71.64336336,0.538877098,0.427845674,0.678722597
71.72132132,0.538756902,0.427692106,0.678663446
71.79927928,0.538636732,0.427538587,0.678604312
71.87723724,0.538516588,0.427385116,0.678545193
71.9551952,0.538396472,0.427231693,0.678486091
72.03315315,0.538276382,0.427078318,0.678427004
72.11111111,0.53815632,0.426924991,0.678367934
72.18906907,0.538036284,0.426771713,0.67830888
72.26702703,0.537916274,0.426618482,0.678249842
72.34498498,0.537796292,0.4264653,0.678190819
72.42294294,0.537676336,0.426312166,0.678131813
72.5009009,0.537556407,0.426159081,0.678072823
72.57885886,0.537436505,0.426006043,0.678013849
72.65681682,0.537316629,0.425853054,0.67795489
72.73477477,0.537196781,0.425700112,0.677895948
72.81273273,0.537076959,0.425547219,0.677837021
72.89069069,0.536957163,0.425394374,0.677778111
72.96864865,0.536837395,0.425241578,0.677719216
73.04660661,0.536717653,0.425088829,0.677660337
73.12456456,0.536597938,0.424936129,0.677601473
73.20252252,0.536478249,0.424783477,0.677542626
73.28048048,0.536358588,0.424630873,0.677483794
73.35843844,0.536238953,0.424478317,0.677424978
73.4363964,0.536119344,0.424325809,0.677366177
73.51435435,0.535999763,0.42417335,0.677307393
73.59231231,0.535880208,0.424020938,0.677248624
73.67027027,0.535760679,0.423868575,0.67718987
73.74822823,0.535641178,0.42371626,0.677131132
73.82618619,0.535521703,0.423563994,0.67707241
73.90414414,0.535402254,0.423411775,0.677013703
73.9821021,0.535282832,0.423259604,0.676955012
74.06006006,0.535163437,0.423107482,0.676896337
74.13801802,0.535044069,0.422955408,0.676837677
74.21597598,0.534924727,0.422803382,0.676779032
74.29393393,0.534805412,0.422651404,0.676720403
74.37189189,0.534686123,0.422499474,0.676661789
74.44984985,0.534566861,0.422347593,0.676603191
74.52780781,0.534447626,0.42219576,0.676544608
74.60576577,0.534328417,0.422043974,0.676486041
74.68372372,0.534209235,0.421892237,0.676427489
74.76168168,0.534090079,0.421740548,0.676368952
74.83963964,0.53397095,0.421588908,0.67631043
74.9175976,0.533851848,0.421437315,0.676251924
74.99555556,0.533732772,0.421285771,0.676193433
75.07351351,0.533613722,0.421134274,0.676134958
75.15147147,0.5334947,0.420982826,0.676076497
75.22942943,0.533375703,0.420831426,0.676018052
75.30738739,0.533256734,0.420680074,0.675959622
75.38534535,0.53313779,0.42052877,0.675901207
75.4633033,0.533018874,0.420377515,0.675842807
75.54126126,0.532899984,0.420226307,0.675784423
75.61921922,0.53278112,0.420075148,0.675726053
75.69717718,0.532662283,0.419924037,0.675667699
75.77513514,0.532543472,0.419772974,0.67560936
75.85309309,0.532424688,0.419621959,0.675551035
75.93105105,0.532305931,0.419470992,0.675492726
76.00900901,0.5321872,0.419320073,0.675434432
76.08696697,0.532068495,0.419169202,0.675376153
76.16492492,0.531949817,0.41901838,0.675317889
76.24288288,0.531831165,0.418867606,0.675259639
76.32084084,0.53171254,0.418716879,0.675201405
76.3987988,0.531593941,0.418566201,0.675143185
76.47675676,0.531475369,0.418415571,0.675084981
76.55471471,0.531356823,0.418264989,0.675026791
76.63267267,0.531238304,0.418114455,0.674968616
76.71063063,0.531119811,0.417963969,0.674910456
76.78858859,0.531001344,0.417813532,0.674852311
76.86654655,0.530882904,0.417663142,0.674794181
76.9445045,0.53076449,0.417512801,0.674736065
77.02246246,0.530646103,0.417362507,0.674677964
77.10042042,0.530527742,0.417212262,0.674619878
77.17837838,0.530409408,0.417062065,0.674561806
77.25633634,0.5302911,0.416911916,0.67450375
77.33429429,0.530172818,0.416761815,0.674445707
77.41225225,0.530054563,0.416611762,0.67438768
77.49021021,0.529936334,0.416461757,0.674329667
77.56816817,0.529818131,0.4163118,0.674271669
77.64612613,0.529699955,0.416161891,0.674213685
77.72408408,0.529581805,0.416012031,0.674155716
77.80204204,0.529463682,0.415862218,0.674097762
77.88,0.529345585,0.415712453,0.674039822
