x,dose,RR,lb,ub
1,0,1,1,1
2,0.044874874874875,0.99970021588639,0.999397559969538,1.00000296345906
3,0.08974974974975,0.999400525543222,0.99879549954956,1.00000591803479
4,0.134624624624625,0.999100932838805,0.998193835157677,1.00000885483499
5,0.1794994994995,0.998801441636782,0.997592583171407,1.00001176496749
6,0.224374374374374,0.998502055796137,0.996991759928189,1.00001463954017
7,0.269249249249249,0.998202779171197,0.996391381725401,1.00001746966104
8,0.314124124124124,0.997903615611635,0.995791464820383,1.00002024643824
9,0.358998998998999,0.997604568962477,0.995192025430456,1.00002296098016
10,0.403873873873874,0.997305643064106,0.994593079732955,1.00002560439548
11,0.448748748748749,0.997006841752264,0.993994643865248,1.00002816779321
12,0.493623623623624,0.99670816885806,0.993396733924778,1.00003064228275
13,0.538498498498499,0.996409628207973,0.99279936596909,1.00003301897401
14,0.583373373373373,0.996111223623858,0.99220255601587,1.00003528897737
15,0.628248248248248,0.99581295892295,0.991606320042987,1.00003744340384
16,0.673123123123123,0.995514837917871,0.991010673988529,1.00003947336506
17,0.717997997997998,0.995216864416634,0.990415633750855,1.0000413699734
18,0.762872872872873,0.994919042222651,0.989821215188635,1.000043124342
19,0.807747747747748,0.994621375134736,0.989227434120905,1.00004472758486
20,0.852622622622623,0.99432386694711,0.988634306327117,1.0000461708169
21,0.897497497497498,0.994026521449414,0.988041847547193,1.00004744515401
22,0.942372372372372,0.993729342426705,0.98745007348158,1.00004854171316
23,0.987247247247247,0.993432333659472,0.986858999791316,1.00004945161244
24,1.03212212212212,0.993135498923636,0.986268642098083,1.00005016597112
25,1.076996996997,0.992838841990559,0.985679015984278,1.00005067590977
26,1.12187187187187,0.992542366627053,0.985090136993075,1.0000509725503
27,1.16674674674675,0.992246076595382,0.984502020628495,1.00005104701604
28,1.21162162162162,0.991949975653273,0.983914682355477,1.00005089043181
29,1.2564964964965,0.991654067553922,0.98332813759995,1.00005049392404
30,1.30137137137137,0.991358356046001,0.98274240174891,1.00004984862079
31,1.34624624624625,0.991062844873666,0.982157490150495,1.00004894565187
32,1.39112112112112,0.990767537776565,0.981573418114065,1.00004777614889
33,1.435995995996,0.990472438489846,0.980990200910286,1.0000463312454
34,1.48087087087087,0.990177550744162,0.980407853771211,1.00004460207691
35,1.52574574574575,0.989882878265684,0.979826391890364,1.00004257978101
36,1.57062062062062,0.989588424776105,0.979245830422834,1.00004025549744
37,1.6154954954955,0.98929419399265,0.978666184485357,1.0000376203682
38,1.66037037037037,0.989000189628085,0.978087469156414,1.00003466553764
39,1.70524524524525,0.988706415390726,0.977509699476319,1.0000313821525
40,1.75012012012012,0.988412874984445,0.976932890447321,1.00002776136208
41,1.794994994995,0.988119572108682,0.976357057033693,1.00002379431826
42,1.83986986986987,0.987826510458453,0.975782214161839,1.00001947217567
43,1.88474474474474,0.987533693724358,0.975208376720389,1.0000147860917
44,1.92961961961962,0.987241125592592,0.974635559560305,1.00000972722669
45,1.97449449449449,0.986948809744955,0.974063777494986,1.00000428674394
46,2.01936936936937,0.986656749858859,0.97349304530037,0.999998455809899
47,2.06424424424424,0.986364949607338,0.972923377715046,0.999992225594192
48,2.10911911911912,0.986073412659063,0.972354789440362,0.999985587269768
49,2.15399399399399,0.985782142678345,0.971787295140534,0.999978532012994
50,2.19886886886887,0.985491143325149,0.971220909442763,0.999971051003762
51,2.24374374374374,0.985200418255104,0.970655646937345,0.9999631354256
52,2.28861861861862,0.984909971119512,0.970091522177789,0.999954776465779
53,2.33349349349349,0.984619805565361,0.969528549680932,0.99994596531543
54,2.37836836836837,0.984329925235333,0.968966743927062,0.999936693169657
55,2.42324324324324,0.984040333767816,0.968406119360031,0.99992695122765
56,2.46811811811812,0.983751034796917,0.967846690387384,0.999916730692806
57,2.51299299299299,0.983462031952469,0.967288471380476,0.999906022772847
58,2.55786786786787,0.983173328860044,0.966731476674599,0.999894818679942
59,2.60274274274274,0.982884929140968,0.966175720569106,0.99988310963083
60,2.64761761761762,0.982596836412325,0.965621217327538,0.999870886846943
61,2.69249249249249,0.982309054286977,0.96506798117775,0.999858141554537
62,2.73736736736737,0.982021586373567,0.964516026312044,0.999844864984817
63,2.78224224224224,0.98173443627654,0.963965366887294,0.999831048374069
64,2.82711711711712,0.981447607596149,0.96341601702508,0.999816682963792
65,2.87199199199199,0.981161103928466,0.96286799081182,0.999801760000837
66,2.91686686686687,0.980874928865402,0.962321302298902,0.999786270737536
67,2.96174174174174,0.980589085994711,0.961775965502817,0.999770206431849
68,3.00661661661662,0.980303578900006,0.961231994405298,0.9997535583475
69,3.05149149149149,0.980018411160774,0.96068940295345,0.999736317754122
70,3.09636636636637,0.979733586352384,0.960148205059893,0.9997184759274
71,3.14124124124124,0.979449108046104,0.959608414602892,0.999700024149224
72,3.18611611611612,0.979164979809113,0.959070045426503,0.999680953707832
73,3.23099099099099,0.978881205204511,0.958533111340707,0.999661255897967
74,3.27586586586587,0.978597787791339,0.957997626121548,0.999640922021029
75,3.32074074074074,0.978314731124584,0.957463603511279,0.999619943385235
76,3.36561561561562,0.978032038755203,0.956931057218498,0.999598311305772
77,3.41049049049049,0.977749714230124,0.956400000918289,0.999576017104967
78,3.45536536536537,0.977467761092274,0.955870448252367,0.999553052112442
79,3.50024024024024,0.977186182880579,0.955342412829218,0.99952940766529
80,3.54511511511512,0.97690498312999,0.954815908224239,0.999505075108235
81,3.58998998998999,0.976624165371489,0.954290947979885,0.999480045793813
82,3.63486486486486,0.976343733132107,0.95376754560581,0.999454311082539
83,3.67973973973974,0.97606368993494,0.953245714579009,0.999427862343089
84,3.72461461461461,0.975784039299158,0.952725468343965,0.999400690952478
85,3.76948948948949,0.975504784740028,0.952206820312786,0.999372788296242
86,3.81436436436436,0.975225929768919,0.951689783865355,0.999344145768626
87,3.85923923923924,0.974947477893325,0.95117437234947,0.999314754772773
88,3.90411411411411,0.974669432616879,0.950660599080986,0.999284606720911
89,3.94898898898899,0.974391797439363,0.950148477343963,0.999253693034552
90,3.99386386386386,0.974114575856728,0.949638020390805,0.99922200514469
91,4.03873873873874,0.973837771361111,0.949129241442401,0.999189534491998
92,4.08361361361361,0.973561387440845,0.948622153688274,0.999156272527035
93,4.12848848848849,0.97328542758048,0.948116770286715,0.999122210710453
94,4.17336336336336,0.973009895260794,0.947613104364932,0.999087340513205
95,4.21823823823824,0.972734793958816,0.947111169019184,0.999051653416764
96,4.26311311311311,0.972460127147833,0.946610977314926,0.999015140913334
97,4.30798798798799,0.972185898297416,0.946112542286947,0.998977794506078
98,4.35286286286286,0.971912110873427,0.945615876939509,0.998939605709335
99,4.39773773773774,0.971638768338043,0.945120994246485,0.998900566048854
100,4.44261261261261,0.971365874149769,0.944627907151496,0.998860667062023
101,4.48748748748749,0.971093431763456,0.944136628568046,0.998819900298107
102,4.53236236236236,0.970821444630315,0.94364717137966,0.998778257318482
103,4.57723723723724,0.970549916197939,0.943159548440015,0.998735729696887
104,4.62211211211211,0.970278849910315,0.942673772573076,0.998692309019664
105,4.66698698698699,0.970008249207845,0.94218985657322,0.998647986886014
106,4.71186186186186,0.969738117527363,0.941707813205377,0.99860275490825
107,4.75673673673674,0.969468458302149,0.941227655205148,0.99855660471206
108,4.80161161161161,0.969199274961952,0.940749395278937,0.99850952793677
109,4.84648648648649,0.968930570933001,0.940273046104075,0.998461516235611
110,4.89136136136136,0.968662349638031,0.939798620328945,0.998412561275997
111,4.93623623623624,0.968394614496293,0.939326130573099,0.9983626547398
112,4.98111111111111,0.968127368923578,0.938855589427381,0.998311788323635
113,5.02598598598599,0.967860616332233,0.938387009454044,0.998259953739145
114,5.07086086086086,0.967594360131177,0.937920403186863,0.998207142713297
115,5.11573573573574,0.967328603725924,0.937455783131247,0.998153346988678
116,5.16061061061061,0.9670633505186,0.936993161764354,0.998098558323799
117,5.20548548548549,0.966798603907958,0.936532551535193,0.998042768493405
118,5.25036036036036,0.966534367289402,0.936073964864731,0.997985969288784
119,5.29523523523524,0.966270644055003,0.935617414145996,0.997928152518095
120,5.34011011011011,0.96600743759352,0.935162911744173,0.997869310006683
121,5.38498498498499,0.965744751290417,0.934710469996706,0.997809433597419
122,5.42985985985986,0.965482588527883,0.934260101213381,0.997748515151031
123,5.47473473473474,0.965220952684853,0.933811817676425,0.99768654654645
124,5.51960960960961,0.964959847137025,0.933365631640585,0.997623519681161
125,5.56448448448448,0.964699275256882,0.932921555333215,0.997559426471555
126,5.60935935935936,0.964439240413709,0.932479600954349,0.997494258853292
127,5.65423423423423,0.964179745973616,0.932039780676779,0.997428008781673
128,5.69910910910911,0.963920795299557,0.931602106646124,0.997360668232014
129,5.74398398398398,0.963662391751348,0.931166590980896,0.997292229200029
130,5.78885885885886,0.963404538685691,0.930733245772559,0.99722268370222
131,5.83373373373373,0.963147239456191,0.93030208308559,0.997152023776276
132,5.87860860860861,0.962890497413378,0.929873114957525,0.997080241481477
133,5.92348348348348,0.962634315904727,0.92944635339901,0.997007328899106
134,5.96835835835836,0.96237869827468,0.929021810393841,0.996933278132872
135,6.01323323323323,0.962123647864665,0.928599497898996,0.996858081309341
136,6.05810810810811,0.96186916801312,0.928179427844673,0.996781730578366
137,6.10298298298298,0.961615261355983,0.927761609267441,0.996704219743346
138,6.14785785785786,0.961361926877225,0.9273460362307,0.99662555113264
139,6.19273273273273,0.961109162376023,0.926932697953129,0.99654572984958
140,6.23760760760761,0.960856965653805,0.926521583676503,0.996464761006357
141,6.28248248248248,0.96060533451487,0.926112682668139,0.996382649722427
142,6.32735735735736,0.960354266766377,0.925705984220733,0.996299401124397
143,6.37223223223223,0.960103760218336,0.925301477652192,0.99621502034592
144,6.41710710710711,0.959853812683593,0.924899152305468,0.996129512527592
145,6.46198198198198,0.959604421977819,0.924498997548392,0.996042882816846
146,6.50685685685686,0.959355585919503,0.924101002773499,0.995955136367857
147,6.55173173173173,0.959107302329935,0.923705157397859,0.995866278341445
148,6.59660660660661,0.958859569033195,0.923311450862906,0.995776313904982
149,6.64148148148148,0.958612383856148,0.922919872634261,0.9956852482323
150,6.68635635635636,0.958365744628424,0.92253041220156,0.995593086503605
151,6.73123123123123,0.958119649182414,0.922143059078279,0.995499833905388
152,6.77610610610611,0.957874095353255,0.921757802801556,0.995405495630341
153,6.82098098098098,0.95762908097882,0.921374632932017,0.995310076877277
154,6.86585585585586,0.957384603899706,0.920993539053597,0.995213582851048
155,6.91073073073073,0.957140661959226,0.920614510773364,0.995116018762466
156,6.95560560560561,0.956897253003395,0.920237537721341,0.995017389828226
157,7.00048048048048,0.956654374880918,0.919862609550328,0.994917701270831
158,7.04535535535536,0.956412025443185,0.919489715935725,0.994816958318518
159,7.09023023023023,0.956170202544254,0.91911884657535,0.994715166205188
160,7.13510510510511,0.955928904040844,0.918749991189268,0.99461233017033
161,7.17997997997998,0.955688127792321,0.918383139519608,0.994508455458956
162,7.22485485485486,0.955447871660692,0.918018281330383,0.994403547321529
163,7.26972972972973,0.955208133510591,0.91765540640732,0.994297611013899
164,7.3146046046046,0.954968911209268,0.917294504557676,0.994190651797232
165,7.35947947947948,0.954730202626581,0.916935565610061,0.994082674937951
166,7.40435435435435,0.954492005634984,0.916578579414265,0.993973685707668
167,7.44922922922923,0.954254318109518,0.916223535841078,0.99386368938312
168,7.4941041041041,0.954017137927798,0.915870424782117,0.99375269124611
169,7.53897897897898,0.953780462970004,0.915519236149646,0.993640696583443
170,7.58385385385385,0.953544291118874,0.915169959876405,0.993527710686866
171,7.62872872872873,0.953308620259687,0.914822585915432,0.99341373885301
172,7.6736036036036,0.95307344828026,0.914477104239893,0.993298786383327
173,7.71847847847848,0.952838773070932,0.914133504842905,0.993182858584035
174,7.76335335335335,0.952604592524558,0.913791777737363,0.99306596076606
175,7.80822822822823,0.952370904536498,0.91345191295577,0.992948098244976
176,7.8531031031031,0.952137707004605,0.913113900550066,0.992829276340953
177,7.89797797797798,0.951904997829217,0.912777730591452,0.992709500378696
178,7.94285285285285,0.951672774913147,0.912443393170229,0.992588775687395
179,7.98772772772773,0.951441036161674,0.912110878395619,0.992467107600663
180,8.0326026026026,0.95120977948253,0.911780176395603,0.992344501456488
181,8.07747747747748,0.950979002785895,0.911451277316752,0.992220962597177
182,8.12235235235235,0.950748703984381,0.911124171324059,0.9920964963693
183,8.16722722722723,0.950518880993031,0.910798848600774,0.991971108123638
184,8.2121021021021,0.9502895317293,0.910475299348239,0.991844803215132
185,8.25697697697698,0.950060654113053,0.910153513785723,0.991717587002827
186,8.30185185185185,0.94983224606655,0.90983348215026,0.991589464849822
187,8.34672672672673,0.949604305514441,0.909515194696488,0.991460442123217
188,8.3916016016016,0.949376830383754,0.909198641696484,0.991330524194062
189,8.43647647647648,0.949149818603887,0.908883813439607,0.991199716437301
190,8.48135135135135,0.948923268106595,0.908570700232337,0.991068024231728
191,8.52622622622623,0.948697176825987,0.90825929239812,0.990935452959931
192,8.5711011011011,0.948471542698511,0.907949580277206,0.990802008008239
193,8.61597597597598,0.94824636366295,0.907641554226497,0.990667694766678
194,8.66085085085085,0.948021637660407,0.907335204619388,0.990532518628911
195,8.70572572572573,0.947797362634302,0.90703052184562,0.990396484992195
196,8.7506006006006,0.947573536530357,0.906727496311119,0.990259599257326
197,8.79547547547548,0.947350157296591,0.906426118437849,0.990121866828591
198,8.84035035035035,0.947127222883313,0.906126378663664,0.989983293113712
199,8.88522522522523,0.946904731243105,0.90582826744215,0.989843883523804
200,8.9301001001001,0.946682680330822,0.905531775242487,0.989703643473316
201,8.97497497497497,0.946461068103578,0.905236892549295,0.989562578379985
202,9.01984984984985,0.946239892520739,0.904943609862492,0.989420693664783
203,9.06472472472472,0.946019151543914,0.904651917697147,0.98927799475187
204,9.1095995995996,0.945798843136947,0.904361806583339,0.989134487068537
205,9.15447447447447,0.945578965265905,0.904073267066013,0.988990176045161
206,9.19934934934935,0.945359515899075,0.903786289704841,0.988845067115148
207,9.24422422422422,0.945140493006951,0.903500865074081,0.988699165714887
208,9.2890990990991,0.944921894562228,0.903216983762441,0.988552477283698
209,9.33397397397397,0.94470371853979,0.902934636372938,0.988405007263774
210,9.37884884884885,0.944485962916708,0.902653813522769,0.988256761100139
211,9.42372372372372,0.944268625672224,0.902374505843171,0.988107744240587
212,9.4685985985986,0.944051704787748,0.902096703979289,0.987957962135637
213,9.51347347347347,0.943835198246848,0.901820398590048,0.987807420238474
214,9.55834834834835,0.943619104035243,0.90154558034802,0.987656124004901
215,9.60322322322322,0.943403420140791,0.901272239939297,0.987504078893284
216,9.6480980980981,0.943188144553486,0.901000368063361,0.987351290364499
217,9.69297297297297,0.942973275265446,0.900729955432962,0.987197763881876
218,9.73784784784785,0.942758810270906,0.900460992773991,0.98704350491115
219,9.78272272272272,0.942544747566212,0.900193470825358,0.986888518920402
220,9.8275975975976,0.942331085149809,0.899927380338871,0.986732811380005
221,9.87247247247247,0.942117821022238,0.899662712079114,0.98657638776257
222,9.91734734734735,0.941904953186122,0.899399456823332,0.98641925354289
223,9.96222222222222,0.941692479646166,0.899137605361311,0.986261414197883
224,10.0070970970971,0.94148039840914,0.898877148495264,0.986102875206537
225,10.051971971972,0.94126870748388,0.898618077039719,0.985943642049851
226,10.0968468468468,0.941057404881273,0.898360381821401,0.985783720210779
227,10.1417217217217,0.940846488614256,0.89810405367913,0.985623115174171
228,10.1865965965966,0.940635956697801,0.897849083463703,0.985461832426716
229,10.2314714714715,0.940425807148916,0.897595462037793,0.985299877456881
230,10.2763463463463,0.940216037986628,0.897343180275842,0.98513725575485
231,10.3212212212212,0.940006647231984,0.897092229063952,0.98497397281247
232,10.3660960960961,0.939797632908037,0.896842599299792,0.984810034123181
233,10.410970970971,0.939588993039844,0.896594281892486,0.984645445181962
234,10.4558458458458,0.939380725654454,0.896347267762523,0.984480211485265
235,10.5007207207207,0.939172828780903,0.896101547841656,0.984314338530953
236,10.5455955955956,0.938965300450206,0.895857113072805,0.984147831818237
237,10.5904704704705,0.938758138695352,0.895613954409966,0.98398069684761
238,10.6353453453453,0.938551341551293,0.895372062818118,0.983812939120783
239,10.6802202202202,0.938344907054938,0.895131429273132,0.98364456414062
240,10.7250950950951,0.938138833245148,0.894892044761681,0.98347557741107
241,10.76996996997,0.937933118162727,0.894653900281159,0.983305984437101
242,10.8148448448448,0.937727759850416,0.894416986839588,0.983135790724629
243,10.8597197197197,0.937522756352883,0.894181295455544,0.982965001780453
244,10.9045945945946,0.93731810571672,0.893946817158069,0.982793623112181
245,10.9494694694695,0.937113805990436,0.893713542986594,0.982621660228163
246,10.9943443443443,0.936909855224444,0.893481463990862,0.982449118637415
247,11.0392192192192,0.936706251471064,0.893250571230854,0.982276003849551
248,11.0840940940941,0.936502992784507,0.893020855776715,0.982102321374705
249,11.128968968969,0.936300077220872,0.89279230870868,0.981928076723461
250,11.1738438438438,0.936097502838143,0.892564921117007,0.981753275406771
251,11.2187187187187,0.935895267696175,0.892338684101912,0.981577922935885
252,11.2635935935936,0.935693369856692,0.892113588773498,0.981402024822269
253,11.3084684684685,0.935491807383279,0.891889626251697,0.981225586577529
254,11.3533433433433,0.935290578341378,0.891666787666206,0.981048613713329
255,11.3982182182182,0.935089680798276,0.891445064156431,0.980871111741311
256,11.4430930930931,0.934889112823105,0.891224446871424,0.980693086173011
257,11.487967967968,0.934688872486829,0.891004926969836,0.98051454251978
258,11.5328428428428,0.934488957862243,0.890786495619859,0.980335486292696
259,11.5777177177177,0.934289367023965,0.890569143999177,0.980155923002479
260,11.6225925925926,0.934090098048427,0.89035286329492,0.979975858159403
261,11.6674674674675,0.933891149013874,0.890137644703614,0.979795297273211
262,11.7123423423423,0.933692518000352,0.889923479431142,0.979614245853023
263,11.7572172172172,0.933494203089705,0.889710358692699,0.979432709407246
264,11.8020920920921,0.933296202365569,0.889498273712754,0.979250693443481
265,11.846966966967,0.933098513913365,0.889287215725014,0.979068203468429
266,11.8918418418418,0.932901135820293,0.88907717597239,0.978885244987799
267,11.9367167167167,0.932704066175326,0.888868145706962,0.97870182350621
268,11.9815915915916,0.932507303069204,0.888660116189954,0.978517944527092
269,12.0264664664665,0.932310844594427,0.888453078691703,0.978333613552587
270,12.0713413413413,0.932114688845252,0.888247024491635,0.978148836083451
271,12.1162162162162,0.931918833917683,0.888041944878244,0.977963617618949
272,12.1610910910911,0.93172327790947,0.887837831149074,0.977777963656751
273,12.205965965966,0.931528018920098,0.887634674610695,0.977591879692831
274,12.2508408408408,0.931333055050786,0.887432466578695,0.977405371221352
275,12.2957157157157,0.931138384404475,0.887231198377666,0.977218443734566
276,12.3405905905906,0.930944005085832,0.887030861341193,0.977031102722698
277,12.3854654654655,0.930749915201235,0.886831446811847,0.976843353673836
278,12.4303403403403,0.93055611285877,0.886632946141184,0.976655202073819
279,12.4752152152152,0.93036259616823,0.886435350689739,0.976466653406118
280,12.5200900900901,0.930169363241102,0.88623865182703,0.976277713151722
281,12.564964964965,0.929976412190569,0.886042840931559,0.976088386789017
282,12.6098398398398,0.929783741131499,0.885847909390823,0.975898679793669
283,12.6547147147147,0.929591348180441,0.885653848601319,0.975708597638495
284,12.6995895895896,0.92939923145562,0.885460649968557,0.975518145793345
285,12.7444644644645,0.929207389076934,0.885268304907077,0.975327329724974
286,12.7893393393393,0.929015819165944,0.885076804840461,0.97513615489691
287,12.8342142142142,0.928824519845872,0.884886141201363,0.974944626769328
288,12.8790890890891,0.928633489241594,0.884696305431523,0.97475275079892
289,12.923963963964,0.928442725479638,0.884507288981797,0.974560532438752
290,12.9688388388388,0.928252226688173,0.884319083312189,0.974367977138139
291,13.0137137137137,0.928061990997011,0.884131679891878,0.974175090342498
292,13.0585885885886,0.927872016537595,0.883945070199257,0.973981877493213
293,13.1034634634635,0.927682301443,0.883759245721969,0.973788344027491
294,13.1483383383383,0.927492843847923,0.88357419795695,0.973594495378215
295,13.1932132132132,0.927303641888682,0.88338991841047,0.973400336973805
296,13.2380880880881,0.927114693703209,0.883206398598184,0.97320587423806
297,13.282962962963,0.926925997431043,0.883023630045182,0.973011112590013
298,13.3278378378378,0.926737551213331,0.882841604286038,0.972816057443777
299,13.3727127127127,0.926549353192818,0.882660312864871,0.972620714208388
300,13.4175875875876,0.926361401513844,0.882479747335406,0.972425088287648
301,13.4624624624625,0.926173694322339,0.882299899261032,0.972229185079966
302,13.5073373373373,0.925986229765818,0.882120760214871,0.972033009978196
303,13.5522122122122,0.925799005993379,0.881942321779846,0.971836568369469
304,13.5970870870871,0.925612021155693,0.881764575548758,0.971639865635032
305,13.641961961962,0.925425273405005,0.881587513124356,0.971442907150073
306,13.6868368368368,0.925238760895125,0.881411126119417,0.971245698283553
307,13.7317117117117,0.925052481781428,0.881235406156834,0.97104824439803
308,13.7765865865866,0.924866434220844,0.881060344869695,0.970850550849483
309,13.8214614614615,0.924680616371858,0.880885933901376,0.970652622987132
310,13.8663363363363,0.924495026394505,0.880712164905631,0.970454466153261
311,13.9112112112112,0.924309662450363,0.880539029546692,0.970256085683026
312,13.9560860860861,0.92412452270255,0.880366519499362,0.970057486904277
313,14.000960960961,0.923939605315722,0.880194626449123,0.969858675137362
314,14.0458358358358,0.923754908456065,0.88002334209224,0.969659655694941
315,14.0907107107107,0.923570430291293,0.87985265813587,0.969460433881787
316,14.1355855855856,0.923386168990644,0.879682566298175,0.969261014994594
317,14.1804604604605,0.923202122724874,0.879513058308441,0.969061404321772
318,14.2253353353353,0.923018289666256,0.879344125907192,0.968861607143251
319,14.2702102102102,0.92283466798857,0.879175760846322,0.968661628730273
320,14.3150850850851,0.922651255867108,0.879007954889212,0.968461474345184
321,14.35995995996,0.92246805147866,0.878840699810869,0.968261149241227
322,14.4048348348348,0.922285053001518,0.878673987398053,0.968060658662328
323,14.4497097097097,0.922102258615469,0.878507809449422,0.96786000784288
324,14.4945845845846,0.921919666501788,0.878342157775664,0.967659202007526
325,14.5394594594595,0.92173727484324,0.878177024199649,0.967458246370939
326,14.5843343343343,0.921555081824072,0.878012400556573,0.967257146137597
327,14.6292092092092,0.921373085630011,0.877848278694112,0.96705590650156
328,14.6740840840841,0.92119128444826,0.877684650472574,0.966854532646237
329,14.718958958959,0.921009676467494,0.877521507765061,0.966653029744157
330,14.7638338338338,0.920828259877854,0.877358842457631,0.966451402956737
331,14.8087087087087,0.920647032870949,0.877196646449461,0.966249657434041
332,14.8535835835836,0.920465993639846,0.87703491165302,0.966047798314542
333,14.8984584584585,0.920285140379072,0.876873629994239,0.965845830724882
334,14.9433333333333,0.920104471284606,0.876712793412689,0.965643759779623
335,14.9882082082082,0.919923984553879,0.876552393861762,0.965441590581003
336,15.0330830830831,0.919743678385767,0.876392423308853,0.965239328218682
337,15.077957957958,0.919563550980589,0.876232873735549,0.965036977769492
338,15.1228328328328,0.919383600540108,0.876073737137818,0.964834544297179
339,15.1677077077077,0.919203825267519,0.875915005526203,0.964632032852145
340,15.2125825825826,0.919024223367452,0.875756670926022,0.964429448471189
341,15.2574574574575,0.918844793045967,0.875598725377568,0.964226796177239
342,15.3023323323323,0.918665532510552,0.875441160936314,0.964024080979088
343,15.3472072072072,0.918486439970116,0.87528396967312,0.963821307871126
344,15.3920820820821,0.918307513634989,0.875127143674447,0.963618481833064
345,15.436956956957,0.91812875171692,0.874970675042572,0.963415607829663
346,15.4818318318318,0.917950152429069,0.874814555895802,0.963212690810457
347,15.5267067067067,0.917771713986009,0.874658778368705,0.963009735709472
348,15.5715815815816,0.917593434603719,0.874503334612324,0.962806747444945
349,15.6164564564565,0.917415312499585,0.874348216794416,0.962603730919036
350,15.6613313313313,0.917237345892393,0.874193417099679,0.962400691017546
351,15.7062062062062,0.917059533002328,0.874038927729985,0.962197632609626
352,15.7510810810811,0.916881872050971,0.873884740904624,0.96199456054748
353,15.795955955956,0.916704361261296,0.873730848860545,0.961791479666078
354,15.8408308308308,0.916526998857669,0.873577243852594,0.961588394782853
355,15.8857057057057,0.916349783065839,0.873423918153772,0.961385310697407
356,15.9305805805806,0.916172712112944,0.87327086405548,0.961182232191203
357,15.9754554554555,0.915995784227501,0.873118073867775,0.960979164027269
358,16.0203303303303,0.915818997639406,0.872965539919626,0.960776110949887
359,16.0652052052052,0.915642350579934,0.872813254559177,0.960573077684285
360,16.1100800800801,0.91546584128173,0.872661210154009,0.960370068936329
361,16.154954954955,0.915289467978813,0.872509399091405,0.960167089392209
362,16.1998298298298,0.91511322890657,0.872357813778619,0.959964143718125
363,16.2447047047047,0.914937122301752,0.872206446643152,0.959761236559972
364,16.2895795795796,0.914761146402476,0.872055290133019,0.95955837254302
365,16.3344544544545,0.914585299448218,0.871904336717033,0.959355556271595
366,16.3793293293293,0.914409579679813,0.871753578885082,0.959152792328755
367,16.4242042042042,0.914233985339454,0.871603009148411,0.95895008527597
368,16.4690790790791,0.914058514670684,0.871452620039905,0.958747439652794
369,16.513953953954,0.913883165918402,0.871302404114381,0.958544859976539
370,16.5588288288288,0.913707937328851,0.871152353948875,0.958342350741945
371,16.6037037037037,0.913532827149625,0.871002462142932,0.958139916420854
372,16.6485785785786,0.913357833629661,0.870852721318903,0.957937561461875
373,16.6934534534535,0.913182955019237,0.870703124122238,0.957735290290051
374,16.7383283283283,0.913008189569973,0.870553663221789,0.957533107306528
375,16.7832032032032,0.912833535534827,0.870404331310103,0.957331016888219
376,16.8280780780781,0.912658991168091,0.870255121103733,0.957129023387467
377,16.872952952953,0.912484554725393,0.870106025343532,0.956927131131707
378,16.9178278278278,0.912310224463691,0.869957036794965,0.956725344423131
379,16.9627027027027,0.912135998641274,0.869808148248417,0.956523667538348
380,17.0075775775776,0.91196187551776,0.869659352519495,0.956322104728042
381,17.0524524524525,0.911787853354089,0.869510642449344,0.956120660216635
382,17.0973273273273,0.911613930412528,0.869362010904956,0.955919338201945
383,17.1422022022022,0.911440104956665,0.869213450779482,0.955718142854844
384,17.1870770770771,0.911266375251409,0.869064954992546,0.955517078318921
385,17.231951951952,0.911092739562988,0.868916516490563,0.955316148710133
386,17.2768268268268,0.910919196158943,0.868768128247049,0.955115358116469
387,17.3217017017017,0.910745743308134,0.868619783262938,0.954914710597607
388,17.3665765765766,0.910572379280732,0.868471474566906,0.95471421018457
389,17.4114514514515,0.91039910234822,0.868323195215678,0.954513860879389
390,17.4563263263263,0.910225910783391,0.868174938294354,0.954313666654758
391,17.5012012012012,0.910052802860347,0.868026696916726,0.954113631453695
392,17.5460760760761,0.909879776854494,0.867878464225591,0.953913759189201
393,17.590950950951,0.909706831042546,0.867730233393077,0.953714053743923
394,17.6358258258258,0.90953396370252,0.867581997620956,0.953514518969815
395,17.6807007007007,0.909361173113733,0.867433750140965,0.953315158687797
396,17.7255755755756,0.909188457556806,0.867285484215125,0.953115976687423
397,17.7704504504505,0.909015815313655,0.867137193136052,0.952916976726545
398,17.8153253253253,0.908843244667499,0.866988870227284,0.952718162530978
399,17.8602002002002,0.908670743902849,0.866840508843589,0.952519537794167
400,17.9050750750751,0.908498311305513,0.866692102371283,0.95232110617686
401,17.9499499499499,0.908325945162593,0.866543644228544,0.952122871306775
402,17.9948248248248,0.908153643762484,0.866395127865728,0.951924836778277
403,18.0396996996997,0.907981405394871,0.866246546765674,0.951727006152049
404,18.0845745745746,0.907809228350731,0.866097894444022,0.951529382954775
405,18.1294494494494,0.907637110922329,0.865949164449517,0.951331970678814
406,18.1743243243243,0.907465051403217,0.865800350364317,0.951134772781887
407,18.2191991991992,0.907293048088235,0.865651445804299,0.950937792686759
408,18.2640740740741,0.90712109927351,0.86550244441936,0.950741033780927
409,18.3089489489489,0.906949203256451,0.865353339893719,0.950544499416315
410,18.3538238238238,0.906777358335753,0.865204125946217,0.950348192908963
411,18.3986986986987,0.906605562811392,0.86505479633061,0.950152117538726
412,18.4435735735736,0.906433814984627,0.864905344835862,0.949956276548976
413,18.4884484484484,0.906262113157997,0.86475576528644,0.949760673146307
414,18.5333233233233,0.906090455635323,0.864606051542593,0.949565310500238
415,18.5781981981982,0.905918840721704,0.864456197500645,0.949370191742934
416,18.6230730730731,0.905747266723515,0.864306197093269,0.949175319968914
417,18.6679479479479,0.905575731948414,0.864156044289768,0.948980698234776
418,18.7128228228228,0.90540423470533,0.864005733096344,0.948786329558921
419,18.7576976976977,0.905232773304473,0.863855257556374,0.948592216921285
420,18.8025725725726,0.905061346057326,0.86370461175067,0.948398363263068
421,18.8474474474474,0.904889951555341,0.86355379075353,0.948204771021068
422,18.8923223223223,0.904718589510907,0.863402793506912,0.948011440734413
423,18.9371971971972,0.904547259917878,0.863251619923665,0.947818372466296
424,18.9820720720721,0.904375962770109,0.863100269919701,0.947625566276853
425,19.0269469469469,0.904204698061455,0.862948743414008,0.947433022223154
426,19.0718218218218,0.904033465785773,0.862797040328657,0.947240740359191
427,19.1166966966967,0.903862265936921,0.86264516058882,0.947048720735864
428,19.1615715715716,0.903691098508759,0.862493104122772,0.946856963400974
429,19.2064464464464,0.903519963495147,0.86234087086191,0.946665468399209
430,19.2513213213213,0.903348860889946,0.862188460740758,0.946474235772136
431,19.2961961961962,0.903177790687019,0.862035873696979,0.94628326555819
432,19.3410710710711,0.90300675288023,0.861883109671386,0.946092557792665
433,19.3859459459459,0.902835747463444,0.861730168607949,0.945902112507701
434,19.4308208208208,0.902664774430528,0.861577050453808,0.945711929732279
435,19.4756956956957,0.902493833775348,0.861423755159279,0.945522009492207
436,19.5205705705706,0.902322925491773,0.861270282677867,0.945332351810115
437,19.5654454454454,0.902152049573672,0.86111663296627,0.945142956705444
438,19.6103203203203,0.901981206014917,0.860962805984393,0.944953824194437
439,19.6551951951952,0.90181039480938,0.86080880169535,0.944764954290132
440,19.7000700700701,0.901639615950934,0.860654620065479,0.944576347002353
441,19.7449449449449,0.901468869433453,0.860500261064346,0.9443880023377
442,19.7898198198198,0.901298155250812,0.860345724664754,0.944199920299548
443,19.8346946946947,0.901127473396889,0.860191010842749,0.944012100888029
444,19.8795695695696,0.90095682386556,0.860036119577628,0.943824544100035
445,19.9244444444444,0.900786206650706,0.859881050851949,0.943637249929205
446,19.9693193193193,0.900615621746205,0.859725804651532,0.94345021836592
447,20.0141941941942,0.90044506914594,0.85957038096547,0.943263449397296
448,20.0590690690691,0.900274548843793,0.859414779786135,0.943076943007178
449,20.1039439439439,0.900104060833647,0.859259001109182,0.942890699176134
450,20.1488188188188,0.899933605109388,0.859103044933554,0.942704717881449
451,20.1936936936937,0.8997631816649,0.858946911261493,0.942518999097119
452,20.2385685685686,0.899592790494072,0.858790600098538,0.942333542793849
453,20.2834434434434,0.899422431590791,0.858634111453538,0.942148348939041
454,20.3283183183183,0.899252104948947,0.858477445338647,0.941963417496796
455,20.3731931931932,0.89908181056243,0.85832060176934,0.941778748427906
456,20.4180680680681,0.898911548425132,0.858163580764408,0.941594341689851
457,20.4629429429429,0.898741318530946,0.858006382345964,0.941410197236795
458,20.5078178178178,0.898571120873766,0.857849006539453,0.941226315019579
459,20.5526926926927,0.898400955447486,0.857691453373646,0.941042694985722
460,20.5975675675676,0.898230822246005,0.857533722880651,0.940859337079417
461,20.6424424424424,0.898060721263218,0.857375815095913,0.940676241241524
462,20.6873173173173,0.897890652493024,0.857217730058215,0.940493407409572
463,20.7321921921922,0.897720615929324,0.857059467809683,0.940310835517755
464,20.7770670670671,0.897550611566019,0.85690102839579,0.940128525496926
465,20.8219419419419,0.897380639397009,0.856742411865353,0.939946477274602
466,20.8668168168168,0.897210699416199,0.856583618270538,0.939764690774957
467,20.9116916916917,0.897040791617493,0.856424647666861,0.93958316591882
468,20.9565665665666,0.896870915994797,0.856265500113189,0.93940190262368
469,21.0014414414414,0.896701072542017,0.856106175671741,0.939220900803677
470,21.0463163163163,0.896531261253061,0.855946674408089,0.939040160369608
471,21.0911911911912,0.896361482121839,0.855786996391158,0.938859681228922
472,21.1360660660661,0.896191735142259,0.855627141693226,0.938679463285722
473,21.1809409409409,0.896022020308235,0.855467110389924,0.938499506440765
474,21.2258158158158,0.895852337613678,0.855306902560236,0.938319810591461
475,21.2706906906907,0.895682687052501,0.855146518286499,0.938140375631878
476,21.3155655655656,0.89551306861862,0.8549859576544,0.937961201452735
477,21.3604404404404,0.895343482305951,0.854825220752976,0.93778228794141
478,21.4053153153153,0.895173928108411,0.854664307674615,0.93760363498194
479,21.4501901901902,0.895004406019917,0.854503218515048,0.937425242455021
480,21.4950650650651,0.89483491603439,0.854341953373355,0.93724711023801
481,21.5399399399399,0.89466545814575,0.854180512351957,0.937069238204929
482,21.5848148148148,0.894496032347918,0.854018895556615,0.936891626226466
483,21.6296896896897,0.894326638634818,0.853857103096428,0.936714274169979
484,21.6745645645646,0.894157277000373,0.853695135083831,0.936537181899497
485,21.7194394394394,0.893987947438509,0.853532991634588,0.936360349275726
486,21.7643143143143,0.893818649943152,0.853370672867793,0.936183776156048
487,21.8091891891892,0.893649384508229,0.853208178905862,0.936007462394532
488,21.8540640640641,0.893480151127669,0.853045509874533,0.935831407841931
489,21.8989389389389,0.893310949795402,0.852882665902857,0.935655612345691
490,21.9438138138138,0.893141780505359,0.8527196471232,0.93548007574995
491,21.9886886886887,0.892972643251471,0.85255645367123,0.935304797895552
492,22.0335635635636,0.892803538027672,0.85239308568592,0.935129778620042
493,22.0784384384384,0.892634464827897,0.852229543309535,0.934955017757679
494,22.1233133133133,0.89246542364608,0.852065826687635,0.934780515139436
495,22.1681881881882,0.892296414476159,0.851901935969059,0.934606270593012
496,22.2130630630631,0.892127437312071,0.851737871305927,0.934432283942831
497,22.2579379379379,0.891958492147755,0.851573632853633,0.934258555010053
498,22.3028128128128,0.891789578977151,0.851409220770832,0.934085083612581
499,22.3476876876877,0.891620697794201,0.851244635219439,0.933911869565065
500,22.3925625625626,0.891451848592847,0.851079876364621,0.933738912678912
501,22.4374374374374,0.891283031367032,0.85091494437479,0.933566212762289
502,22.4823123123123,0.891114246110702,0.850749839421589,0.933393769620138
503,22.5271871871872,0.890945492817801,0.850584561679896,0.933221583054176
504,22.5720620620621,0.890776771482278,0.850419111327804,0.933049652862908
505,22.6169369369369,0.890608082098079,0.85025348854662,0.932877978841633
506,22.6618118118118,0.890439424659155,0.850087693520855,0.932706560782456
507,22.7066866866867,0.890270799159455,0.849921726438211,0.932535398474292
508,22.7515615615616,0.890102205592932,0.849755587489579,0.932364491702878
509,22.7964364364364,0.889933643953538,0.849589276869024,0.932193840250784
510,22.8413113113113,0.889765114235227,0.849422794773777,0.932023443897418
511,22.8861861861862,0.889596616431953,0.849256141404226,0.931853302419041
512,22.9310610610611,0.889428150537674,0.849089316963906,0.93168341558877
513,22.9759359359359,0.889259716546346,0.848922321659485,0.931513783176598
514,23.0208108108108,0.889091314451928,0.84875515570076,0.931344404949396
515,23.0656856856857,0.888922944248379,0.848587819300642,0.931175280670929
516,23.1105605605606,0.88875460592966,0.848420312675144,0.931006410101862
517,23.1554354354354,0.888586299489733,0.848252636043373,0.930837792999778
518,23.2003103103103,0.888418024922561,0.848084789627517,0.930669429119183
519,23.2451851851852,0.888249782222107,0.847916773652832,0.930501318211522
520,23.2900600600601,0.888081571382339,0.847748588347634,0.930333460025189
521,23.3349349349349,0.887913392397221,0.847580233943283,0.930165854305537
522,23.3798098098098,0.887745245260721,0.847411710674171,0.929998500794897
523,23.4246846846847,0.887577129966808,0.847243018777711,0.929831399232583
524,23.4695595595596,0.887409046509453,0.847074158494326,0.929664549354909
525,23.5144344344344,0.887240994882625,0.84690513006743,0.929497950895202
526,23.5593093093093,0.887072975080297,0.846735933743421,0.929331603583812
527,23.6041841841842,0.886904987096443,0.846566569771665,0.929165507148131
528,23.6490590590591,0.886737030925037,0.846397038404481,0.928999661312599
529,23.6939339339339,0.886569106560054,0.846227339897131,0.928834065798726
530,23.7388088088088,0.886401213995471,0.846057474507801,0.928668720325099
531,23.7836836836837,0.886233353225266,0.845887442497591,0.928503624607402
532,23.8285585585586,0.886065524243418,0.8457172441305,0.928338778358426
533,23.8734334334334,0.885897727043907,0.845546879673407,0.928174181288085
534,23.9183083083083,0.885729961620714,0.845376349396064,0.928009833103434
535,23.9631831831832,0.885562227967822,0.845205653571074,0.927845733508676
536,24.0080580580581,0.885394526079215,0.845034792473878,0.927681882205187
537,24.0529329329329,0.885226855948876,0.844863766382741,0.927518278891525
538,24.0978078078078,0.885059217570792,0.844692575578736,0.927354923263447
539,24.1426826826827,0.88489161093895,0.844521220345728,0.927191815013924
540,24.1875575575576,0.884724036047338,0.844349700970356,0.927028953833161
541,24.2324324324324,0.884556492889945,0.844178017742019,0.926866339408607
542,24.2773073073073,0.884388981460761,0.844006170952862,0.926703971424974
543,24.3221821821822,0.884221501753779,0.843834160897755,0.926541849564257
544,24.3670570570571,0.88405405376299,0.843661987874277,0.926379973505743
545,24.4119319319319,0.883886637482389,0.843489652182705,0.926218342926036
546,24.4568068068068,0.88371925290597,0.843317154125989,0.926056957499068
547,24.5016816816817,0.88355190002773,0.84314449400974,0.925895816896117
548,24.5465565565566,0.883384578841665,0.842971672142211,0.925734920785828
549,24.5914314314314,0.883217289341775,0.84279868883428,0.925574268834225
550,24.6363063063063,0.883050031522058,0.842625544399433,0.925413860704734
551,24.6811811811812,0.882882805376515,0.842452239153745,0.925253696058195
552,24.7260560560561,0.882715610899149,0.842278773415864,0.925093774552887
553,24.7709309309309,0.88254844808396,0.842105147506988,0.924934095844537
554,24.8158058058058,0.882381316924955,0.841931361750857,0.924774659586348
555,24.8606806806807,0.882214217416138,0.841757416473722,0.924615465429008
556,24.9055555555556,0.882047149551515,0.841583312004337,0.924456513020715
557,24.9504304304304,0.881880113325094,0.841409048673935,0.924297802007193
558,24.9953053053053,0.881713108730884,0.84123462681621,0.924139332031712
559,25.0401801801802,0.881546135762893,0.8410600467673,0.923981102735105
560,25.0850550550551,0.881379194415133,0.840885308865767,0.923823113755786
561,25.1299299299299,0.881212284681616,0.840710413452577,0.923665364729774
562,25.1748048048048,0.881045406556355,0.840535360871081,0.923507855290707
563,25.2196796796797,0.880878560033364,0.840360151466997,0.923350585069865
564,25.2645545545546,0.880711745106658,0.840184785588391,0.923193553696187
565,25.3094294294294,0.880544961770255,0.840009263585655,0.923036760796289
566,25.3543043043043,0.880378210018171,0.839833585811489,0.922880205994491
567,25.3991791791792,0.880211489844426,0.83965775262088,0.922723888912828
568,25.4440540540541,0.880044801243039,0.839481764371085,0.922567809171074
569,25.4889289289289,0.879878144208031,0.839305621421608,0.922411966386762
570,25.5338038038038,0.879711518733425,0.839129324134181,0.922256360175205
571,25.5786786786787,0.879544924813244,0.838952872872744,0.922100990149513
572,25.6235535535536,0.879378362441512,0.838776268003424,0.921945855920615
573,25.6684284284284,0.879211831612255,0.838599509894517,0.921790957097281
574,25.7133033033033,0.8790453323195,0.838422598916464,0.921636293286138
575,25.7581781781782,0.878878864557274,0.838245535441833,0.921481864091697
576,25.8030530530531,0.878712428319606,0.8380683198453,0.921327669116366
577,25.8479279279279,0.878546023600527,0.837890952503623,0.921173707960476
578,25.8928028028028,0.878379650394067,0.837713433795625,0.921019980222302
579,25.9376776776777,0.87821330869426,0.837535764102175,0.92086648549808
580,25.9825525525526,0.878046998495137,0.837357943806162,0.92071322338203
581,26.0274274274274,0.877880719790735,0.837179973292478,0.920560193466377
582,26.0723023023023,0.877714472575089,0.837001852947995,0.920407395341373
583,26.1171771771772,0.877548256842236,0.836823583161547,0.920254828595315
584,26.1620520520521,0.877382072586213,0.836645164323903,0.920102492814569
585,26.2069269269269,0.87721591980106,0.836466596827753,0.919950387583592
586,26.2518018018018,0.877049798480817,0.83628788106768,0.919798512484947
587,26.2966766766767,0.876883708619525,0.836109017440145,0.919646867099334
588,26.3415515515516,0.876717650211228,0.835930006343461,0.919495451005602
589,26.3864264264264,0.876551623249968,0.835750848177771,0.919344263780777
590,26.4313013013013,0.87638562772979,0.835571543345033,0.91919330500008
591,26.4761761761762,0.876219663644741,0.835392092248992,0.919042574236947
592,26.5210510510511,0.876053730988867,0.835212495295161,0.918892071063057
593,26.5659259259259,0.875887829756216,0.835032752890798,0.918741795048347
594,26.6108008008008,0.875721959940839,0.83485286544489,0.918591745761035
595,26.6556756756757,0.875556121536784,0.834672833368122,0.918441922767644
596,26.7005505505506,0.875390314538104,0.834492657072864,0.918292325633022
597,26.7454254254254,0.875224538938851,0.834312336973145,0.918142953920364
598,26.7903003003003,0.87505879473308,0.834131873484631,0.91799380719123
599,26.8351751751752,0.874893081914844,0.833951267024607,0.917844885005575
600,26.8800500500501,0.874727400478201,0.833770518011952,0.917696186921762
601,26.9249249249249,0.874561750417207,0.833589626867116,0.91754771249659
602,26.9697997997998,0.87439613172592,0.833408594012105,0.917399461285309
603,27.0146746746747,0.8742305443984,0.833227419870451,0.917251432841651
604,27.0595495495496,0.874064988428708,0.833046104867196,0.917103626717842
605,27.1044244244244,0.873899463810905,0.832864649428868,0.916956042464631
606,27.1492992992993,0.873733970539053,0.832683053983459,0.916808679631307
607,27.1941741741742,0.873568508607218,0.832501318960405,0.916661537765724
608,27.2390490490491,0.873403078009463,0.832319444790564,0.916514616414321
609,27.2839239239239,0.873237678739856,0.832137431906191,0.916367915122144
610,27.3287987987988,0.873072310792463,0.831955280740922,0.916221433432866
611,27.3736736736737,0.872906974161352,0.831772991729747,0.916075170888813
612,27.4185485485486,0.872741668840594,0.831590565308991,0.915929127030982
613,27.4634234234234,0.872576394824258,0.831408001916292,0.915783301399062
614,27.5082982982983,0.872411152106418,0.831225301990582,0.915637693531459
615,27.5531731731732,0.872245940681144,0.831042465972057,0.915492302965317
616,27.598048048048,0.872080760542513,0.830859494302167,0.915347129236535
617,27.6429229229229,0.871915611684598,0.830676387423586,0.915202171879794
618,27.6877977977978,0.871750494101476,0.830493145780192,0.915057430428577
619,27.7326726726727,0.871585407787225,0.830309769817049,0.914912904415188
620,27.7775475475475,0.871420352735922,0.830126259980382,0.914768593370778
621,27.8224224224224,0.871255328941648,0.829942616717558,0.914624496825362
622,27.8672972972973,0.871090336398484,0.82975884047706,0.914480614307841
623,27.9121721721722,0.87092537510051,0.829574931708473,0.914336945346027
624,27.957047047047,0.870760445041811,0.829390890862457,0.914193489466661
625,28.0019219219219,0.87059554621647,0.829206718390728,0.914050246195434
626,28.0467967967968,0.870430678618572,0.829022414746036,0.913907215057011
627,28.0916716716717,0.870265842242204,0.828837980382145,0.913764395575047
628,28.1365465465465,0.870101037081454,0.828653415753809,0.913621787272216
629,28.1814214214214,0.86993626313041,0.828468721316755,0.913479389670224
630,28.2262962962963,0.869771520383161,0.828283897527661,0.913337202289836
631,28.2711711711712,0.869606808833798,0.828098944844131,0.913195224650891
632,28.316046046046,0.869442128476414,0.827913863724681,0.913053456272329
633,28.3609209209209,0.869277479305102,0.82772865462871,0.912911896672209
634,28.4057957957958,0.869112861313955,0.827543318016488,0.912770545367729
635,28.4506706706707,0.868948274497069,0.827357854349128,0.912629401875248
636,28.4955455455455,0.868783718848541,0.827172264088571,0.912488465710306
637,28.5404204204204,0.868619194362467,0.826986547697561,0.912347736387644
638,28.5852952952953,0.868454701032947,0.826800705639626,0.912207213421226
639,28.6301701701702,0.868290238854081,0.826614738379059,0.912066896324259
640,28.675045045045,0.868125807819969,0.826428646380896,0.911926784609211
641,28.7199199199199,0.867961407924713,0.826242430110898,0.911786877787836
642,28.7647947947948,0.867797039162416,0.826056090035527,0.911647175371189
643,28.8096696696697,0.867632701527184,0.825869626621929,0.911507676869649
644,28.8545445445445,0.86746839501312,0.825683040337913,0.91136838179294
645,28.8994194194194,0.867304119614332,0.825496331651931,0.911229289650147
646,28.9442942942943,0.867139875324927,0.825309501033058,0.91109039994974
647,28.9891691691692,0.866975662139014,0.825122548950973,0.910951712199592
648,29.034044044044,0.866811480050702,0.824935475875939,0.910813225906999
649,29.0789189189189,0.866647329054103,0.82474828227878,0.910674940578698
650,29.1237937937938,0.866483209143329,0.82456096863087,0.910536855720888
651,29.1686686686687,0.866319120312492,0.824373535404103,0.910398970839252
652,29.2135435435435,0.866155062555708,0.824185983070883,0.91026128543897
653,29.2584184184184,0.865991035867091,0.823998312104097,0.910123799024745
654,29.3032932932933,0.865827040240759,0.823810522977102,0.909986511100817
655,29.3481681681682,0.865663075670828,0.823622616163702,0.909849421170985
656,29.393043043043,0.865499142151417,0.823434592138132,0.909712528738626
657,29.4379179179179,0.865335239676647,0.823246451375035,0.90957583330671
658,29.4827927927928,0.865171368240637,0.823058194349448,0.909439334377825
659,29.5276676676677,0.865007527837512,0.82286982153678,0.909303031454191
660,29.5725425425425,0.864843718461393,0.822681333412796,0.90916692403768
661,29.6174174174174,0.864679940106404,0.822492730453595,0.909031011629833
662,29.6622922922923,0.864516192766672,0.822304013135595,0.908895293731882
663,29.7071671671672,0.864352476436323,0.822115181935513,0.908759769844764
664,29.752042042042,0.864188791109484,0.821926237330349,0.908624439469144
665,29.7969169169169,0.864025136780284,0.821737179797363,0.908489302105427
666,29.8417917917918,0.863861513442854,0.821548009814065,0.908354357253781
667,29.8866666666667,0.863697921091323,0.821358727858188,0.908219604414151
668,29.9315415415415,0.863534359719825,0.821169334407677,0.908085043086281
669,29.9764164164164,0.863370829322492,0.820979829940669,0.907950672769728
670,30.0212912912913,0.863207329893459,0.820790214935477,0.90781649296388
671,30.0661661661662,0.863043861426861,0.82060048987057,0.907682503167976
672,30.111041041041,0.862880423916834,0.820410655224556,0.907548702881119
673,30.1559159159159,0.862717017357517,0.820220711476169,0.907415091602298
674,30.2007907907908,0.862553641743048,0.820030659104246,0.907281668830401
675,30.2456656656657,0.862390297067567,0.819840498587716,0.907148434064233
676,30.2905405405405,0.862226983325215,0.819650230405576,0.907015386802534
677,30.3354154154154,0.862063700510134,0.819459855036883,0.906882526543996
678,30.3802902902903,0.861900448616467,0.819269372960731,0.906749852787276
679,30.4251651651652,0.861737227638358,0.819078784656236,0.906617365031017
680,30.47004004004,0.861574037569954,0.81888809060252,0.906485062773861
681,30.5149149149149,0.8614108784054,0.818697291278696,0.906352945514468
682,30.5597897897898,0.861247750138844,0.818506387163851,0.906221012751529
683,30.6046646646647,0.861084652764435,0.81831537873703,0.906089263983785
684,30.6495395395395,0.860921586276323,0.818124266477217,0.90595769871004
685,30.6944144144144,0.860758550668658,0.817933050863327,0.90582631642918
686,30.7392892892893,0.860595545935593,0.817741732374183,0.905695116640183
687,30.7841641641642,0.860432572071281,0.817550311488503,0.905564098842143
688,30.829039039039,0.860269629069876,0.817358788684886,0.905433262534278
689,30.8739139139139,0.860106716925534,0.817167164441794,0.905302607215948
690,30.9187887887888,0.85994383563241,0.816975439237542,0.90517213238667
691,30.9636636636637,0.859780985184664,0.816783613550275,0.905041837546133
692,31.0085385385385,0.859618165576452,0.81659168785796,0.904911722194213
693,31.0534134134134,0.859455376801936,0.816399662638368,0.904781785830987
694,31.0982882882883,0.859292618855276,0.816207538369063,0.904652027956749
695,31.1431631631632,0.859129891730634,0.816015315527381,0.904522448072024
696,31.188038038038,0.858967195422174,0.815822994590421,0.90439304567758
697,31.2329129129129,0.858804529924059,0.81563057603503,0.904263820274446
698,31.2777877877878,0.858641895230455,0.815438060337788,0.904134771363924
699,31.3226626626627,0.858479291335528,0.815245447974991,0.904005898447602
700,31.3675375375375,0.858316718233445,0.815052739422644,0.903877201027372
701,31.4124124124124,0.858154175918377,0.814859935156443,0.903748678605439
702,31.4572872872873,0.857991664384491,0.814667035651758,0.903620330684336
703,31.5021621621622,0.85782918362596,0.81447404138363,0.903492156766939
704,31.547037037037,0.857666733636955,0.814280952826744,0.903364156356481
705,31.5919119119119,0.857504314411649,0.814087770455428,0.90323632895656
706,31.6367867867868,0.857341925944216,0.813894494743633,0.903108674071158
707,31.6816616616617,0.857179568228832,0.81370112616492,0.902981191204652
708,31.7265365365365,0.857017241259672,0.813507665192451,0.902853879861826
709,31.7714114114114,0.856854945030916,0.813314112298974,0.902726739547883
710,31.8162862862863,0.85669267953674,0.81312046795681,0.902599769768461
711,31.8611611611612,0.856530444771325,0.812926732637841,0.902472970029641
712,31.906036036036,0.856368240728852,0.812732906813498,0.902346339837964
713,31.9509109109109,0.856206067403502,0.812538990954747,0.90221987870044
714,31.9957857857858,0.856043924789458,0.812344985532083,0.902093586124559
715,32.0406606606607,0.855881812880905,0.812150891015508,0.901967461618309
716,32.0855355355355,0.855719731672028,0.811956707874528,0.901841504690179
717,32.1304104104104,0.855557681157013,0.811762436578137,0.901715714849178
718,32.1752852852853,0.855395661330047,0.811568077594806,0.901590091604845
719,32.2201601601602,0.855233672185319,0.811373631392473,0.901464634467257
720,32.265035035035,0.855071713717019,0.811179098438529,0.901339342947044
721,32.3099099099099,0.854909785919337,0.81098447919981,0.9012142165554
722,32.3547847847848,0.854747888786465,0.810789774142584,0.901089254804091
723,32.3996596596597,0.854586022312595,0.81059498373254,0.900964457205469
724,32.4445345345345,0.854424186491923,0.810400108434776,0.900839823272483
725,32.4894094094094,0.854262381318643,0.810205148713794,0.900715352518686
726,32.5342842842843,0.854100606786951,0.81001010503348,0.900591044458249
727,32.5791591591592,0.853938862891045,0.809814977857104,0.900466898605973
728,32.624034034034,0.853777149625122,0.8096197676473,0.900342914477293
729,32.6689089089089,0.853615466983383,0.809424474866062,0.900219091588295
730,32.7137837837838,0.853453814960028,0.809229099974735,0.900095429455721
731,32.7586586586587,0.853292193549259,0.809033643433997,0.899971927596984
732,32.8035335335335,0.853130602745278,0.808838105703858,0.899848585530173
733,32.8484084084084,0.852969042542289,0.808642487243646,0.899725402774063
734,32.8932832832833,0.852807512934498,0.808446788511998,0.89960237884813
735,32.9381581581582,0.852646013916111,0.80825100996685,0.899479513272555
736,32.983033033033,0.852484545481334,0.808055152065428,0.899356805568233
737,33.0279079079079,0.852323107624376,0.807859215264241,0.899234255256789
738,33.0727827827828,0.852161700339446,0.807663200019068,0.899111861860578
739,33.1176576576577,0.852000323620755,0.807467106784951,0.8989896249027
740,33.1625325325325,0.851838977462515,0.807270936016188,0.898867543907009
741,33.2074074074074,0.851677661858937,0.80707468816632,0.898745618398117
742,33.2522822822823,0.851516376804237,0.806878363688126,0.898623847901407
743,33.2971571571572,0.851355122292628,0.806681963033613,0.898502231943041
744,33.342032032032,0.851193898318326,0.806485486654006,0.898380770049967
745,33.3869069069069,0.851032704875549,0.806288934999745,0.898259461749928
746,33.4317817817818,0.850871541958515,0.806092308520471,0.898138306571468
747,33.4766566566567,0.850710409561443,0.805895607665019,0.898017304043946
748,33.5215315315315,0.850549307678553,0.805698832881415,0.897896453697536
749,33.5664064064064,0.850388236304067,0.805501984616861,0.897775755063242
750,33.6112812812813,0.850227195432208,0.805305063317732,0.897655207672901
751,33.6561561561562,0.850066185057198,0.805108069429569,0.897534811059191
752,33.701031031031,0.849905205173263,0.804911003397067,0.897414564755642
753,33.7459059059059,0.849744255774628,0.804713865664071,0.89729446829664
754,33.7907807807808,0.849583336855521,0.80451665667357,0.897174521217434
755,33.8356556556557,0.849422448410169,0.804319376867686,0.897054723054146
756,33.8805305305305,0.849261590432801,0.804122026687669,0.896935073343776
757,33.9254054054054,0.849100762917648,0.803924606573891,0.896815571624209
758,33.9702802802803,0.848939965858941,0.803727116965838,0.896696217434221
759,34.0151551551552,0.848779199250911,0.803529558302103,0.89657701031349
760,34.06003003003,0.848618463087794,0.80333193102038,0.896457949802596
761,34.1049049049049,0.848457757363823,0.803134235557457,0.896339035443032
762,34.1497797797798,0.848297082073234,0.802936472349212,0.89622026677721
763,34.1946546546547,0.848136437210263,0.802738641830602,0.896101643348466
764,34.2395295295295,0.847975822769148,0.802540744435661,0.895983164701067
765,34.2844044044044,0.847815238744129,0.802342780597493,0.895864830380217
766,34.3292792792793,0.847654685129445,0.802144750748265,0.895746639932061
767,34.3741541541542,0.847494161919338,0.801946655319201,0.895628592903695
768,34.419029029029,0.847333669108049,0.801748494740579,0.895510688843168
769,34.4639039039039,0.847173206689822,0.80155026944172,0.895392927299488
770,34.5087787787788,0.847012774658901,0.80135197985099,0.895275307822631
771,34.5536536536537,0.846852373009532,0.801153626395787,0.895157829963542
772,34.5985285285285,0.846692001735961,0.80095520950254,0.895040493274143
773,34.6434034034034,0.846531660832436,0.800756729596704,0.894923297307337
774,34.6882782782783,0.846371350293205,0.800558187102751,0.894806241617015
775,34.7331531531532,0.846211070112519,0.800359582444169,0.894689325758058
776,34.778028028028,0.846050820284628,0.800160916043456,0.894572549286345
777,34.8229029029029,0.845890600803784,0.799962188322115,0.894455911758756
778,34.8677777777778,0.845730411664241,0.799763399700648,0.894339412733177
779,34.9126526526527,0.845570252860252,0.799564550598552,0.894223051768505
780,34.9575275275275,0.845410124386073,0.799365641434316,0.894106828424654
781,35.0024024024024,0.84525002623596,0.799166672625415,0.893990742262555
782,35.0472772772773,0.84508995840417,0.798967644588305,0.893874792844166
783,35.0921521521522,0.844929920884963,0.798768557738421,0.893758979732473
784,35.137027027027,0.844769913672597,0.798569412490171,0.893643302491493
785,35.1819019019019,0.844609936761334,0.798370209256931,0.893527760686282
786,35.2267767767768,0.844449990145435,0.798170948451045,0.893412353882937
787,35.2716516516517,0.844290073819162,0.797971630483816,0.893297081648598
788,35.3165265265265,0.844130187776781,0.797772255765506,0.893181943551456
789,35.3614014014014,0.843970332012556,0.797572824705331,0.893066939160751
790,35.4062762762763,0.843810506520753,0.797373337711455,0.892952068046782
791,35.4511511511512,0.843650711295639,0.797173795190992,0.892837329780907
792,35.496026026026,0.843490946331482,0.796974197549997,0.892722723935546
793,35.5409009009009,0.843331211622553,0.796774545193466,0.892608250084187
794,35.5857757757758,0.843171507163121,0.796574838525329,0.892493907801386
795,35.6306506506507,0.843011832947458,0.796375077948453,0.892379696662773
796,35.6755255255255,0.842852188969837,0.796175263864633,0.892265616245055
797,35.7204004004004,0.842692575224531,0.795975396674591,0.892151666126016
798,35.7652752752753,0.842532991705816,0.795775476777973,0.892037845884523
799,35.8101501501502,0.842373438407966,0.795575504573347,0.891924155100529
800,35.855025025025,0.842213915325259,0.795375480458199,0.891810593355074
801,35.8998998998999,0.842054422451974,0.795175404828931,0.891697160230288
802,35.9447747747748,0.841894959782389,0.794975278080858,0.891583855309395
803,35.9896496496496,0.841735527310784,0.794775100608205,0.891470678176715
804,36.0345245245245,0.841576125031441,0.794574872804105,0.891357628417666
805,36.0793993993994,0.841416752938642,0.794374595060597,0.891244705618765
806,36.1242742742743,0.841257411026671,0.794174267768624,0.891131909367635
807,36.1691491491491,0.841098099289812,0.793973891318028,0.891019239253001
808,36.214024024024,0.84093881772235,0.79377346609755,0.890906694864698
809,36.2588988988989,0.840779566318574,0.793572992494831,0.890794275793671
810,36.3037737737738,0.840620345072769,0.793372470896402,0.890681981631973
811,36.3486486486486,0.840461153979226,0.793171901687689,0.890569811972774
812,36.3935235235235,0.840301993032234,0.792971285253009,0.890457766410358
813,36.4383983983984,0.840142862226084,0.792770621975567,0.890345844540126
814,36.4832732732733,0.839983761555069,0.792569912237456,0.8902340459586
815,36.5281481481481,0.839824691013481,0.792369156419655,0.89012237026342
816,36.573023023023,0.839665650595615,0.792168354902024,0.890010817053349
817,36.6178978978979,0.839506640295767,0.79196750806331,0.889899385928275
818,36.6627727727728,0.839347660108232,0.791766616281137,0.889788076489211
819,36.7076476476476,0.839188710027308,0.791565679932009,0.889676888338295
820,36.7525225225225,0.839029790047294,0.791364699391311,0.889565821078795
821,36.7973973973974,0.838870900162489,0.791163675033302,0.889454874315109
822,36.8422722722723,0.838712040367195,0.790962607231117,0.889344047652762
823,36.8871471471471,0.838553210655713,0.790761496356767,0.889233340698414
824,36.932022022022,0.838394411022346,0.790560342781135,0.889122753059856
825,36.9768968968969,0.838235641461398,0.790359146873978,0.889012284346013
826,37.0217717717718,0.838076901967174,0.790157909003922,0.888901934166946
827,37.0666466466466,0.837918192533981,0.789956629538467,0.88879170213385
828,37.1115215215215,0.837759513156125,0.789755308843978,0.888681587859057
829,37.1563963963964,0.837600863827915,0.789553947285695,0.888571590956037
830,37.2012712712713,0.83744224454366,0.789352545227722,0.888461711039395
831,37.2461461461461,0.837283655297671,0.789151103033031,0.888351947724878
832,37.291021021021,0.837125096084259,0.788949621063463,0.88824230062937
833,37.3358958958959,0.836966566897737,0.788748099679724,0.888132769370896
834,37.3807707707708,0.836808067732419,0.788546539241386,0.88802335356862
835,37.4256456456456,0.836649598582619,0.788344940106888,0.887914052842846
836,37.4705205205205,0.836491159442654,0.788143302633533,0.887804866815022
837,37.5153953953954,0.83633275030684,0.78794162717749,0.887695795107733
838,37.5602702702703,0.836174371169495,0.787739914093791,0.887586837344708
839,37.6051451451451,0.836016022024938,0.787538163736334,0.887477993150817
840,37.65002002002,0.83585770286749,0.787336376457881,0.887369262152073
841,37.6948948948949,0.835699413691471,0.787134552610059,0.887260643975628
842,37.7397697697698,0.835541154491205,0.786932692543358,0.887152138249778
843,37.7846446446446,0.835382925261014,0.786730796607132,0.887043744603961
844,37.8295195195195,0.835224725995223,0.786528865149602,0.886935462668757
845,37.8743943943944,0.835066556688157,0.786326898517851,0.886827292075885
846,37.9192692692693,0.834908417334143,0.786124897057826,0.886719232458209
847,37.9641441441441,0.834750307927509,0.785922861114341,0.886611283449733
848,38.009019019019,0.834592228462584,0.785720791031074,0.886503444685601
849,38.0538938938939,0.834434178933697,0.785518687150569,0.886395715802099
850,38.0987687687688,0.834276159335179,0.785316549814235,0.886288096436652
851,38.1436436436436,0.834118169661363,0.785114379362347,0.886180586227828
852,38.1885185185185,0.833960209906581,0.784912176134048,0.886073184815332
853,38.2333933933934,0.833802280065167,0.784709940467346,0.885965891840007
854,38.2782682682683,0.833644380131457,0.784507672699119,0.885858706943837
855,38.3231431431431,0.833486510099787,0.784305373165112,0.885751629769944
856,38.368018018018,0.833328669964494,0.784103042199939,0.885644659962584
857,38.4128928928929,0.833170859719917,0.783900680137083,0.885537797167152
858,38.4577677677678,0.833013079360395,0.783698287308898,0.88543104103018
859,38.5026426426426,0.832855328880268,0.78349586404661,0.885324391199333
860,38.5475175175175,0.832697608273879,0.783293410680313,0.885217847323411
861,38.5923923923924,0.832539917535571,0.783090927538979,0.885111409052346
862,38.6372672672673,0.832382256659686,0.78288841495045,0.885005076037206
863,38.6821421421421,0.83222462564057,0.782685873241443,0.884898847930188
864,38.727017017017,0.832067024472568,0.782483302737551,0.88479272438462
865,38.7718918918919,0.831909453150028,0.782280703763243,0.88468670505496
866,38.8167667667668,0.831751911667298,0.782078076641867,0.884580789596795
867,38.8616416416416,0.831594400018727,0.781875421695646,0.884474977666839
868,38.9065165165165,0.831436918198665,0.781672739245686,0.884369268922932
869,38.9513913913914,0.831279466201463,0.781470029611973,0.884263663024041
870,38.9962662662663,0.831122044021474,0.781267293113374,0.884158159630256
871,39.0411411411411,0.830964651653051,0.781064530067641,0.88405275840279
872,39.086016016016,0.830807289090548,0.780861740791407,0.883947459003976
873,39.1308908908909,0.830649956328322,0.780658925600195,0.883842261097271
874,39.1757657657658,0.830492653360728,0.780456084808414,0.883737164347249
875,39.2206406406406,0.830335380182125,0.780253218729358,0.8836321684196
876,39.2655155155155,0.830178136786871,0.780050327675215,0.883527272981132
877,39.3103903903904,0.830020923169327,0.779847411957063,0.88342247769977
878,39.3552652652653,0.829863739323852,0.779644471884871,0.883317782244547
879,39.4001401401401,0.829706585244809,0.779441507767505,0.883213186285613
880,39.445015015015,0.82954946092656,0.779238519912725,0.883108689494226
881,39.4898898898899,0.829392366363471,0.779035508627188,0.883004291542753
882,39.5347647647648,0.829235301549906,0.778832474216451,0.882899992104669
883,39.5796396396396,0.829078266480232,0.77862941698497,0.882795790854553
884,39.6245145145145,0.828921261148815,0.778426337236105,0.882691687468089
885,39.6693893893894,0.828764285550024,0.778223235272119,0.882587681622065
886,39.7142642642643,0.828607339678229,0.778020111394179,0.882483772994366
887,39.7591391391391,0.8284504235278,0.777816965902361,0.882379961263979
888,39.804014014014,0.828293537093108,0.77761379909565,0.882276246110986
889,39.8488888888889,0.828136680368527,0.777410611271939,0.882172627216567
890,39.8937637637638,0.827979853348429,0.777207402728038,0.882069104262992
891,39.9386386386386,0.827823056027191,0.777004173759667,0.881965676933626
892,39.9835135135135,0.827666288399186,0.776800924661465,0.881862344912922
893,40.0283883883884,0.827509550458793,0.776597655726988,0.881759107886421
894,40.0732632632633,0.82735284220039,0.776394367248711,0.881655965540752
895,40.1181381381381,0.827196163618355,0.776191059518034,0.881552917563625
896,40.163013013013,0.827039514707068,0.775987732825277,0.881449963643835
897,40.2078878878879,0.826882895460911,0.77578438745969,0.881347103471256
898,40.2527627627628,0.826726305874266,0.775581023709446,0.88124433673684
899,40.2976376376376,0.826569745941516,0.775377641861652,0.881141663132616
900,40.3425125125125,0.826413215657045,0.775174242202345,0.881039082351686
901,40.3873873873874,0.826256715015239,0.774970825016496,0.880936594088225
902,40.4322622622623,0.826100244010484,0.774767390588013,0.880834198037478
903,40.4771371371371,0.825943802637169,0.774563939199741,0.880731893895758
904,40.522012012012,0.82578739088968,0.774360471133466,0.880629681360442
905,40.5668868868869,0.825631008762409,0.774156986669916,0.880527560129973
906,40.6117617617618,0.825474656249746,0.773953486088765,0.880425529903854
907,40.6566366366366,0.825318333346082,0.773749969668632,0.880323590382648
908,40.7015115115115,0.825162040045811,0.773546437687085,0.880221741267974
909,40.7463863863864,0.825005776343326,0.773342890420645,0.880119982262507
910,40.7912612612613,0.824849542233023,0.773139328144786,0.880018313069973
911,40.8361361361361,0.824693337709296,0.772935751133936,0.87991673339515
912,40.881011011011,0.824537162766545,0.772732159661482,0.879815242943863
913,40.9258858858859,0.824381017399165,0.772528553999773,0.879713841422983
914,40.9707607607608,0.824224901601558,0.772324934420119,0.879612528540424
915,41.0156356356356,0.824068815368123,0.772121301192794,0.879511304005142
916,41.0605105105105,0.823912758693261,0.771917654587042,0.87941016752713
917,41.1053853853854,0.823756731571375,0.771713994871074,0.879309118817418
918,41.1502602602603,0.823600733996868,0.771510322312076,0.879208157588072
919,41.1951351351351,0.823444765964145,0.771306637176205,0.879107283552187
920,41.24001001001,0.823288827467612,0.771102939728597,0.879006496423888
921,41.2848848848849,0.823132918501674,0.770899230233367,0.878905795918327
922,41.3297597597598,0.82297703906074,0.770695508953613,0.878805181751679
923,41.3746346346346,0.822821189139219,0.770491776151414,0.878704653641143
924,41.4195095095095,0.822665368731519,0.770288032087839,0.878604211304936
925,41.4643843843844,0.822509577832053,0.770084277022943,0.878503854462291
926,41.5092592592593,0.822353816435232,0.769880511215775,0.878403582833458
927,41.5541341341341,0.822198084535469,0.769676734924378,0.878303396139696
928,41.599009009009,0.822042382127178,0.769472948405791,0.878203294103275
929,41.6438838838839,0.821886709204774,0.769269151916051,0.878103276447472
930,41.6887587587588,0.821731065762673,0.769065345710199,0.878003342896567
931,41.7336336336336,0.821575451795293,0.768861530042278,0.877903493175844
932,41.7785085085085,0.821419867297052,0.76865770516534,0.877803727011583
933,41.8233833833834,0.821264312262369,0.768453871331445,0.877704044131064
934,41.8682582582583,0.821108786685664,0.768250028791666,0.877604444262558
935,41.9131331331331,0.82095329056136,0.768046177796089,0.877504927135328
936,41.958008008008,0.820797823883877,0.767842318593818,0.877405492479629
937,42.0028828828829,0.820642386647642,0.767638451432978,0.877306140026698
938,42.0477577577578,0.820486978847076,0.767434576560714,0.877206869508757
939,42.0926326326326,0.820331600476607,0.767230694223198,0.87710768065901
940,42.1375075075075,0.820176251530661,0.767026804665629,0.87700857321164
941,42.1823823823824,0.820020932003666,0.766822908132236,0.876909546901801
942,42.2272572572573,0.81986564189005,0.766619004866282,0.876810601465626
943,42.2721321321321,0.819710381184244,0.766415095110064,0.876711736640213
944,42.317007007007,0.819555149880678,0.76621117910492,0.876612952163632
945,42.3618818818819,0.819399947973785,0.766007257091226,0.876514247774915
946,42.4067567567568,0.819244775457998,0.765803329308403,0.876415623214059
947,42.4516316316316,0.81908963232775,0.76559939599492,0.876317078222016
948,42.4965065065065,0.818934518577477,0.765395457388292,0.8762186125407
949,42.5413813813814,0.818779434201615,0.765191513725088,0.876120225912976
950,42.5862562562563,0.818624379194601,0.764987565240931,0.876021918082661
951,42.6311311311311,0.818469353550874,0.764783612170502,0.875923688794523
952,42.676006006006,0.818314357264872,0.764579654747539,0.875825537794271
953,42.7208808808809,0.818159390331038,0.764375693204847,0.875727464828562
954,42.7657557557558,0.818004452743811,0.764171727774294,0.875629469644992
955,42.8106306306306,0.817849544497634,0.763967758686815,0.875531551992093
956,42.8555055055055,0.817694665586952,0.76376378617242,0.875433711619335
957,42.9003803803804,0.817539816006208,0.763559810460188,0.875335948277118
958,42.9452552552553,0.817384995749849,0.763355831778278,0.875238261716772
959,42.9901301301301,0.817230204812321,0.763151850353927,0.875140651690554
960,43.035005005005,0.817075443188071,0.762947866413453,0.875043117951645
961,43.0798798798799,0.816920710871549,0.76274388018226,0.874945660254147
962,43.1247547547548,0.816766007857205,0.76253989188484,0.87484827835308
963,43.1696296296296,0.81661133413949,0.762335901744774,0.874750972004381
964,43.2145045045045,0.816456689712855,0.762131909984736,0.874653740964899
965,43.2593793793794,0.816302074571754,0.761927916826498,0.874556584992391
966,43.3042542542543,0.81614748871064,0.761723922490928,0.874459503845525
967,43.3491291291291,0.81599293212397,0.761519927197998,0.874362497283871
968,43.394004004004,0.815838404806198,0.761315931166782,0.874265565067901
969,43.4388788788789,0.815683906751783,0.761111934615461,0.874168706958987
970,43.4837537537538,0.815529437955182,0.76090793776133,0.874071922719395
971,43.5286286286286,0.815374998410855,0.760703940820791,0.873975212112286
972,43.5735035035035,0.815220588113263,0.760499944009364,0.873878574901712
973,43.6183783783784,0.815066207056867,0.760295947541689,0.87378201085261
974,43.6632532532533,0.814911855236129,0.760091951631525,0.873685519730803
975,43.7081281281281,0.814757532645513,0.759887956491754,0.873589101302999
976,43.753003003003,0.814603239279483,0.759683962334387,0.87349275533678
977,43.7978778778779,0.814448975132505,0.759479969370563,0.873396481600608
978,43.8427527527528,0.814294740199046,0.759275977810555,0.873300279863819
979,43.8876276276276,0.814140534473574,0.759071987863768,0.873204149896617
980,43.9325025025025,0.813986357950557,0.758867999738749,0.873108091470075
981,43.9773773773774,0.813832210624465,0.758664013643181,0.873012104356133
982,44.0222522522523,0.813678092489769,0.758460029783896,0.872916188327591
983,44.0671271271271,0.813524003540942,0.758256048366868,0.87282034315811
984,44.112002002002,0.813369943772455,0.758052069597221,0.872724568622207
985,44.1568768768769,0.813215913178783,0.757848093679234,0.872628864495252
986,44.2017517517518,0.813061911754401,0.757644120816336,0.872533230553469
987,44.2466266266266,0.812907939493785,0.757440151211118,0.872437666573928
988,44.2915015015015,0.812753996391412,0.75723618506533,0.872342172334544
989,44.3363763763764,0.812600082441762,0.757032222579882,0.872246747614076
990,44.3812512512512,0.812446197639311,0.756828263954856,0.872151392192123
991,44.4261261261261,0.812292341978542,0.756624309389498,0.872056105849119
992,44.471001001001,0.812138515453935,0.756420359082229,0.871960888366335
993,44.5158758758759,0.811984718059973,0.756216413230641,0.871865739525871
994,44.5607507507507,0.81183094979114,0.756012472031506,0.871770659110658
995,44.6056256256256,0.811677210641919,0.755808535680776,0.87167564690445
996,44.6505005005005,0.811523500606795,0.755604604373584,0.871580702691826
997,44.6953753753754,0.811369819680258,0.755400678304251,0.871485826258186
998,44.7402502502502,0.811216167856792,0.755196757666284,0.871391017389743
999,44.7851251251251,0.811062545130887,0.754992842652383,0.871296275873531
1000,44.83,0.810908951497033,0.754788933454443,0.87120160149739
