age,sex,population ,mortality_rate,pyld_rate,incidence_ihd,case_fatality_ihd,dw_ihd,x_prev_ihd,incidence_istroke,case_fatality_istroke,dw_istroke,x_prev_istroke,incidence_diabetes,case_fatality_diabetes,dw_diabetes,x_prev_diabetes,incidence_breast_cancer,case_fatality_breast_cancer,dw_breast_cancer,x_prev_breast_cancer,incidence_colon_cancer,case_fatality_colon_cancer,dw_colon_cancer,x_inc_colon_cancer,x_all_other_per_person,diabetes_inc_trend,ihd_inc_trend,istroke_inc_trend,breast_cancer_inc_trend,colon_cancer_inc_trend,diabetes_case_fatality_trend,ihd_case_fatality_trend,istroke_case_fatality_trend,breast_cancer_case_fatality_trend,colon_cancer_case_fatality_trend
0,Males,39312,0.002340252,0.025029196,0,0,0.08122247,3965.35644,0,0,0.176791228,2982.224571,0.0001,0,0.048517017,674.5924829,,,0,,0,0,0,23412.21756,2691.232758,1,1,1,1,1,1,1,1,1,1
1,Males,40102,0.000224428,0.028888852,0,0,0.08122247,3965.35644,0,0,0.176791228,2982.224571,0.0001,0,0.048517017,674.5924829,,,0,,0,0,0,23412.21756,2691.232758,0.991887055,0.968179017,0.971522639,1,0.96558587,0.988359594,0.976854688,0.979296466,1,1
2,Males,40717,0.000147359,0.033343691,0,0,0.08122247,3965.35644,0,0,0.176791228,2982.224571,0.0001,0,0.048517017,674.5924829,,,0,,0,0,0,23412.21756,2691.232758,0.98383993,0.937370609,0.943856239,1,0.932356072,0.976854688,0.954245081,0.959021569,1,1
3,Males,40542,0.000123329,0.038485493,0,0,0.08122247,3965.35644,0,0,0.176791228,2982.224571,0.0001,0,0.048517017,674.5924829,,,0,,0,0,0,23412.21756,2556.960382,0.975858091,0.907542554,0.916977704,1,0.900269849,0.965483703,0.932158781,0.939166433,1,1
4,Males,39746,0.000226438,0.044420192,0,0,0.08122247,3965.35644,0,0,0.176791228,2982.224571,0.0002,0,0.048517017,674.5924829,,,0,,0,0,0,23412.21756,2422.688005,0.967941009,0.878663658,0.890864599,1,0.869287845,0.954245081,0.910583676,0.919722369,1,1
5,Males,39670,7.56E-05,0.051270059,0,0,0.077303362,3965.35644,0,0,0.175075045,2982.224571,0.0002,0,0.048139452,674.5924829,,,0,,0,0,0,23412.21756,2288.415629,0.960088157,0.850703717,0.865495127,1,0.83937206,0.943137282,0.889507932,0.900680866,1,1
6,Males,39237,0.000101945,0.053901901,0,0,0.077303362,3965.35644,0,0,0.175075045,2982.224571,0.0002,0,0.048139452,674.5924829,,,0,,0,0,0,23412.21756,2154.143252,0.952299015,0.823633488,0.84084811,1,0.8104858,0.932158781,0.868919994,0.882033589,1,1
7,Males,38964,0,0.056668843,0,0,0.077303362,3965.35644,0,0,0.175075045,2982.224571,0.0002,0,0.048139452,674.5924829,,,0,,0,0,0,23412.21756,2019.870876,0.944573065,0.797424661,0.816902975,1,0.782593636,0.921308075,0.848808569,0.863772377,1,1
8,Males,38732,0,0.05957782,0,0,0.077303362,3965.35644,0,0,0.175075045,2982.224571,0.0003,0,0.048139452,674.5924829,,,0,,0,0,0,23412.21756,1885.598499,0.936909796,0.772049824,0.793639735,1,0.755661357,0.910583676,0.82916263,0.845889237,1,1
9,Males,37675,5.31E-05,0.062636123,0,0,0.077303362,3965.35644,0,0,0.175075045,2982.224571,0.0003,0,0.048139452,674.5924829,,,0,,0,0,0,23412.21756,1751.326123,0.929308699,0.74748244,0.77103897,1,0.729655929,0.899984112,0.809971402,0.82837634,1,1
10,Males,36277,0.000110263,0.065851418,0,0,0.079899923,3965.35644,0,0,0.178035133,2982.224571,0.0003,0,0.051065474,674.5924829,,,0,,0,0,0,23412.21756,1617.053747,0.921769269,0.723696813,0.749081815,1,0.704545455,0.889507932,0.791224362,0.811226023,1,1
11,Males,35871,0.000111511,0.066962231,0,0,0.079899923,3965.35644,0,0,0.178035133,2982.224571,0.0003,0,0.051065474,674.5924829,,,0,,0,0,0,23412.21756,1646.519551,0.921769269,0.723696813,0.749081815,1,0.704545455,0.889507932,0.791224362,0.811226023,1,1
12,Males,35325,0,0.068091782,0,0,0.079899923,3965.35644,0,0,0.178035133,2982.224571,0.0003,0,0.051065474,674.5924829,,,0,,0,0,0,23412.21756,1675.985356,0.921769269,0.723696813,0.749081815,1,0.704545455,0.889507932,0.791224362,0.811226023,1,1
13,Males,34912,0.000171861,0.069240386,0,0,0.079899923,3965.35644,0,0,0.178035133,2982.224571,0.0004,0,0.051065474,674.5924829,,,0,,0,0,0,23412.21756,1705.45116,0.921769269,0.723696813,0.749081815,1,0.704545455,0.889507932,0.791224362,0.811226023,1,1
14,Males,35210,0.000142005,0.070408366,0,0,0.079899923,3965.35644,0,0,0.178035133,2982.224571,0.0004,0,0.051065474,674.5924829,,,0,,0,0,0,23412.21756,1734.916965,0.921769269,0.723696813,0.749081815,1,0.704545455,0.889507932,0.791224362,0.811226023,1,1
15,Males,35526,0.000253336,0.071596047,0,0,0.083112921,3965.35644,0,0,0.180704499,2982.224571,0.0004,0,0.0579432,674.5924829,,,0,,0,0,0.075000479,23412.21756,1764.382769,0.921769269,0.723696813,0.749081815,1,0.704545455,0.889507932,0.791224362,0.811226023,1,1
16,Males,36299,0.000358137,0.074253469,0,0,0.083112921,3965.35644,0,0,0.180704499,2982.224571,0.0004,0,0.0579432,674.5924829,,,0,,0,0,0.075000479,23412.21756,1793.848574,0.921769269,0.723696813,0.749081815,1,0.704545455,0.889507932,0.791224362,0.811226023,1,1
17,Males,37496,0.000373373,0.077009525,0,0,0.083112921,3965.35644,0,0,0.180704499,2982.224571,0.0004,0,0.0579432,674.5924829,,,0,,0,0,0.075000479,23412.21756,1823.314378,0.921769269,0.723696813,0.749081815,1,0.704545455,0.889507932,0.791224362,0.811226023,1,1
18,Males,39135,0.000332183,0.079867878,0,0,0.083112921,3965.35644,0,0,0.180704499,2982.224571,0.0004,0,0.0579432,674.5924829,,,0,,0,0,0.075000479,23412.21756,1852.780183,0.921769269,0.723696813,0.749081815,1,0.704545455,0.889507932,0.791224362,0.811226023,1,1
19,Males,41505,0.000433683,0.082832324,0,0.0004,0.083112921,3965.35644,0,0,0.180704499,2982.224571,0.0004,0,0.0579432,674.5924829,,,0,,0,0,0.075000479,23412.21756,1882.245987,0.921769269,0.723696813,0.749081815,1,0.704545455,0.889507932,0.791224362,0.811226023,1,1
20,Males,43787,0.000456757,0.0859068,0,0.0012,0.087152628,3965.35644,0,0,0.184513934,2982.224571,0.0004,0.0001,0.064449271,674.5924829,,,0,,0,0,0.073533043,23412.21756,1911.711792,0.921769269,0.723696813,0.749081815,1,0.704545455,0.889507932,0.791224362,0.811226023,1,1
21,Males,44538,0.000449055,0.087312803,0,0.0023,0.087152628,3965.35644,0,0,0.184513934,2982.224571,0.0004,0.0002,0.064449271,674.5924829,,,0,,0,0,0.073533043,23412.21756,1907.346108,0.921769269,0.723696813,0.749081815,1,0.704545455,0.889507932,0.791224362,0.811226023,1,1
22,Males,44835,0.000289952,0.088741817,0,0.0038,0.087152628,3965.35644,0,0,0.184513934,2982.224571,0.0005,0.0003,0.064449271,674.5924829,,,0,,0,0,0.073533043,23412.21756,1902.980424,0.921769269,0.723696813,0.749081815,1,0.704545455,0.889507932,0.791224362,0.811226023,1,1
23,Males,45813,0.000458385,0.090194219,0,0.0058,0.087152628,3965.35644,0,0,0.184513934,2982.224571,0.0005,0.0004,0.064449271,674.5924829,,,0,,0,0,0.073533043,23412.21756,1898.614741,0.921769269,0.723696813,0.749081815,1,0.704545455,0.889507932,0.791224362,0.811226023,1,1
24,Males,47326,0.000507121,0.091670392,0.0001,0.0081,0.087152628,3965.35644,0,0,0.184513934,2982.224571,0.0005,0.0005,0.064449271,674.5924829,,,0,,0,0,0.073533043,23412.21756,1894.249057,0.921769269,0.723696813,0.749081815,1,0.704545455,0.889507932,0.791224362,0.811226023,1,1
25,Males,48077,0.000519999,0.093170725,0.0001,0.0108,0.096068062,3965.35644,0,0,0.182645782,2982.224571,0.0006,0.0007,0.071427149,674.5924829,,,0,,0,0.0009,0.097416868,23412.21756,1889.883374,0.921769269,0.723696813,0.749081815,1,0.704545455,0.889507932,0.791224362,0.811226023,1,1
26,Males,47420,0.000632644,0.094281573,0.0001,0.0135,0.096068062,3965.35644,0,0,0.182645782,2982.224571,0.0007,0.0008,0.071427149,674.5924829,,,0,,0,0.0027,0.097416868,23412.21756,1885.51769,0.921769269,0.723696813,0.749081815,1,0.704545455,0.889507932,0.791224362,0.811226023,1,1
27,Males,47481,0.000463343,0.095405666,0.0001,0.0162,0.096068062,3965.35644,0,0,0.182645782,2982.224571,0.0008,0.0008,0.071427149,674.5924829,,,0,,0,0.0055,0.097416868,23412.21756,1881.152006,0.921769269,0.723696813,0.749081815,1,0.704545455,0.889507932,0.791224362,0.811226023,1,1
28,Males,47090,0.00046719,0.096543161,0.0001,0.0189,0.096068062,3965.35644,0,0,0.182645782,2982.224571,0.0009,0.0009,0.071427149,674.5924829,,,0,,0,0.0091,0.097416868,23412.21756,1876.786323,0.921769269,0.723696813,0.749081815,1,0.704545455,0.889507932,0.791224362,0.811226023,1,1
29,Males,47134,0.000806212,0.097694218,0.0001,0.0216,0.096068062,3965.35644,0,0,0.182645782,2982.224571,0.001,0.0009,0.071427149,674.5924829,,,0,,0,0.0137,0.097416868,23412.21756,1872.420639,0.921769269,0.723696813,0.749081815,1,0.704545455,0.889507932,0.791224362,0.811226023,1,1
30,Males,46920,0.000618073,0.098858999,0.0001,0.0243,0.098072846,3965.35644,0,0,0.175553608,2982.224571,0.0011,0.0008,0.076210586,674.5924829,,,0,,0,0.0192,0.105621957,23412.21756,1868.054956,0.921769269,0.723696813,0.749081815,1,0.704545455,0.889507932,0.791224362,0.811226023,1,1
31,Males,46504,0.000817134,0.100291223,0.0001,0.0271,0.098072846,3965.35644,0,0,0.175553608,2982.224571,0.0013,0.0008,0.076210586,674.5924829,,,0,,0,0.0241,0.105621957,23412.21756,1886.241024,0.921769269,0.723696813,0.749081815,1,0.704545455,0.889507932,0.791224362,0.811226023,1,1
32,Males,46347,0.000927784,0.101744196,0.0001,0.03,0.098072846,3965.35644,0,0,0.175553608,2982.224571,0.0014,0.0007,0.076210586,674.5924829,,,0,,0,0.0276,0.105621957,23412.21756,1904.427093,0.921769269,0.723696813,0.749081815,1,0.704545455,0.889507932,0.791224362,0.811226023,1,1
33,Males,45331,0.000705919,0.103218219,0.0002,0.0331,0.098072846,3965.35644,0,0,0.175553608,2982.224571,0.0016,0.0007,0.076210586,674.5924829,,,0,,0,0.0298,0.105621957,23412.21756,1922.613162,0.921769269,0.723696813,0.749081815,1,0.704545455,0.889507932,0.791224362,0.811226023,1,1
34,Males,44405,0.000900799,0.104713598,0.0002,0.0362,0.098072846,3965.35644,0,0,0.175553608,2982.224571,0.0018,0.0006,0.076210586,674.5924829,,,0,,0,0.0304,0.105621957,23412.21756,1940.799231,0.921769269,0.723696813,0.749081815,1,0.704545455,0.889507932,0.791224362,0.811226023,1,1
35,Males,42770,0.001005378,0.10623064,0.0002,0.0395,0.08881225,3965.35644,0.0001,0,0.181179632,2982.224571,0.002,0.0006,0.07823998,674.5924829,,,0,,0.0001,0.0297,0.104758132,23412.21756,1958.985299,0.921769269,0.723696813,0.749081815,1,0.704545455,0.889507932,0.791224362,0.811226023,1,1
36,Males,41313,0.001016629,0.107308188,0.0003,0.0429,0.08881225,3965.35644,0.0001,0,0.181179632,2982.224571,0.0022,0.0005,0.07823998,674.5924829,,,0,,0.0001,0.0275,0.104758132,23412.21756,1977.171368,0.921769269,0.723696813,0.749081815,1,0.704545455,0.889507932,0.791224362,0.811226023,1,1
37,Males,40458,0.000963963,0.108396666,0.0003,0.0457,0.08881225,3965.35644,0.0001,0.0002,0.181179632,2982.224571,0.0024,0.0005,0.07823998,674.5924829,,,0,,0.0001,0.0244,0.104758132,23412.21756,1995.357437,0.921769269,0.723696813,0.749081815,1,0.704545455,0.889507932,0.791224362,0.811226023,1,1
38,Males,39842,0.001305155,0.109496184,0.0004,0.0477,0.08881225,3965.35644,0.0001,0.0004,0.181179632,2982.224571,0.0026,0.0005,0.07823998,674.5924829,,,0,,0.0001,0.0216,0.104758132,23412.21756,2013.543505,0.921769269,0.723696813,0.749081815,1,0.704545455,0.889507932,0.791224362,0.811226023,1,1
39,Males,39907,0.00115268,0.110606856,0.0004,0.0491,0.08881225,3965.35644,0.0001,0.0009,0.181179632,2982.224571,0.0029,0.0005,0.07823998,674.5924829,,,0,,0.0001,0.0192,0.104758132,23412.21756,2031.729574,0.921769269,0.723696813,0.749081815,1,0.704545455,0.889507932,0.791224362,0.811226023,1,1
40,Males,39975,0.001450907,0.111728794,0.0005,0.0497,0.075748293,3965.35644,0.0001,0.0015,0.173905344,2982.224571,0.0031,0.0005,0.080405361,674.5924829,,,0,,0.0001,0.0172,0.078464424,23412.21756,2049.915643,0.921769269,0.723696813,0.749081815,1,0.704545455,0.889507932,0.791224362,0.811226023,1,1
41,Males,40592,0.001404218,0.112808079,0.0006,0.0497,0.075748293,3965.35644,0.0001,0.0022,0.173905344,2982.224571,0.0033,0.0005,0.080405361,674.5924829,,,0,,0.0001,0.0156,0.078464424,23412.21756,2106.751998,0.921769269,0.723696813,0.749081815,1,0.704545455,0.889507932,0.791224362,0.811226023,1,1
42,Males,40876,0.001223212,0.113897789,0.0007,0.0489,0.075748293,3965.35644,0.0001,0.0031,0.173905344,2982.224571,0.0035,0.0005,0.080405361,674.5924829,,,0,,0.0001,0.0144,0.078464424,23412.21756,2163.588353,0.921769269,0.723696813,0.749081815,1,0.704545455,0.889507932,0.791224362,0.811226023,1,1
43,Males,41849,0.001720471,0.114998027,0.0008,0.0474,0.075748293,3965.35644,0.0001,0.0039,0.173905344,2982.224571,0.0038,0.0005,0.080405361,674.5924829,,,0,,0.0001,0.0138,0.078464424,23412.21756,2220.424709,0.921769269,0.723696813,0.749081815,1,0.704545455,0.889507932,0.791224362,0.811226023,1,1
44,Males,42414,0.001909747,0.116108892,0.0009,0.0461,0.075748293,3965.35644,0.0001,0.0047,0.173905344,2982.224571,0.004,0.0005,0.080405361,674.5924829,,,0,,0.0001,0.0136,0.078464424,23412.21756,2277.261064,0.921769269,0.723696813,0.749081815,1,0.704545455,0.889507932,0.791224362,0.811226023,1,1
45,Males,41116,0.001580893,0.117230488,0.0011,0.0449,0.072118587,3965.35644,0.0001,0.0052,0.178768107,2982.224571,0.0043,0.0006,0.082109131,674.5924829,,,0,,0.0002,0.0137,0.099380066,23412.21756,2334.097419,0.921769269,0.723696813,0.749081815,1,0.704545455,0.889507932,0.791224362,0.811226023,1,1
46,Males,40228,0.00206324,0.119097981,0.0012,0.0437,0.072118587,3965.35644,0.0001,0.0057,0.178768107,2982.224571,0.0045,0.0006,0.082109131,674.5924829,,,0,,0.0002,0.0141,0.099380066,23412.21756,2390.933774,0.921769269,0.723696813,0.749081815,1,0.704545455,0.889507932,0.791224362,0.811226023,1,1
47,Males,39268,0.002215544,0.120995224,0.0014,0.0427,0.072118587,3965.35644,0.0002,0.006,0.178768107,2982.224571,0.0048,0.0006,0.082109131,674.5924829,,,0,,0.0002,0.0147,0.099380066,23412.21756,2447.77013,0.921769269,0.723696813,0.749081815,1,0.704545455,0.889507932,0.791224362,0.811226023,1,1
48,Males,37788,0.002593416,0.122922689,0.0016,0.0417,0.072118587,3965.35644,0.0002,0.0062,0.178768107,2982.224571,0.005,0.0006,0.082109131,674.5924829,,,0,,0.0003,0.0157,0.099380066,23412.21756,2504.606485,0.921769269,0.723696813,0.749081815,1,0.704545455,0.889507932,0.791224362,0.811226023,1,1
49,Males,37505,0.002426343,0.12488086,0.0018,0.0408,0.072118587,3965.35644,0.0002,0.0063,0.178768107,2982.224571,0.0053,0.0007,0.082109131,674.5924829,,,0,,0.0003,0.0167,0.099380066,23412.21756,2561.44284,0.921769269,0.723696813,0.749081815,1,0.704545455,0.889507932,0.791224362,0.811226023,1,1
50,Males,37283,0.002521256,0.126870224,0.0019,0.0399,0.066905618,3965.35644,0.0002,0.0064,0.176343896,2982.224571,0.0055,0.0007,0.08264683,674.5924829,,,0,,0.0003,0.0175,0.087528099,23412.21756,2618.279195,0.921769269,0.723696813,0.749081815,1,0.704545455,0.889507932,0.791224362,0.811226023,1,1
51,Males,37914,0.003428813,0.130239084,0.0021,0.0389,0.066905618,3834.958992,0.0002,0.0065,0.176343896,3345.498283,0.0058,0.0007,0.08264683,695.5303052,,,0,,0.0004,0.018,0.087528099,23434.53992,2762.58749,0.921769269,0.723696813,0.749081815,1,0.704545455,0.889507932,0.791224362,0.811226023,1,1
52,Males,38389,0.00268306,0.1336974,0.0023,0.0379,0.066905618,3704.561543,0.0003,0.0068,0.176343896,3708.771996,0.0061,0.0008,0.08264683,716.4681275,,,0,,0.0004,0.0182,0.087528099,23456.86228,2906.895784,0.921769269,0.723696813,0.749081815,1,0.704545455,0.889507932,0.791224362,0.811226023,1,1
53,Males,38262,0.003293085,0.137247546,0.0025,0.0368,0.066905618,3574.164095,0.0003,0.007,0.176343896,4072.045708,0.0064,0.0008,0.08264683,737.4059499,,,0,,0.0005,0.0182,0.087528099,23479.18463,3051.204078,0.921769269,0.723696813,0.749081815,1,0.704545455,0.889507932,0.791224362,0.811226023,1,1
54,Males,37824,0.003807107,0.140891962,0.0027,0.0357,0.066905618,3443.766647,0.0003,0.0073,0.176343896,4435.31942,0.0067,0.0008,0.08264683,758.3437722,,,0,,0.0005,0.018,0.087528099,23501.50699,3195.512372,0.921769269,0.723696813,0.749081815,1,0.704545455,0.889507932,0.791224362,0.811226023,1,1
55,Males,36792,0.003479017,0.144633149,0.0029,0.0348,0.065466146,3313.369198,0.0003,0.0078,0.17627573,4798.593132,0.007,0.0009,0.081788613,779.2815945,,,0,,0.0006,0.0176,0.099160035,23523.82934,3339.820667,0.921769269,0.723696813,0.749081815,1,0.704545455,0.889507932,0.791224362,0.811226023,1,1
56,Males,36122,0.004152594,0.149179945,0.0032,0.0343,0.065466146,3182.97175,0.0004,0.0085,0.17627573,5161.866845,0.0073,0.001,0.081788613,800.2194168,,,0,,0.0007,0.0173,0.099160035,23546.1517,3484.128961,0.921769269,0.723696813,0.749081815,1,0.704545455,0.889507932,0.791224362,0.811226023,1,1
57,Males,35062,0.00473447,0.153869678,0.0034,0.0341,0.065466146,3052.574302,0.0004,0.0092,0.17627573,5525.140557,0.0075,0.001,0.081788613,821.1572391,,,0,,0.0008,0.0171,0.099160035,23568.47406,3628.437255,0.921769269,0.723696813,0.749081815,1,0.704545455,0.889507932,0.791224362,0.811226023,1,1
58,Males,34129,0.005977321,0.15870684,0.0037,0.0342,0.065466146,2922.176853,0.0005,0.0101,0.17627573,5888.414269,0.0077,0.0011,0.081788613,842.0950615,,,0,,0.0009,0.017,0.099160035,23590.79641,3772.745549,0.921769269,0.723696813,0.749081815,1,0.704545455,0.889507932,0.791224362,0.811226023,1,1
59,Males,33857,0.005050654,0.163696068,0.004,0.0346,0.065466146,2791.779405,0.0005,0.0112,0.17627573,6251.687981,0.0078,0.0012,0.081788613,863.0328838,,,0,,0.001,0.017,0.099160035,23613.11877,3917.053844,0.921769269,0.723696813,0.749081815,1,0.704545455,0.889507932,0.791224362,0.811226023,1,1
60,Males,32493,0.005847413,0.16884214,0.0043,0.0354,0.0726088,2661.381957,0.0006,0.0124,0.183542031,6614.961694,0.0079,0.0014,0.080887908,883.9707061,,,0,,0.0011,0.0171,0.094221262,23635.44113,4061.362138,0.921769269,0.723696813,0.749081815,1,0.704545455,0.889507932,0.791224362,0.811226023,1,1
61,Males,31347,0.006667305,0.174192311,0.0047,0.0362,0.0726088,2618.023954,0.0007,0.0136,0.183542031,7228.963009,0.008,0.0015,0.080887908,897.6543738,,,0,,0.0013,0.0172,0.094221262,23703.35118,4354.893546,0.921769269,0.723696813,0.749081815,1,0.704545455,0.889507932,0.791224362,0.811226023,1,1
62,Males,30935,0.007337967,0.179712014,0.005,0.0368,0.0726088,2574.665951,0.0007,0.0146,0.183542031,7842.964324,0.0079,0.0016,0.080887908,911.3380414,,,0,,0.0014,0.0172,0.094221262,23771.26123,4648.424955,0.921769269,0.723696813,0.749081815,1,0.704545455,0.889507932,0.791224362,0.811226023,1,1
63,Males,30304,0.007391763,0.185406623,0.0053,0.0373,0.0726088,2531.307948,0.0008,0.0154,0.183542031,8456.965639,0.0079,0.0017,0.080887908,925.0217091,,,0,,0.0016,0.017,0.094221262,23839.17129,4941.956364,0.921769269,0.723696813,0.749081815,1,0.704545455,0.889507932,0.791224362,0.811226023,1,1
64,Males,29775,0.00906801,0.19128168,0.0056,0.0375,0.0726088,2487.949945,0.0009,0.0161,0.183542031,9070.966954,0.0078,0.0018,0.080887908,938.7053768,,,0,,0.0018,0.0168,0.094221262,23907.08134,5235.487773,0.921769269,0.723696813,0.749081815,1,0.704545455,0.889507932,0.791224362,0.811226023,1,1
65,Males,29069,0.009976263,0.197342901,0.0059,0.0375,0.073652607,2444.591942,0.0009,0.0167,0.17655795,9684.968269,0.0076,0.0019,0.079778882,952.3890444,,,0,,0.0019,0.0164,0.082548669,23974.99139,5529.019181,0.921769269,0.723696813,0.749081815,1,0.704545455,0.889507932,0.791224362,0.811226023,1,1
66,Males,28408,0.009961983,0.202667538,0.0062,0.0373,0.073652607,2401.233939,0.001,0.017,0.17655795,10298.96958,0.0074,0.002,0.079778882,966.0727121,,,0,,0.0021,0.0158,0.082548669,24042.90145,5822.55059,0.921769269,0.723696813,0.749081815,1,0.704545455,0.889507932,0.791224362,0.811226023,1,1
67,Males,28315,0.012502207,0.208135842,0.0065,0.0372,0.073652607,2357.875936,0.0011,0.0175,0.17655795,10912.9709,0.007,0.0021,0.079778882,979.7563797,,,0,,0.0023,0.0153,0.082548669,24110.8115,6116.081999,0.921769269,0.723696813,0.749081815,1,0.704545455,0.889507932,0.791224362,0.811226023,1,1
68,Males,29030,0.012883224,0.21375169,0.0069,0.0375,0.073652607,2314.517933,0.0012,0.0182,0.17655795,11526.97221,0.0067,0.0022,0.079778882,993.4400474,,,0,,0.0025,0.0149,0.082548669,24178.72156,6409.613407,0.921769269,0.723696813,0.749081815,1,0.704545455,0.889507932,0.791224362,0.811226023,1,1
69,Males,25973,0.012551496,0.219519063,0.0072,0.0383,0.073652607,2271.15993,0.0013,0.0192,0.17655795,12140.97353,0.0063,0.0024,0.079778882,1007.123715,,,0,,0.0027,0.0146,0.082548669,24246.63161,6703.144816,0.921769269,0.723696813,0.749081815,1,0.704545455,0.889507932,0.791224362,0.811226023,1,1
70,Males,23443,0.013436847,0.22544205,0.0076,0.0394,0.086686435,2227.801927,0.0015,0.0204,0.179663039,12754.97484,0.0059,0.0025,0.079944271,1020.807383,,,0,,0.0029,0.0144,0.072391967,24314.54166,6996.676225,0.921769269,0.723696813,0.749081815,1,0.704545455,0.889507932,0.791224362,0.811226023,1,1
71,Males,22055,0.016232147,0.230625298,0.008,0.0408,0.086686435,2207.454918,0.0016,0.0219,0.179663039,13200.44277,0.0054,0.0027,0.079944271,1004.263642,,,0,,0.0031,0.0143,0.072391967,24297.54132,7416.756336,0.921769269,0.723696813,0.749081815,1,0.704545455,0.889507932,0.791224362,0.811226023,1,1
72,Males,20209,0.020139542,0.235927718,0.0084,0.0427,0.086686435,2187.107909,0.0018,0.0236,0.179663039,13645.9107,0.0049,0.0029,0.079944271,987.7199015,,,0,,0.0033,0.0143,0.072391967,24280.54097,7836.836448,0.921769269,0.723696813,0.749081815,1,0.704545455,0.889507932,0.791224362,0.811226023,1,1
73,Males,19562,0.020345568,0.241352048,0.0088,0.0456,0.086686435,2166.7609,0.002,0.0261,0.179663039,14091.37862,0.0044,0.0032,0.079944271,971.1761608,,,0,,0.0035,0.0145,0.072391967,24263.54062,8256.916559,0.921769269,0.723696813,0.749081815,1,0.704545455,0.889507932,0.791224362,0.811226023,1,1
74,Males,18373,0.022206499,0.246901091,0.0093,0.0491,0.086686435,2146.413891,0.0021,0.0293,0.179663039,14536.84655,0.0039,0.0036,0.079944271,954.6324202,,,0,,0.0037,0.0147,0.072391967,24246.54028,8676.996671,0.921769269,0.723696813,0.749081815,1,0.704545455,0.889507932,0.791224362,0.811226023,1,1
75,Males,17254,0.026022951,0.252577716,0.0099,0.0533,0.102529968,2126.066882,0.0023,0.0331,0.17896985,14982.31447,0.0034,0.004,0.081091585,938.0886796,,,0,,0.0039,0.0149,0.056934199,24229.53993,9097.076782,0.921769269,0.723696813,0.749081815,1,0.704545455,0.889507932,0.791224362,0.811226023,1,1
76,Males,16226,0.030136817,0.253757311,0.0104,0.0582,0.102529968,2105.719873,0.0025,0.0376,0.17896985,15427.7824,0.0029,0.0044,0.081091585,921.544939,,,0,,0.0041,0.015,0.056934199,24212.53958,9517.156894,0.921769269,0.723696813,0.749081815,1,0.704545455,0.889507932,0.791224362,0.811226023,1,1
77,Males,15112,0.032887771,0.254942416,0.011,0.0636,0.102529968,2085.372863,0.0026,0.0426,0.17896985,15873.25033,0.0025,0.0049,0.081091585,905.0011983,,,0,,0.0043,0.0152,0.056934199,24195.53924,9937.237005,0.921769269,0.723696813,0.749081815,1,0.704545455,0.889507932,0.791224362,0.811226023,1,1
78,Males,14216,0.034679235,0.256133055,0.0116,0.0698,0.102529968,2065.025854,0.0028,0.0483,0.17896985,16318.71825,0.002,0.0054,0.081091585,888.4574577,,,0,,0.0045,0.0154,0.056934199,24178.53889,10357.31712,0.921769269,0.723696813,0.749081815,1,0.704545455,0.889507932,0.791224362,0.811226023,1,1
79,Males,13288,0.041992775,0.257329255,0.0125,0.0791,0.102529968,2044.678845,0.003,0.0566,0.17896985,16764.18618,0.0016,0.0061,0.081091585,871.9137171,,,0,,0.0047,0.0156,0.056934199,24161.53855,10777.39723,0.921769269,0.723696813,0.749081815,1,0.704545455,0.889507932,0.791224362,0.811226023,1,1
80,Males,11997,0.048678836,0.258531042,0.0135,0.0909,0.136980795,2024.331836,0.0032,0.0669,0.192115004,17209.6541,0.0013,0.007,0.0778293,855.3699764,,,0,,0.005,0.0158,0.061089826,24144.5382,11197.47734,0.921769269,0.723696813,0.749081815,1,0.704545455,0.889507932,0.791224362,0.811226023,1,1
81,Males,11161,0.053489831,0.263766818,0.0146,0.1051,0.136980795,2024.331836,0.0035,0.0792,0.192115004,17209.6541,0.0011,0.0079,0.0778293,855.3699764,,,0,,0.0052,0.016,0.061089826,24144.5382,12601.76801,0.921769269,0.723696813,0.749081815,1,0.704545455,0.889507932,0.791224362,0.811226023,1,1
82,Males,10239,0.057720481,0.266232903,0.016,0.1219,0.136980795,2024.331836,0.0038,0.0935,0.192115004,17209.6541,0.0009,0.009,0.0778293,855.3699764,,,0,,0.0055,0.0162,0.061089826,24144.5382,14006.05867,0.921769269,0.723696813,0.749081815,1,0.704545455,0.889507932,0.791224362,0.811226023,1,1
83,Males,9413,0.064910231,0.26871363,0.0175,0.1412,0.136980795,2024.331836,0.0041,0.1099,0.192115004,17209.6541,0.0007,0.0103,0.0778293,855.3699764,,,0,,0.0058,0.0164,0.061089826,24144.5382,15410.34934,0.921769269,0.723696813,0.749081815,1,0.704545455,0.889507932,0.791224362,0.811226023,1,1
84,Males,8907,0.084877063,0.271208929,0.0192,0.163,0.136980795,2024.331836,0.0045,0.1283,0.192115004,17209.6541,0.0006,0.0117,0.0778293,855.3699764,,,0,,0.0061,0.0166,0.061089826,24144.5382,16814.64001,0.921769269,0.723696813,0.749081815,1,0.704545455,0.889507932,0.791224362,0.811226023,1,1
85,Males,8231,0.090389989,0.273718726,0.0212,0.188,0.136980795,2024.331836,0.005,0.1505,0.192115004,17209.6541,0.0006,0.0133,0.0778293,855.3699764,,,0,,0.0064,0.0167,0.061089826,24144.5382,18218.93067,0.921769269,0.723696813,0.749081815,1,0.704545455,0.889507932,0.791224362,0.811226023,1,1
86,Males,7213,0.109247193,0.276242945,0.0234,0.2135,0.136980795,2024.331836,0.0056,0.1744,0.192115004,17209.6541,0.0006,0.0151,0.0778293,855.3699764,,,0,,0.0068,0.0169,0.061089826,24144.5382,18218.93067,0.921769269,0.723696813,0.749081815,1,0.704545455,0.889507932,0.791224362,0.811226023,1,1
87,Males,6327,0.126284179,0.278781507,0.0259,0.2398,0.136980795,2024.331836,0.0062,0.2002,0.192115004,17209.6541,0.0006,0.017,0.0778293,855.3699764,,,0,,0.0071,0.0171,0.061089826,24144.5382,18218.93067,0.921769269,0.723696813,0.749081815,1,0.704545455,0.889507932,0.791224362,0.811226023,1,1
88,Males,5447,0.131815678,0.28133433,0.0285,0.2666,0.136980795,2024.331836,0.0069,0.2277,0.192115004,17209.6541,0.0005,0.0191,0.0778293,855.3699764,,,0,,0.0075,0.0173,0.061089826,24144.5382,18218.93067,0.921769269,0.723696813,0.749081815,1,0.704545455,0.889507932,0.791224362,0.811226023,1,1
89,Males,4580,0.141484716,0.283901327,0.0313,0.2942,0.136980795,2024.331836,0.0077,0.257,0.192115004,17209.6541,0.0005,0.0213,0.0778293,855.3699764,,,0,,0.0079,0.0174,0.061089826,24144.5382,18218.93067,0.921769269,0.723696813,0.749081815,1,0.704545455,0.889507932,0.791224362,0.811226023,1,1
90,Males,3663,0.168168168,0.286482409,0.0343,0.3223,0.136980795,1866.443609,0.0085,0.288,0.192115004,21820.4806,0.0005,0.0236,0.0778293,794.5206314,,,0,,0.0082,0.0176,0.061089826,25819.48418,18218.93067,0.921769269,0.723696813,0.749081815,1,0.704545455,0.889507932,0.791224362,0.811226023,1,1
91,Males,2902,0.188490696,0.289077485,0.0375,0.3499,0.136980795,1866.443609,0.0095,0.3194,0.192115004,21820.4806,0.0004,0.0262,0.0778293,794.5206314,,,0,,0.0086,0.0178,0.061089826,25819.48418,18218.93067,0.921769269,0.723696813,0.749081815,1,0.704545455,0.889507932,0.791224362,0.811226023,1,1
92,Males,2230,0.210313901,0.291686458,0.0407,0.3763,0.136980795,1866.443609,0.0104,0.3493,0.192115004,21820.4806,0.0004,0.0291,0.0778293,794.5206314,,,0,,0.009,0.0179,0.061089826,25819.48418,18218.93067,0.921769269,0.723696813,0.749081815,1,0.704545455,0.889507932,0.791224362,0.811226023,1,1
93,Males,1702,0.21092832,0.294309229,0.0439,0.4016,0.136980795,1866.443609,0.0114,0.3777,0.192115004,21820.4806,0.0004,0.0321,0.0778293,794.5206314,,,0,,0.0094,0.0181,0.061089826,25819.48418,18218.93067,0.921769269,0.723696813,0.749081815,1,0.704545455,0.889507932,0.791224362,0.811226023,1,1
94,Males,1258,0.251987281,0.296945698,0.0471,0.4256,0.136980795,1866.443609,0.0124,0.4046,0.192115004,21820.4806,0.0004,0.0354,0.0778293,794.5206314,,,0,,0.0098,0.0182,0.061089826,25819.48418,18218.93067,0.921769269,0.723696813,0.749081815,1,0.704545455,0.889507932,0.791224362,0.811226023,1,1
95,Males,882,0.255102041,0.299595757,0.0503,0.4484,0.136980795,1866.443609,0.0133,0.4301,0.192115004,21820.4806,0.0004,0.0388,0.0778293,794.5206314,,,0,,0.0102,0.0183,0.061089826,25819.48418,18218.93067,0.921769269,0.723696813,0.749081815,1,0.704545455,0.889507932,0.791224362,0.811226023,1,1
96,Males,530,0.320754717,0.302259298,0.0534,0.47,0.136980795,1866.443609,0.0143,0.454,0.192115004,21820.4806,0.0003,0.0425,0.0778293,794.5206314,,,0,,0.0106,0.0184,0.061089826,25819.48418,18218.93067,0.921769269,0.723696813,0.749081815,1,0.704545455,0.889507932,0.791224362,0.811226023,1,1
97,Males,355,0.357746479,0.30493621,0.0562,0.4875,0.136980795,1866.443609,0.0152,0.4733,0.192115004,21820.4806,0.0003,0.0458,0.0778293,794.5206314,,,0,,0.011,0.0185,0.061089826,25819.48418,18218.93067,0.921769269,0.723696813,0.749081815,1,0.704545455,0.889507932,0.791224362,0.811226023,1,1
98,Males,236,0.377118644,0.307626378,0.0592,0.5067,0.136980795,1866.443609,0.0161,0.4945,0.192115004,21820.4806,0.0003,0.0494,0.0778293,794.5206314,,,0,,0.0114,0.0186,0.061089826,25819.48418,18218.93067,0.921769269,0.723696813,0.749081815,1,0.704545455,0.889507932,0.791224362,0.811226023,1,1
99,Males,145,0.434482759,0.310329681,0.0619,0.5244,0.136980795,1866.443609,0.017,0.514,0.192115004,21820.4806,0.0003,0.0527,0.0778293,794.5206314,,,0,,0.0117,0.0187,0.061089826,25819.48418,18218.93067,0.921769269,0.723696813,0.749081815,1,0.704545455,0.889507932,0.791224362,0.811226023,1,1
100,Males,210,0.40952381,0.313046,0.063,0.5312,0.136980795,1866.443609,0.0174,0.5215,0.192115004,21820.4806,0.0003,0.054,0.0778293,794.5206314,,,0,,0.0118,0.0188,0.061089826,25819.48418,18218.93067,0.921769269,0.723696813,0.749081815,1,0.704545455,0.889507932,0.791224362,0.811226023,1,1
0,Females,37192,0.002285438,0.023040435,0,0,0.075779404,2451.790013,0,0,0.174948056,1554.574123,0.0001,0,0.049836268,677.0956125,0,0,0,16630.43822,0,0,0,22938.82003,2246.858495,1,1,1,1,1,1,1,1,1,1
1,Females,38010,0.000263089,0.026374972,0,0,0.075779404,2451.790013,0,0,0.174948056,1554.574123,0.0001,0,0.049836268,677.0956125,0,0,0,16630.43822,0,0,0,22938.82003,2246.858495,0.99697329,0.964116416,0.977789427,0.987752356,0.990041571,0.986855978,0.973884722,0.983866738,1,1
2,Females,38606,0.000155416,0.0301921,0,0,0.075779404,2451.790013,0,0,0.174948056,1554.574123,0.0001,0,0.049836268,677.0956125,0,0,0,16630.43822,0,0,0,22938.82003,2246.858495,0.993955741,0.929520464,0.956072163,0.975654718,0.980182312,0.973884722,0.948451452,0.967993758,1,1
3,Females,38198,0.000104718,0.034561664,0,0,0.075779404,2451.790013,0,0,0.174948056,1554.574123,0.0001,0,0.049836268,677.0956125,0,0,0,16630.43822,0,0,0,22938.82003,2193.074154,0.990947325,0.896165938,0.934837253,0.963705246,0.970421236,0.96108396,0.923682379,0.952376861,1,1
4,Females,37356,0.000187386,0.039563615,0,0,0.075779404,2451.790013,0,0,0.174948056,1554.574123,0.0002,0,0.049836268,677.0956125,0,0,0,16630.43822,0,0,0,22938.82003,2139.289814,0.987948015,0.864008293,0.914073981,0.951902128,0.960757365,0.948451452,0.899560156,0.937011915,1,1
5,Females,37653,5.31E-05,0.045289475,0,0,0.076287119,2451.790013,0,0,0.173972843,1554.574123,0.0002,0,0.048174039,677.0956125,0,0,0,16630.43822,0,0,0,22938.82003,2085.505473,0.984957783,0.833004579,0.893771874,0.94024357,0.951189731,0.935984985,0.876067893,0.921894856,1,1
6,Females,37188,8.07E-05,0.048407472,0,0,0.076287119,2451.790013,0,0,0.173972843,1554.574123,0.0002,0,0.048174039,677.0956125,0,0,0,16630.43822,0,0,0,22938.82003,2031.721133,0.981976601,0.803113389,0.873920689,0.928727802,0.941717376,0.923682379,0.853189136,0.907021685,1,1
7,Females,36775,8.16E-05,0.051740131,0,0,0.076287119,2451.790013,0,0,0.173972843,1554.574123,0.0003,0,0.048174039,677.0956125,0,0,0,16630.43822,0,0,0,22938.82003,1977.936793,0.979004443,0.774294802,0.854510409,0.917353075,0.93233935,0.911541477,0.830907865,0.892388466,1,1
8,Females,36531,8.21E-05,0.05530223,0,0,0.076287119,2451.790013,0,0,0.173972843,1554.574123,0.0003,0,0.048174039,677.0956125,0,0,0,16630.43822,0,0,0,22938.82003,1924.152452,0.97604128,0.74651033,0.835531243,0.906117661,0.923054715,0.899560156,0.809208475,0.877991329,1,1
9,Females,35701,5.60E-05,0.059109565,0,0,0.076287119,2451.790013,0,0,0.173972843,1554.574123,0.0004,0,0.048174039,677.0956125,0,0,0,16630.43822,0,0,0,22938.82003,1870.368112,0.973087086,0.719722864,0.816973616,0.895019855,0.91386254,0.887736318,0.788075771,0.863826465,1,1
10,Females,34267,5.84E-05,0.06317902,0,0,0.079041107,2451.790013,0,0,0.177548524,1554.574123,0.0004,0,0.051214173,677.0956125,0,0,0,16630.43822,0,0,0,22938.82003,1816.583771,0.970141834,0.693896628,0.798828163,0.884057971,0.904761905,0.876067893,0.767494953,0.849890126,1,1
11,Females,33657,2.97E-05,0.067290005,0,0,0.079041107,2451.790013,0,0,0.177548524,1554.574123,0.0004,0,0.051214173,677.0956125,0,0,0,16630.43822,0,0,0,22938.82003,1892.062403,0.970141834,0.693896628,0.798828163,0.884057971,0.904761905,0.876067893,0.767494953,0.849890126,1,1
12,Females,33311,3.00E-05,0.071668487,0,0,0.079041107,2451.790013,0,0,0.177548524,1554.574123,0.0004,0,0.051214173,677.0956125,0,0,0,16630.43822,0,0,0,22938.82003,1967.541034,0.970141834,0.693896628,0.798828163,0.884057971,0.904761905,0.876067893,0.767494953,0.849890126,1,1
13,Females,33169,0.000150743,0.076331872,0,0,0.079041107,2451.790013,0,0,0.177548524,1554.574123,0.0004,0,0.051214173,677.0956125,0,0,0,16630.43822,0,0,0,22938.82003,2043.019665,0.970141834,0.693896628,0.798828163,0.884057971,0.904761905,0.876067893,0.767494953,0.849890126,1,1
14,Females,33285,0.000120174,0.081298698,0,0,0.079041107,2451.790013,0,0,0.177548524,1554.574123,0.0005,0,0.051214173,677.0956125,0,0,0,16630.43822,0,0,0,22938.82003,2118.498297,0.970141834,0.693896628,0.798828163,0.884057971,0.904761905,0.876067893,0.767494953,0.849890126,1,1
15,Females,34209,5.85E-05,0.086588709,0,0,0.083975566,2451.790013,0,0,0.183499323,1554.574123,0.0005,0,0.056947408,677.0956125,0,0,0.077500183,16630.43822,0,0,0.082768024,22938.82003,2193.976928,0.970141834,0.693896628,0.798828163,0.884057971,0.904761905,0.876067893,0.767494953,0.849890126,1,1
16,Females,34644,0.00028865,0.090474868,0,0,0.083975566,2451.790013,0,0,0.183499323,1554.574123,0.0005,0,0.056947408,677.0956125,0,0,0.077500183,16630.43822,0,0,0.082768024,22938.82003,2269.45556,0.970141834,0.693896628,0.798828163,0.884057971,0.904761905,0.876067893,0.767494953,0.849890126,1,1
17,Females,35423,2.82E-05,0.09453544,0,0,0.083975566,2451.790013,0,0,0.183499323,1554.574123,0.0005,0,0.056947408,677.0956125,0,0,0.077500183,16630.43822,0,0,0.082768024,22938.82003,2344.934191,0.970141834,0.693896628,0.798828163,0.884057971,0.904761905,0.876067893,0.767494953,0.849890126,1,1
18,Females,37330,0.000160729,0.098778254,0,0,0.083975566,2451.790013,0,0,0.183499323,1554.574123,0.0005,0,0.056947408,677.0956125,0,0,0.077500183,16630.43822,0,0,0.082768024,22938.82003,2420.412822,0.970141834,0.693896628,0.798828163,0.884057971,0.904761905,0.876067893,0.767494953,0.849890126,1,1
19,Females,39617,0.000252417,0.103211487,0,0,0.083975566,2451.790013,0,0,0.183499323,1554.574123,0.0005,0,0.056947408,677.0956125,0,0.0009,0.077500183,16630.43822,0,0,0.082768024,22938.82003,2495.891454,0.970141834,0.693896628,0.798828163,0.884057971,0.904761905,0.876067893,0.767494953,0.849890126,1,1
20,Females,41333,0.000120969,0.107843688,0,0,0.088720641,2451.790013,0,0,0.185556092,1554.574123,0.0005,0,0.062810842,677.0956125,0,0.0027,0.086235161,16630.43822,0,0,0.062937241,22938.82003,2571.370085,0.970141834,0.693896628,0.798828163,0.884057971,0.904761905,0.876067893,0.767494953,0.849890126,1,1
21,Females,42048,0.000118912,0.109338663,0,0,0.088720641,2451.790013,0,0,0.185556092,1554.574123,0.0006,0,0.062810842,677.0956125,0,0.0055,0.086235161,16630.43822,0,0,0.062937241,22938.82003,2628.877298,0.970141834,0.693896628,0.798828163,0.884057971,0.904761905,0.876067893,0.767494953,0.849890126,1,1
22,Females,42838,0.00018675,0.110854362,0,0,0.088720641,2451.790013,0,0,0.185556092,1554.574123,0.0006,0,0.062810842,677.0956125,0,0.0091,0.086235161,16630.43822,0,0,0.062937241,22938.82003,2686.38451,0.970141834,0.693896628,0.798828163,0.884057971,0.904761905,0.876067893,0.767494953,0.849890126,1,1
23,Females,43931,0.00022763,0.112391072,0,0,0.088720641,2451.790013,0,0,0.185556092,1554.574123,0.0007,0,0.062810842,677.0956125,0,0.0137,0.086235161,16630.43822,0,0,0.062937241,22938.82003,2743.891723,0.970141834,0.693896628,0.798828163,0.884057971,0.904761905,0.876067893,0.767494953,0.849890126,1,1
24,Females,45943,4.35E-05,0.113949085,0,0,0.088720641,2451.790013,0,0,0.185556092,1554.574123,0.0007,0,0.062810842,677.0956125,0,0.0191,0.086235161,16630.43822,0,0,0.062937241,22938.82003,2801.398936,0.970141834,0.693896628,0.798828163,0.884057971,0.904761905,0.876067893,0.767494953,0.849890126,1,1
25,Females,47482,0.000147424,0.115528696,0,0.0003,0.094200522,2451.790013,0,0,0.187392512,1554.574123,0.0008,0,0.069113615,677.0956125,0,0.024,0.169909333,16630.43822,0,0.0003,0.066452034,22938.82003,2858.906149,0.970141834,0.693896628,0.798828163,0.884057971,0.904761905,0.876067893,0.767494953,0.849890126,1,1
26,Females,47692,0.000230647,0.117335352,0,0.0009,0.094200522,2451.790013,0,0,0.187392512,1554.574123,0.0009,0,0.069113615,677.0956125,0.0001,0.0274,0.169909333,16630.43822,0,0.0007,0.066452034,22938.82003,2916.413361,0.970141834,0.693896628,0.798828163,0.884057971,0.904761905,0.876067893,0.767494953,0.849890126,1,1
27,Females,47734,0.000188545,0.119170261,0.0001,0.0018,0.094200522,2451.790013,0,0,0.187392512,1554.574123,0.001,0.0001,0.069113615,677.0956125,0.0001,0.0294,0.169909333,16630.43822,0,0.0015,0.066452034,22938.82003,2973.920574,0.970141834,0.693896628,0.798828163,0.884057971,0.904761905,0.876067893,0.767494953,0.849890126,1,1
28,Females,47335,0.000232386,0.121033865,0.0001,0.003,0.094200522,2451.790013,0,0,0.187392512,1554.574123,0.0011,0.0001,0.069113615,677.0956125,0.0001,0.0298,0.169909333,16630.43822,0,0.0025,0.066452034,22938.82003,3031.427787,0.970141834,0.693896628,0.798828163,0.884057971,0.904761905,0.876067893,0.767494953,0.849890126,1,1
29,Females,48097,0.000166331,0.122926612,0.0001,0.0044,0.094200522,2451.790013,0,0,0.187392512,1554.574123,0.0012,0.0002,0.069113615,677.0956125,0.0002,0.0288,0.169909333,16630.43822,0,0.0037,0.066452034,22938.82003,3088.934999,0.970141834,0.693896628,0.798828163,0.884057971,0.904761905,0.876067893,0.767494953,0.849890126,1,1
30,Females,48028,2.08E-05,0.124848958,0.0001,0.0062,0.093863139,2451.790013,0,0,0.177005952,1554.574123,0.0013,0.0002,0.073170562,677.0956125,0.0002,0.0264,0.195536588,16630.43822,0,0.0051,0.070521226,22938.82003,3146.442212,0.970141834,0.693896628,0.798828163,0.884057971,0.904761905,0.876067893,0.767494953,0.849890126,1,1
31,Females,47453,0.000316102,0.126234707,0.0001,0.0082,0.093863139,2451.790013,0,0,0.177005952,1554.574123,0.0014,0.0003,0.073170562,677.0956125,0.0003,0.0231,0.195536588,16630.43822,0,0.0067,0.070521226,22938.82003,3116.800505,0.970141834,0.693896628,0.798828163,0.884057971,0.904761905,0.876067893,0.767494953,0.849890126,1,1
32,Females,46916,0.000426294,0.127635837,0.0001,0.0102,0.093863139,2451.790013,0.0001,0,0.177005952,1554.574123,0.0015,0.0003,0.073170562,677.0956125,0.0003,0.0205,0.195536588,16630.43822,0,0.0081,0.070521226,22938.82003,3087.158798,0.970141834,0.693896628,0.798828163,0.884057971,0.904761905,0.876067893,0.767494953,0.849890126,1,1
33,Females,45676,0.000350293,0.129052519,0.0001,0.0121,0.093863139,2451.790013,0.0001,0,0.177005952,1554.574123,0.0016,0.0004,0.073170562,677.0956125,0.0004,0.0186,0.195536588,16630.43822,0,0.0094,0.070521226,22938.82003,3057.517092,0.970141834,0.693896628,0.798828163,0.884057971,0.904761905,0.876067893,0.767494953,0.849890126,1,1
34,Females,44501,0.0003146,0.130484925,0.0001,0.014,0.093863139,2451.790013,0.0001,0,0.177005952,1554.574123,0.0017,0.0004,0.073170562,677.0956125,0.0005,0.0174,0.195536588,16630.43822,0.0001,0.0106,0.070521226,22938.82003,3027.875385,0.970141834,0.693896628,0.798828163,0.884057971,0.904761905,0.876067893,0.767494953,0.849890126,1,1
35,Females,43037,0.000697075,0.13193323,0.0001,0.0158,0.100574979,2451.790013,0.0001,0,0.179612339,1554.574123,0.0018,0.0004,0.075364584,677.0956125,0.0005,0.0169,0.140535055,16630.43822,0.0001,0.0116,0.097342916,22938.82003,2998.233678,0.970141834,0.693896628,0.798828163,0.884057971,0.904761905,0.876067893,0.767494953,0.849890126,1,1
36,Females,41578,0.000481024,0.133223051,0.0001,0.0176,0.100574979,2451.790013,0.0001,0,0.179612339,1554.574123,0.0019,0.0004,0.075364584,677.0956125,0.0006,0.0171,0.140535055,16630.43822,0.0001,0.0125,0.097342916,22938.82003,2968.591971,0.970141834,0.693896628,0.798828163,0.884057971,0.904761905,0.876067893,0.767494953,0.849890126,1,1
37,Females,40436,0.000593531,0.134525482,0.0001,0.0191,0.100574979,2451.790013,0.0001,0.0002,0.179612339,1554.574123,0.002,0.0004,0.075364584,677.0956125,0.0007,0.0178,0.140535055,16630.43822,0.0001,0.013,0.097342916,22938.82003,2938.950264,0.970141834,0.693896628,0.798828163,0.884057971,0.904761905,0.876067893,0.767494953,0.849890126,1,1
38,Females,39826,0.000477075,0.135840646,0.0001,0.0202,0.100574979,2451.790013,0.0001,0.0004,0.179612339,1554.574123,0.0021,0.0004,0.075364584,677.0956125,0.0008,0.0182,0.140535055,16630.43822,0.0001,0.0133,0.097342916,22938.82003,2909.308557,0.970141834,0.693896628,0.798828163,0.884057971,0.904761905,0.876067893,0.767494953,0.849890126,1,1
39,Females,40099,0.000748148,0.137168667,0.0002,0.0211,0.100574979,2451.790013,0.0001,0.0008,0.179612339,1554.574123,0.0022,0.0003,0.075364584,677.0956125,0.0009,0.0183,0.140535055,16630.43822,0.0001,0.0134,0.097342916,22938.82003,2879.666851,0.970141834,0.693896628,0.798828163,0.884057971,0.904761905,0.876067893,0.767494953,0.849890126,1,1
40,Females,40497,0.000691409,0.138509671,0.0002,0.0216,0.097142395,2451.790013,0.0001,0.0013,0.176097141,1554.574123,0.0023,0.0003,0.077196066,677.0956125,0.0011,0.0182,0.134590788,16630.43822,0.0001,0.0133,0.083783893,22938.82003,2850.025144,0.970141834,0.693896628,0.798828163,0.884057971,0.904761905,0.876067893,0.767494953,0.849890126,1,1
41,Females,41499,0.000626521,0.140003542,0.0002,0.0218,0.097142395,2451.790013,0.0001,0.0019,0.176097141,1554.574123,0.0025,0.0003,0.077196066,677.0956125,0.0012,0.0179,0.134590788,16630.43822,0.0001,0.0131,0.083783893,22938.82003,2900.586952,0.970141834,0.693896628,0.798828163,0.884057971,0.904761905,0.876067893,0.767494953,0.849890126,1,1
42,Females,42245,0.000970529,0.141513524,0.0003,0.0217,0.097142395,2451.790013,0.0001,0.0027,0.176097141,1554.574123,0.0027,0.0003,0.077196066,677.0956125,0.0014,0.0173,0.134590788,16630.43822,0.0001,0.0126,0.083783893,22938.82003,2951.148761,0.970141834,0.693896628,0.798828163,0.884057971,0.904761905,0.876067893,0.767494953,0.849890126,1,1
43,Females,43804,0.000958817,0.143039791,0.0003,0.0214,0.097142395,2451.790013,0.0001,0.0034,0.176097141,1554.574123,0.0029,0.0003,0.077196066,677.0956125,0.0016,0.0165,0.134590788,16630.43822,0.0001,0.0122,0.083783893,22938.82003,3001.710569,0.970141834,0.693896628,0.798828163,0.884057971,0.904761905,0.876067893,0.767494953,0.849890126,1,1
44,Females,45303,0.00086087,0.14458252,0.0003,0.0211,0.097142395,2451.790013,0.0001,0.004,0.176097141,1554.574123,0.0031,0.0003,0.077196066,677.0956125,0.0018,0.0158,0.134590788,16630.43822,0.0002,0.012,0.083783893,22938.82003,3052.272378,0.970141834,0.693896628,0.798828163,0.884057971,0.904761905,0.876067893,0.767494953,0.849890126,1,1
45,Females,43399,0.001082974,0.146141888,0.0004,0.0209,0.10193791,2451.790013,0.0001,0.0044,0.179090789,1554.574123,0.0033,0.0003,0.078970771,677.0956125,0.0019,0.0152,0.123660643,16630.43822,0.0002,0.0121,0.092318674,22938.82003,3102.834186,0.970141834,0.693896628,0.798828163,0.884057971,0.904761905,0.876067893,0.767494953,0.849890126,1,1
46,Females,42385,0.001226849,0.147154518,0.0004,0.0207,0.10193791,2451.790013,0.0001,0.0046,0.179090789,1554.574123,0.0035,0.0003,0.078970771,677.0956125,0.0021,0.0147,0.123660643,16630.43822,0.0002,0.0124,0.092318674,22938.82003,3153.395995,0.970141834,0.693896628,0.798828163,0.884057971,0.904761905,0.876067893,0.767494953,0.849890126,1,1
47,Females,41105,0.001192069,0.148174164,0.0005,0.0206,0.10193791,2451.790013,0.0001,0.0047,0.179090789,1554.574123,0.0038,0.0003,0.078970771,677.0956125,0.0023,0.0142,0.123660643,16630.43822,0.0002,0.013,0.092318674,22938.82003,3203.957803,0.970141834,0.693896628,0.798828163,0.884057971,0.904761905,0.876067893,0.767494953,0.849890126,1,1
48,Females,39575,0.00149084,0.149200876,0.0005,0.0205,0.10193791,2451.790013,0.0001,0.0047,0.179090789,1554.574123,0.004,0.0004,0.078970771,677.0956125,0.0024,0.0138,0.123660643,16630.43822,0.0003,0.0138,0.092318674,22938.82003,3254.519612,0.970141834,0.693896628,0.798828163,0.884057971,0.904761905,0.876067893,0.767494953,0.849890126,1,1
49,Females,39259,0.00122265,0.150234701,0.0006,0.0204,0.10193791,2451.790013,0.0001,0.0045,0.179090789,1554.574123,0.0043,0.0004,0.078970771,677.0956125,0.0026,0.0135,0.123660643,16630.43822,0.0003,0.0147,0.092318674,22938.82003,3305.08142,0.970141834,0.693896628,0.798828163,0.884057971,0.904761905,0.876067893,0.767494953,0.849890126,1,1
50,Females,38893,0.001671252,0.151275691,0.0006,0.0203,0.101186704,2451.790013,0.0002,0.0043,0.177745184,1554.574123,0.0046,0.0004,0.07979587,677.0956125,0.0027,0.0132,0.085460822,16630.43822,0.0003,0.0152,0.079754562,22938.82003,3355.643229,0.970141834,0.693896628,0.798828163,0.884057971,0.904761905,0.876067893,0.767494953,0.849890126,1,1
51,Females,39602,0.001338316,0.152847979,0.0007,0.0202,0.101186704,2410.092742,0.0002,0.004,0.177745184,1678.922004,0.0048,0.0004,0.07979587,710.988908,0.0028,0.0128,0.085460822,16372.05922,0.0004,0.0155,0.079754562,22833.47781,3477.737399,0.970141834,0.693896628,0.798828163,0.884057971,0.904761905,0.876067893,0.767494953,0.849890126,1,1
52,Females,39782,0.00201096,0.154436609,0.0008,0.02,0.101186704,2368.395472,0.0002,0.0038,0.177745184,1803.269885,0.0051,0.0005,0.07979587,744.8822035,0.0029,0.0125,0.085460822,16113.68022,0.0004,0.0155,0.079754562,22728.1356,3599.831569,0.970141834,0.693896628,0.798828163,0.884057971,0.904761905,0.876067893,0.767494953,0.849890126,1,1
53,Females,39481,0.00205162,0.15604175,0.0008,0.0197,0.101186704,2326.698201,0.0002,0.0036,0.177745184,1927.617766,0.0054,0.0005,0.07979587,778.7754989,0.003,0.0121,0.085460822,15855.30122,0.0005,0.0152,0.079754562,22622.79338,3721.925739,0.970141834,0.693896628,0.798828163,0.884057971,0.904761905,0.876067893,0.767494953,0.849890126,1,1
54,Females,39393,0.002208514,0.157663574,0.0009,0.0194,0.101186704,2285.000931,0.0002,0.0034,0.177745184,2051.965647,0.0056,0.0005,0.07979587,812.6687944,0.003,0.0118,0.085460822,15596.92222,0.0005,0.0147,0.079754562,22517.45116,3844.019909,0.970141834,0.693896628,0.798828163,0.884057971,0.904761905,0.876067893,0.767494953,0.849890126,1,1
55,Females,38515,0.00238868,0.159302255,0.001,0.0194,0.099604173,2243.30366,0.0002,0.0034,0.177289983,2176.313528,0.0059,0.0005,0.079413069,846.5620899,0.0031,0.0115,0.070857081,15338.54322,0.0006,0.014,0.096717658,22412.10895,3966.11408,0.970141834,0.693896628,0.798828163,0.884057971,0.904761905,0.876067893,0.767494953,0.849890126,1,1
56,Females,37479,0.002934977,0.161974678,0.0011,0.0196,0.099604173,2201.60639,0.0002,0.0035,0.177289983,2300.661409,0.0061,0.0006,0.079413069,880.4553853,0.0032,0.0112,0.070857081,15080.16422,0.0006,0.0134,0.096717658,22306.76673,4088.20825,0.970141834,0.693896628,0.798828163,0.884057971,0.904761905,0.876067893,0.767494953,0.849890126,1,1
57,Females,36860,0.003065654,0.164691933,0.0012,0.02,0.099604173,2159.909119,0.0003,0.0039,0.177289983,2425.00929,0.0064,0.0006,0.079413069,914.3486808,0.0033,0.011,0.070857081,14821.78522,0.0007,0.013,0.096717658,22201.42452,4210.30242,0.970141834,0.693896628,0.798828163,0.884057971,0.904761905,0.876067893,0.767494953,0.849890126,1,1
58,Females,35945,0.003115871,0.167454772,0.0013,0.0208,0.099604173,2118.211849,0.0003,0.0044,0.177289983,2549.357171,0.0066,0.0007,0.079413069,948.2419762,0.0034,0.0109,0.070857081,14563.40622,0.0008,0.0127,0.096717658,22096.0823,4332.39659,0.970141834,0.693896628,0.798828163,0.884057971,0.904761905,0.876067893,0.767494953,0.849890126,1,1
59,Females,35424,0.003528681,0.170263959,0.0015,0.0218,0.099604173,2076.514578,0.0003,0.0052,0.177289983,2673.705052,0.0068,0.0007,0.079413069,982.1352717,0.0035,0.0108,0.070857081,14305.02722,0.0009,0.0125,0.096717658,21990.74008,4454.490761,0.970141834,0.693896628,0.798828163,0.884057971,0.904761905,0.876067893,0.767494953,0.849890126,1,1
60,Females,34410,0.003574542,0.173120274,0.0016,0.023,0.107647927,2034.817308,0.0004,0.0061,0.185416482,2798.052933,0.0069,0.0008,0.078693107,1016.028567,0.0036,0.0108,0.073103997,14046.64822,0.001,0.0125,0.077691733,21885.39787,4576.584931,0.970141834,0.693896628,0.798828163,0.884057971,0.904761905,0.876067893,0.767494953,0.849890126,1,1
61,Females,33420,0.003231598,0.176328851,0.0018,0.0243,0.107647927,2044.8101,0.0004,0.0072,0.185416482,3201.753415,0.0071,0.0009,0.078693107,1026.730152,0.0038,0.0108,0.073103997,14195.96258,0.0011,0.0125,0.077691733,22004.38999,4831.48946,0.970141834,0.693896628,0.798828163,0.884057971,0.904761905,0.876067893,0.767494953,0.849890126,1,1
62,Females,32794,0.004756968,0.179596896,0.002,0.0254,0.107647927,2054.802893,0.0005,0.0081,0.185416482,3605.453898,0.0072,0.0009,0.078693107,1037.431736,0.0039,0.0107,0.073103997,14345.27695,0.0012,0.0124,0.077691733,22123.38211,5086.393989,0.970141834,0.693896628,0.798828163,0.884057971,0.904761905,0.876067893,0.767494953,0.849890126,1,1
63,Females,31780,0.004153556,0.182925511,0.0022,0.0263,0.107647927,2064.795686,0.0005,0.009,0.185416482,4009.15438,0.0072,0.001,0.078693107,1048.133321,0.004,0.0105,0.073103997,14494.59131,0.0013,0.0123,0.077691733,22242.37423,5341.298518,0.970141834,0.693896628,0.798828163,0.884057971,0.904761905,0.876067893,0.767494953,0.849890126,1,1
64,Females,31450,0.004864865,0.186315817,0.0024,0.0269,0.107647927,2074.788479,0.0006,0.0098,0.185416482,4412.854863,0.0072,0.0011,0.078693107,1058.834905,0.0041,0.0103,0.073103997,14643.90568,0.0014,0.0121,0.077691733,22361.36636,5596.203046,0.970141834,0.693896628,0.798828163,0.884057971,0.904761905,0.876067893,0.767494953,0.849890126,1,1
65,Females,30833,0.005221678,0.189768958,0.0026,0.0274,0.108620668,2084.781271,0.0006,0.0106,0.17766706,4816.555345,0.0072,0.0011,0.07801966,1069.53649,0.0041,0.01,0.063449306,14793.22004,0.0015,0.0119,0.067884784,22480.35848,5851.107575,0.970141834,0.693896628,0.798828163,0.884057971,0.904761905,0.876067893,0.767494953,0.849890126,1,1
66,Females,29812,0.006071381,0.193970441,0.0028,0.0276,0.108620668,2094.774064,0.0007,0.0112,0.17766706,5220.255828,0.0072,0.0012,0.07801966,1080.238075,0.0041,0.0096,0.063449306,14942.53441,0.0016,0.0116,0.067884784,22599.3506,6106.012104,0.970141834,0.693896628,0.798828163,0.884057971,0.904761905,0.876067893,0.767494953,0.849890126,1,1
67,Females,29830,0.007710359,0.198264945,0.0031,0.028,0.108620668,2104.766857,0.0008,0.012,0.17766706,5623.95631,0.007,0.0013,0.07801966,1090.939659,0.0042,0.0092,0.063449306,15091.84877,0.0018,0.0112,0.067884784,22718.34272,6360.916633,0.970141834,0.693896628,0.798828163,0.884057971,0.904761905,0.876067893,0.767494953,0.849890126,1,1
68,Females,30180,0.008250497,0.202654529,0.0034,0.0287,0.108620668,2114.75965,0.0008,0.0129,0.17766706,6027.656793,0.0068,0.0014,0.07801966,1101.641244,0.0041,0.0089,0.063449306,15241.16314,0.0019,0.011,0.067884784,22837.33485,6615.821162,0.970141834,0.693896628,0.798828163,0.884057971,0.904761905,0.876067893,0.767494953,0.849890126,1,1
69,Females,26698,0.007790846,0.207141298,0.0037,0.0298,0.108620668,2124.752442,0.0009,0.0139,0.17766706,6431.357275,0.0065,0.0015,0.07801966,1112.342828,0.0041,0.0086,0.063449306,15390.4775,0.0021,0.0109,0.067884784,22956.32697,6870.725691,0.970141834,0.693896628,0.798828163,0.884057971,0.904761905,0.876067893,0.767494953,0.849890126,1,1
70,Females,24414,0.008437782,0.211727404,0.004,0.0313,0.115010973,2134.745235,0.001,0.0151,0.17886529,6835.057757,0.0062,0.0016,0.077991529,1123.044413,0.0041,0.0084,0.057017333,15539.79187,0.0022,0.0108,0.063113464,23075.31909,7125.63022,0.970141834,0.693896628,0.798828163,0.884057971,0.904761905,0.876067893,0.767494953,0.849890126,1,1
71,Females,23426,0.010799966,0.216098082,0.0044,0.0332,0.115010973,2130.623134,0.0012,0.0165,0.17886529,7910.017486,0.0058,0.0018,0.077991529,1110.415267,0.0041,0.0083,0.057017333,15686.62787,0.0024,0.0109,0.063113464,23091.59995,7555.216807,0.970141834,0.693896628,0.798828163,0.884057971,0.904761905,0.876067893,0.767494953,0.849890126,1,1
72,Females,21469,0.011365224,0.220558984,0.0048,0.0354,0.115010973,2126.501033,0.0013,0.018,0.17886529,8984.977215,0.0054,0.0019,0.077991529,1097.786122,0.004,0.0083,0.057017333,15833.46387,0.0025,0.011,0.063113464,23107.88081,7984.803394,0.970141834,0.693896628,0.798828163,0.884057971,0.904761905,0.876067893,0.767494953,0.849890126,1,1
73,Females,20805,0.01297765,0.225111972,0.0053,0.0384,0.115010973,2122.378931,0.0014,0.0204,0.17886529,10059.93694,0.0049,0.0021,0.077991529,1085.156976,0.004,0.0083,0.057017333,15980.29987,0.0027,0.0112,0.063113464,23124.16167,8414.389981,0.970141834,0.693896628,0.798828163,0.884057971,0.904761905,0.876067893,0.767494953,0.849890126,1,1
74,Females,19704,0.014768575,0.229758947,0.0057,0.0418,0.115010973,2118.25683,0.0015,0.0234,0.17886529,11134.89667,0.0044,0.0023,0.077991529,1072.527831,0.0039,0.0084,0.057017333,16127.13587,0.0029,0.0114,0.063113464,23140.44253,8843.976569,0.970141834,0.693896628,0.798828163,0.884057971,0.904761905,0.876067893,0.767494953,0.849890126,1,1
75,Females,18881,0.016683438,0.234501849,0.0062,0.0455,0.119895807,2114.134729,0.0017,0.027,0.178100232,12209.8564,0.004,0.0026,0.078783397,1059.898685,0.0039,0.0085,0.057324878,16273.97187,0.0031,0.0117,0.057266268,23156.72339,9273.563156,0.970141834,0.693896628,0.798828163,0.884057971,0.904761905,0.876067893,0.767494953,0.849890126,1,1
76,Females,18033,0.020850663,0.237248469,0.0067,0.0497,0.119895807,2110.012627,0.0018,0.0313,0.178100232,13284.81613,0.0035,0.0029,0.078783397,1047.269539,0.0038,0.0087,0.057324878,16420.80787,0.0032,0.012,0.057266268,23173.00425,9703.149743,0.970141834,0.693896628,0.798828163,0.884057971,0.904761905,0.876067893,0.767494953,0.849890126,1,1
77,Females,17291,0.019663409,0.240027258,0.0072,0.0543,0.119895807,2105.890526,0.002,0.0363,0.178100232,14359.77586,0.003,0.0032,0.078783397,1034.640394,0.0038,0.0089,0.057324878,16567.64388,0.0034,0.0123,0.057266268,23189.28511,10132.73633,0.970141834,0.693896628,0.798828163,0.884057971,0.904761905,0.876067893,0.767494953,0.849890126,1,1
78,Females,16334,0.0264479,0.242838595,0.0078,0.0593,0.119895807,2101.768425,0.0021,0.0419,0.178100232,15434.73559,0.0025,0.0035,0.078783397,1022.011248,0.0038,0.0091,0.057324878,16714.47988,0.0036,0.0126,0.057266268,23205.56597,10562.32292,0.970141834,0.693896628,0.798828163,0.884057971,0.904761905,0.876067893,0.767494953,0.849890126,1,1
79,Females,15630,0.026807422,0.245682859,0.0085,0.0661,0.119895807,2097.646323,0.0023,0.0493,0.178100232,16509.69532,0.0021,0.004,0.078783397,1009.382103,0.0038,0.0094,0.057324878,16861.31588,0.0038,0.013,0.057266268,23221.84683,10991.9095,0.970141834,0.693896628,0.798828163,0.884057971,0.904761905,0.876067893,0.767494953,0.849890126,1,1
80,Females,14550,0.033264605,0.248560437,0.0093,0.0742,0.134897599,2093.524222,0.0025,0.0577,0.189206884,17584.65505,0.0017,0.0045,0.074317756,996.7529573,0.0038,0.0098,0.053981422,17008.15188,0.004,0.0134,0.054430473,23238.1277,11421.49609,0.970141834,0.693896628,0.798828163,0.884057971,0.904761905,0.876067893,0.767494953,0.849890126,1,1
81,Females,13835,0.036790748,0.248411075,0.0102,0.0838,0.134897599,2093.524222,0.0028,0.0673,0.189206884,17584.65505,0.0014,0.0051,0.074317756,996.7529573,0.0038,0.0102,0.053981422,17008.15188,0.0042,0.0138,0.054430473,23238.1277,13407.70767,0.970141834,0.693896628,0.798828163,0.884057971,0.904761905,0.876067893,0.767494953,0.849890126,1,1
82,Females,13219,0.045237915,0.25049648,0.0112,0.0947,0.134897599,2093.524222,0.0031,0.078,0.189206884,17584.65505,0.0012,0.0058,0.074317756,996.7529573,0.0038,0.0106,0.053981422,17008.15188,0.0044,0.0143,0.054430473,23238.1277,15393.91926,0.970141834,0.693896628,0.798828163,0.884057971,0.904761905,0.876067893,0.767494953,0.849890126,1,1
83,Females,12421,0.048788342,0.252593509,0.0124,0.107,0.134897599,2093.524222,0.0034,0.0897,0.189206884,17584.65505,0.001,0.0065,0.074317756,996.7529573,0.0039,0.0111,0.053981422,17008.15188,0.0046,0.0148,0.054430473,23238.1277,17380.13084,0.970141834,0.693896628,0.798828163,0.884057971,0.904761905,0.876067893,0.767494953,0.849890126,1,1
84,Females,12033,0.056926785,0.254702127,0.0137,0.1207,0.134897599,2093.524222,0.0038,0.1026,0.189206884,17584.65505,0.0009,0.0074,0.074317756,996.7529573,0.0039,0.0117,0.053981422,17008.15188,0.0049,0.0153,0.054430473,23238.1277,19366.34242,0.970141834,0.693896628,0.798828163,0.884057971,0.904761905,0.876067893,0.767494953,0.849890126,1,1
85,Females,11554,0.070105591,0.2568223,0.0155,0.1395,0.134897599,2093.524222,0.0044,0.1221,0.189206884,17584.65505,0.0009,0.0085,0.074317756,996.7529573,0.0039,0.0123,0.053981422,17008.15188,0.0051,0.016,0.054430473,23238.1277,21352.554,0.970141834,0.693896628,0.798828163,0.884057971,0.904761905,0.876067893,0.767494953,0.849890126,1,1
86,Females,10462,0.080194991,0.258953988,0.0176,0.1618,0.134897599,2093.524222,0.0051,0.1472,0.189206884,17584.65505,0.0008,0.01,0.074317756,996.7529573,0.004,0.0129,0.053981422,17008.15188,0.0054,0.0166,0.054430473,23238.1277,21352.554,0.970141834,0.693896628,0.798828163,0.884057971,0.904761905,0.876067893,0.767494953,0.849890126,1,1
87,Females,9543,0.092318977,0.261097154,0.02,0.1878,0.134897599,2093.524222,0.006,0.1779,0.189206884,17584.65505,0.0008,0.0116,0.074317756,996.7529573,0.004,0.0135,0.053981422,17008.15188,0.0057,0.0173,0.054430473,23238.1277,21352.554,0.970141834,0.693896628,0.798828163,0.884057971,0.904761905,0.876067893,0.767494953,0.849890126,1,1
88,Females,8729,0.099438653,0.263251757,0.0229,0.2175,0.134897599,2093.524222,0.007,0.2141,0.189206884,17584.65505,0.0008,0.0135,0.074317756,996.7529573,0.004,0.0141,0.053981422,17008.15188,0.0061,0.018,0.054430473,23238.1277,21352.554,0.970141834,0.693896628,0.798828163,0.884057971,0.904761905,0.876067893,0.767494953,0.849890126,1,1
89,Females,7818,0.110897928,0.265417752,0.026,0.2508,0.134897599,2093.524222,0.0082,0.256,0.189206884,17584.65505,0.0007,0.0157,0.074317756,996.7529573,0.0041,0.0148,0.053981422,17008.15188,0.0064,0.0188,0.054430473,23238.1277,21352.554,0.970141834,0.693896628,0.798828163,0.884057971,0.904761905,0.876067893,0.767494953,0.849890126,1,1
90,Females,6602,0.145107543,0.267595097,0.0295,0.2877,0.134897599,2235.806342,0.0095,0.3034,0.189206884,26341.86568,0.0007,0.0181,0.074317756,573.6740955,0.0042,0.0154,0.053981422,16759.30444,0.0068,0.0196,0.054430473,22147.43973,21352.554,0.970141834,0.693896628,0.798828163,0.884057971,0.904761905,0.876067893,0.767494953,0.849890126,1,1
91,Females,5630,0.159147425,0.269783743,0.0336,0.3266,0.134897599,2235.806342,0.0112,0.3563,0.189206884,26341.86568,0.0006,0.021,0.074317756,573.6740955,0.0042,0.0161,0.053981422,16759.30444,0.0072,0.0204,0.054430473,22147.43973,21352.554,0.970141834,0.693896628,0.798828163,0.884057971,0.904761905,0.876067893,0.767494953,0.849890126,1,1
92,Females,4650,0.176774194,0.271983642,0.0378,0.3638,0.134897599,2235.806342,0.0129,0.4091,0.189206884,26341.86568,0.0006,0.0243,0.074317756,573.6740955,0.0043,0.0168,0.053981422,16759.30444,0.0076,0.0212,0.054430473,22147.43973,21352.554,0.970141834,0.693896628,0.798828163,0.884057971,0.904761905,0.876067893,0.767494953,0.849890126,1,1
93,Females,3709,0.201132381,0.274194744,0.0422,0.3993,0.134897599,2235.806342,0.0149,0.4619,0.189206884,26341.86568,0.0005,0.0279,0.074317756,573.6740955,0.0043,0.0174,0.053981422,16759.30444,0.0081,0.022,0.054430473,22147.43973,21352.554,0.970141834,0.693896628,0.798828163,0.884057971,0.904761905,0.876067893,0.767494953,0.849890126,1,1
94,Females,2967,0.224469161,0.276416996,0.0468,0.433,0.134897599,2235.806342,0.0169,0.5147,0.189206884,26341.86568,0.0005,0.0318,0.074317756,573.6740955,0.0044,0.0181,0.053981422,16759.30444,0.0085,0.0228,0.054430473,22147.43973,21352.554,0.970141834,0.693896628,0.798828163,0.884057971,0.904761905,0.876067893,0.767494953,0.849890126,1,1
95,Females,2147,0.234746157,0.278650345,0.0516,0.4651,0.134897599,2235.806342,0.0191,0.5674,0.189206884,26341.86568,0.0005,0.036,0.074317756,573.6740955,0.0044,0.0188,0.053981422,16759.30444,0.0089,0.0235,0.054430473,22147.43973,21352.554,0.970141834,0.693896628,0.798828163,0.884057971,0.904761905,0.876067893,0.767494953,0.849890126,1,1
96,Females,1416,0.26059322,0.280894733,0.0565,0.4955,0.134897599,2235.806342,0.0215,0.62,0.189206884,26341.86568,0.0004,0.0406,0.074317756,573.6740955,0.0045,0.0194,0.053981422,16759.30444,0.0094,0.0243,0.054430473,22147.43973,21352.554,0.970141834,0.693896628,0.798828163,0.884057971,0.904761905,0.876067893,0.767494953,0.849890126,1,1
97,Females,1006,0.337972167,0.283150102,0.0609,0.52,0.134897599,2235.806342,0.0236,0.6651,0.189206884,26341.86568,0.0004,0.0447,0.074317756,573.6740955,0.0045,0.02,0.053981422,16759.30444,0.0098,0.0249,0.054430473,22147.43973,21352.554,0.970141834,0.693896628,0.798828163,0.884057971,0.904761905,0.876067893,0.767494953,0.849890126,1,1
98,Females,733,0.343792633,0.285416393,0.0658,0.5471,0.134897599,2235.806342,0.026,0.7147,0.189206884,26341.86568,0.0003,0.0493,0.074317756,573.6740955,0.0046,0.0206,0.053981422,16759.30444,0.0102,0.0255,0.054430473,22147.43973,21352.554,0.970141834,0.693896628,0.798828163,0.884057971,0.904761905,0.876067893,0.767494953,0.849890126,1,1
99,Females,494,0.358299595,0.287693544,0.0702,0.5719,0.134897599,2235.806342,0.0281,0.7603,0.189206884,26341.86568,0.0003,0.0535,0.074317756,573.6740955,0.0046,0.0212,0.053981422,16759.30444,0.0106,0.0262,0.054430473,22147.43973,21352.554,0.970141834,0.693896628,0.798828163,0.884057971,0.904761905,0.876067893,0.767494953,0.849890126,1,1
100,Females,843,0.422301305,0.289981489,0.0719,0.5815,0.134897599,2235.806342,0.0289,0.7778,0.189206884,26341.86568,0.0003,0.0552,0.074317756,573.6740955,0.0047,0.0214,0.053981422,16759.30444,0.0107,0.0264,0.054430473,22147.43973,21352.554,0.970141834,0.693896628,0.798828163,0.884057971,0.904761905,0.876067893,0.767494953,0.849890126,1,1
